#
# TABLE STRUCTURE FOR: achievement
#
DELETE FROM user_language;
DELETE FROM rating;
DELETE FROM meetup_topic;
DELETE FROM followers;
DELETE FROM meetup_attendees;
DELETE FROM meetup;
DELETE FROM ban;
DELETE FROM user;
DELETE FROM topic;
DELETE FROM state;
DELETE FROM ban_reason;
DELETE FROM language;
DELETE FROM role;

INSERT INTO `role` VALUES ('admin',2), ('user',1);

INSERT INTO `language` (`name`, `uid`) VALUES ('ea', 1);
INSERT INTO `language` (`name`, `uid`) VALUES ('amet', 2);
INSERT INTO `language` (`name`, `uid`) VALUES ('ex', 3);
INSERT INTO `language` (`name`, `uid`) VALUES ('voluptatem', 4);
INSERT INTO `language` (`name`, `uid`) VALUES ('voluptate', 5);
INSERT INTO `language` (`name`, `uid`) VALUES ('et', 6);
INSERT INTO `language` (`name`, `uid`) VALUES ('aut', 7);
INSERT INTO `language` (`name`, `uid`) VALUES ('amet', 8);
INSERT INTO `language` (`name`, `uid`) VALUES ('impedit', 9);
INSERT INTO `language` (`name`, `uid`) VALUES ('et', 10);

INSERT INTO `ban_reason` (`name`, `uid`) VALUES ('quia', 1);
INSERT INTO `ban_reason` (`name`, `uid`) VALUES ('possimus', 2);
INSERT INTO `ban_reason` (`name`, `uid`) VALUES ('nobis', 3);
INSERT INTO `ban_reason` (`name`, `uid`) VALUES ('impedit', 4);
INSERT INTO `ban_reason` (`name`, `uid`) VALUES ('enim', 5);
INSERT INTO `ban_reason` (`name`, `uid`) VALUES ('molestias', 6);
INSERT INTO `ban_reason` (`name`, `uid`) VALUES ('ex', 7);
INSERT INTO `ban_reason` (`name`, `uid`) VALUES ('iste', 8);
INSERT INTO `ban_reason` (`name`, `uid`) VALUES ('earum', 9);
INSERT INTO `ban_reason` (`name`, `uid`) VALUES ('eius', 10);
INSERT INTO `ban_reason` (`name`, `uid`) VALUES ('numquam', 11);
INSERT INTO `ban_reason` (`name`, `uid`) VALUES ('hic', 12);
INSERT INTO `ban_reason` (`name`, `uid`) VALUES ('occaecati', 13);
INSERT INTO `ban_reason` (`name`, `uid`) VALUES ('est', 14);
INSERT INTO `ban_reason` (`name`, `uid`) VALUES ('odio', 15);
INSERT INTO `ban_reason` (`name`, `uid`) VALUES ('laboriosam', 16);
INSERT INTO `ban_reason` (`name`, `uid`) VALUES ('et', 17);
INSERT INTO `ban_reason` (`name`, `uid`) VALUES ('soluta', 18);
INSERT INTO `ban_reason` (`name`, `uid`) VALUES ('non', 19);
INSERT INTO `ban_reason` (`name`, `uid`) VALUES ('nihil', 20);

INSERT INTO `state` (`name`, `uid`) VALUES ('Scheduled', 1);
INSERT INTO `state` (`name`, `uid`) VALUES ('Booked', 2);
INSERT INTO `state` (`name`, `uid`) VALUES ('Canceled', 3);
INSERT INTO `state` (`name`, `uid`) VALUES ('In progress', 4);
INSERT INTO `state` (`name`, `uid`) VALUES ('Terminated', 5);
INSERT INTO `state` (`name`, `uid`) VALUES ('Passed', 6);


INSERT INTO `topic` (`name`, `uid`) VALUES ('nostrum', 1);
INSERT INTO `topic` (`name`, `uid`) VALUES ('consequatur', 2);
INSERT INTO `topic` (`name`, `uid`) VALUES ('minima', 3);
INSERT INTO `topic` (`name`, `uid`) VALUES ('quasi', 4);
INSERT INTO `topic` (`name`, `uid`) VALUES ('impedit', 5);
INSERT INTO `topic` (`name`, `uid`) VALUES ('ipsam', 6);
INSERT INTO `topic` (`name`, `uid`) VALUES ('est', 7);
INSERT INTO `topic` (`name`, `uid`) VALUES ('eos', 8);
INSERT INTO `topic` (`name`, `uid`) VALUES ('dolores', 9);
INSERT INTO `topic` (`name`, `uid`) VALUES ('voluptas', 10);
INSERT INTO `topic` (`name`, `uid`) VALUES ('deleniti', 11);
INSERT INTO `topic` (`name`, `uid`) VALUES ('est', 12);
INSERT INTO `topic` (`name`, `uid`) VALUES ('omnis', 13);
INSERT INTO `topic` (`name`, `uid`) VALUES ('deleniti', 14);
INSERT INTO `topic` (`name`, `uid`) VALUES ('saepe', 15);
INSERT INTO `topic` (`name`, `uid`) VALUES ('eum', 16);
INSERT INTO `topic` (`name`, `uid`) VALUES ('placeat', 17);
INSERT INTO `topic` (`name`, `uid`) VALUES ('facere', 18);
INSERT INTO `topic` (`name`, `uid`) VALUES ('aperiam', 19);
INSERT INTO `topic` (`name`, `uid`) VALUES ('minima', 20);
INSERT INTO `topic` (`name`, `uid`) VALUES ('quo', 21);
INSERT INTO `topic` (`name`, `uid`) VALUES ('nihil', 22);
INSERT INTO `topic` (`name`, `uid`) VALUES ('eaque', 23);
INSERT INTO `topic` (`name`, `uid`) VALUES ('occaecati', 24);
INSERT INTO `topic` (`name`, `uid`) VALUES ('similique', 25);
INSERT INTO `topic` (`name`, `uid`) VALUES ('aperiam', 26);
INSERT INTO `topic` (`name`, `uid`) VALUES ('non', 27);
INSERT INTO `topic` (`name`, `uid`) VALUES ('occaecati', 28);
INSERT INTO `topic` (`name`, `uid`) VALUES ('aliquid', 29);
INSERT INTO `topic` (`name`, `uid`) VALUES ('itaque', 30);
INSERT INTO `topic` (`name`, `uid`) VALUES ('unde', 31);
INSERT INTO `topic` (`name`, `uid`) VALUES ('rerum', 32);
INSERT INTO `topic` (`name`, `uid`) VALUES ('odit', 33);
INSERT INTO `topic` (`name`, `uid`) VALUES ('tenetur', 34);
INSERT INTO `topic` (`name`, `uid`) VALUES ('quis', 35);
INSERT INTO `topic` (`name`, `uid`) VALUES ('perspiciatis', 36);
INSERT INTO `topic` (`name`, `uid`) VALUES ('iusto', 37);
INSERT INTO `topic` (`name`, `uid`) VALUES ('quos', 38);
INSERT INTO `topic` (`name`, `uid`) VALUES ('dolorem', 39);
INSERT INTO `topic` (`name`, `uid`) VALUES ('quaerat', 40);
INSERT INTO `topic` (`name`, `uid`) VALUES ('possimus', 41);
INSERT INTO `topic` (`name`, `uid`) VALUES ('et', 42);
INSERT INTO `topic` (`name`, `uid`) VALUES ('minus', 43);
INSERT INTO `topic` (`name`, `uid`) VALUES ('minus', 44);
INSERT INTO `topic` (`name`, `uid`) VALUES ('odit', 45);
INSERT INTO `topic` (`name`, `uid`) VALUES ('neque', 46);
INSERT INTO `topic` (`name`, `uid`) VALUES ('ea', 47);
INSERT INTO `topic` (`name`, `uid`) VALUES ('omnis', 48);
INSERT INTO `topic` (`name`, `uid`) VALUES ('enim', 49);
INSERT INTO `topic` (`name`, `uid`) VALUES ('magni', 50);
INSERT INTO `topic` (`name`, `uid`) VALUES ('veritatis', 51);
INSERT INTO `topic` (`name`, `uid`) VALUES ('culpa', 52);
INSERT INTO `topic` (`name`, `uid`) VALUES ('voluptas', 53);
INSERT INTO `topic` (`name`, `uid`) VALUES ('maiores', 54);
INSERT INTO `topic` (`name`, `uid`) VALUES ('suscipit', 55);
INSERT INTO `topic` (`name`, `uid`) VALUES ('nemo', 56);
INSERT INTO `topic` (`name`, `uid`) VALUES ('doloribus', 57);
INSERT INTO `topic` (`name`, `uid`) VALUES ('sit', 58);
INSERT INTO `topic` (`name`, `uid`) VALUES ('non', 59);
INSERT INTO `topic` (`name`, `uid`) VALUES ('aut', 60);
INSERT INTO `topic` (`name`, `uid`) VALUES ('sunt', 61);
INSERT INTO `topic` (`name`, `uid`) VALUES ('non', 62);
INSERT INTO `topic` (`name`, `uid`) VALUES ('nemo', 63);
INSERT INTO `topic` (`name`, `uid`) VALUES ('sequi', 64);
INSERT INTO `topic` (`name`, `uid`) VALUES ('qui', 65);
INSERT INTO `topic` (`name`, `uid`) VALUES ('ea', 66);
INSERT INTO `topic` (`name`, `uid`) VALUES ('ex', 67);
INSERT INTO `topic` (`name`, `uid`) VALUES ('neque', 68);
INSERT INTO `topic` (`name`, `uid`) VALUES ('voluptas', 69);
INSERT INTO `topic` (`name`, `uid`) VALUES ('tempora', 70);
INSERT INTO `topic` (`name`, `uid`) VALUES ('et', 71);
INSERT INTO `topic` (`name`, `uid`) VALUES ('cumque', 72);
INSERT INTO `topic` (`name`, `uid`) VALUES ('illum', 73);
INSERT INTO `topic` (`name`, `uid`) VALUES ('deleniti', 74);
INSERT INTO `topic` (`name`, `uid`) VALUES ('voluptatem', 75);
INSERT INTO `topic` (`name`, `uid`) VALUES ('ut', 76);
INSERT INTO `topic` (`name`, `uid`) VALUES ('non', 77);
INSERT INTO `topic` (`name`, `uid`) VALUES ('id', 78);
INSERT INTO `topic` (`name`, `uid`) VALUES ('voluptatem', 79);
INSERT INTO `topic` (`name`, `uid`) VALUES ('sed', 80);
INSERT INTO `topic` (`name`, `uid`) VALUES ('distinctio', 81);
INSERT INTO `topic` (`name`, `uid`) VALUES ('architecto', 82);
INSERT INTO `topic` (`name`, `uid`) VALUES ('assumenda', 83);
INSERT INTO `topic` (`name`, `uid`) VALUES ('ea', 84);
INSERT INTO `topic` (`name`, `uid`) VALUES ('at', 85);
INSERT INTO `topic` (`name`, `uid`) VALUES ('quidem', 86);
INSERT INTO `topic` (`name`, `uid`) VALUES ('autem', 87);
INSERT INTO `topic` (`name`, `uid`) VALUES ('alias', 88);
INSERT INTO `topic` (`name`, `uid`) VALUES ('perspiciatis', 89);
INSERT INTO `topic` (`name`, `uid`) VALUES ('voluptatem', 90);
INSERT INTO `topic` (`name`, `uid`) VALUES ('fuga', 91);
INSERT INTO `topic` (`name`, `uid`) VALUES ('eveniet', 92);
INSERT INTO `topic` (`name`, `uid`) VALUES ('aut', 93);
INSERT INTO `topic` (`name`, `uid`) VALUES ('enim', 94);
INSERT INTO `topic` (`name`, `uid`) VALUES ('fugit', 95);
INSERT INTO `topic` (`name`, `uid`) VALUES ('dolor', 96);
INSERT INTO `topic` (`name`, `uid`) VALUES ('voluptatem', 97);
INSERT INTO `topic` (`name`, `uid`) VALUES ('eum', 98);
INSERT INTO `topic` (`name`, `uid`) VALUES ('quis', 99);
INSERT INTO `topic` (`name`, `uid`) VALUES ('exercitationem', 100);


INSERT INTO `user` (`uid`, `email`, `password`, `firstname`, `surname`, `registration_confirmed`, `is_deactivated`, `allow_notifications`, `role_id`, `description`, `location`, `photo`) VALUES (1, 'alec31@example.com', '27f1f31e2ed49dd30ccb0700d9ea14958b78c215', 'Keith', 'Hermann', 0, 0, 0, 1, 'Modi alias et accusantium. Repellat est recusandae aut est qui iure ea. Tempore accusamus et corrupti ipsam in temporibus culpa.', 'Mullerborough', NULL);
INSERT INTO `user` (`uid`, `email`, `password`, `firstname`, `surname`, `registration_confirmed`, `is_deactivated`, `allow_notifications`, `role_id`, `description`, `location`, `photo`) VALUES (2, 'demario.medhurst@example.com', '396d764addead2dfff90bc327739a7401c773246', 'Greta', 'Krajcik', 0, 1, 1, 1, 'Perferendis voluptate quis non debitis temporibus. Quos cum voluptas nihil. Nesciunt libero non voluptas magnam sit.', 'Herminiaport', NULL);
INSERT INTO `user` (`uid`, `email`, `password`, `firstname`, `surname`, `registration_confirmed`, `is_deactivated`, `allow_notifications`, `role_id`, `description`, `location`, `photo`) VALUES (3, 'roderick.ferry@example.net', '41c156e54595de5263a80a62d44b61de512e8bd2', 'Curtis', 'Hane', 0, 0, 0, 1, 'Iusto qui aliquid magni corporis ex non eveniet perferendis. Ipsa id ducimus ut est officia quibusdam architecto. Ipsam ex nihil consequatur sed magni at magnam.', 'Keeblerport', NULL);
INSERT INTO `user` (`uid`, `email`, `password`, `firstname`, `surname`, `registration_confirmed`, `is_deactivated`, `allow_notifications`, `role_id`, `description`, `location`, `photo`) VALUES (4, 'gwalker@example.org', '006c8d2f80574038189ccc1706e934c7c5e2c9d1', 'Angelica', 'Labadie', 0, 0, 1, 1, 'Et rerum voluptas vel. Quas distinctio sunt doloremque cum ipsam non quas culpa. Ut harum rerum est nihil porro rerum. Quidem occaecati praesentium consequuntur perferendis.', 'Port Brainhaven', NULL);
INSERT INTO `user` (`uid`, `email`, `password`, `firstname`, `surname`, `registration_confirmed`, `is_deactivated`, `allow_notifications`, `role_id`, `description`, `location`, `photo`) VALUES (5, 'russel.stanton@example.com', '80e0a3574fc0c9757c1b2d5de8996047166e62f3', 'Nick', 'West', 0, 0, 0, 1, 'Ut consequuntur nemo iusto perspiciatis provident aut quo. Est sapiente dolorem eum saepe. Unde voluptas ipsum ea suscipit quasi veritatis.', 'Mayaside', NULL);
INSERT INTO `user` (`uid`, `email`, `password`, `firstname`, `surname`, `registration_confirmed`, `is_deactivated`, `allow_notifications`, `role_id`, `description`, `location`, `photo`) VALUES (6, 'murazik.johnathon@example.org', 'fcd7f55db6c5a0b32511972bcf9d8342da76c4f4', 'Muriel', 'Stehr', 0, 0, 1, 1, 'Suscipit sunt vel praesentium dignissimos quia rerum nemo saepe. In occaecati voluptatem qui doloribus.', 'Erdmanside', NULL);
INSERT INTO `user` (`uid`, `email`, `password`, `firstname`, `surname`, `registration_confirmed`, `is_deactivated`, `allow_notifications`, `role_id`, `description`, `location`, `photo`) VALUES (7, 'imogene.harvey@example.com', '4961a619c1bab0a4df98179916fe4e0c4d532f76', 'Nikolas', 'Schuster', 0, 0, 0, 1, 'Cumque velit aut quibusdam dolor reiciendis impedit similique. Dolorem doloremque aut dicta rerum id minus unde sed. Eius culpa nihil consectetur. Voluptatem sunt alias eligendi nam alias dolorem voluptatibus.', 'North Emeliabury', NULL);
INSERT INTO `user` (`uid`, `email`, `password`, `firstname`, `surname`, `registration_confirmed`, `is_deactivated`, `allow_notifications`, `role_id`, `description`, `location`, `photo`) VALUES (8, 'josue.spencer@example.com', '7e1877257f77838d3fc5bc928d762d3b4a5cd71b', 'Jordane', 'Towne', 0, 0, 0, 1, 'Ea qui culpa iure dolores nobis. Provident itaque voluptatem et adipisci quaerat reprehenderit. Ratione ea officia vitae sapiente sint consequatur. Perspiciatis voluptatem voluptas distinctio culpa quisquam minus.', 'East Ali', NULL);
INSERT INTO `user` (`uid`, `email`, `password`, `firstname`, `surname`, `registration_confirmed`, `is_deactivated`, `allow_notifications`, `role_id`, `description`, `location`, `photo`) VALUES (9, 'guido69@example.com', '9bb2a053263b932dab57fbf347f04a26160ac972', 'Jose', 'Breitenberg', 0, 0, 0, 1, 'Consequuntur esse assumenda excepturi libero ut. Perspiciatis autem qui omnis voluptate laborum voluptates quia. Iste culpa ipsum adipisci ea harum deleniti nemo.', 'Diannatown', NULL);
INSERT INTO `user` (`uid`, `email`, `password`, `firstname`, `surname`, `registration_confirmed`, `is_deactivated`, `allow_notifications`, `role_id`, `description`, `location`, `photo`) VALUES (10, 'agustin.shanahan@example.org', '512247f87655b78b58021d572b808a8dcf50ba5b', 'Allison', 'Trantow', 0, 0, 1, 1, 'Rerum quam saepe aliquam. Eius ipsam laudantium cupiditate. Est nostrum quasi dolore architecto veritatis labore quisquam. Ut qui tempore deserunt fugiat occaecati autem.', 'Gislasonside', NULL);
INSERT INTO `user` (`uid`, `email`, `password`, `firstname`, `surname`, `registration_confirmed`, `is_deactivated`, `allow_notifications`, `role_id`, `description`, `location`, `photo`) VALUES (11, 'west.kiel@example.org', '7869ba88cd2215482f14b69ca389912f67bd6acc', 'Bella', 'Hand', 0, 1, 0, 1, 'In quibusdam excepturi mollitia suscipit dolor voluptatibus. Ut saepe iure facere delectus excepturi. Facilis assumenda a dolore nobis architecto beatae. Doloremque eligendi assumenda voluptas tenetur aut consequatur.', 'Stokesshire', NULL);
INSERT INTO `user` (`uid`, `email`, `password`, `firstname`, `surname`, `registration_confirmed`, `is_deactivated`, `allow_notifications`, `role_id`, `description`, `location`, `photo`) VALUES (12, 'mina.schinner@example.org', 'a8c9678fb2c057639882792a966b61239bfd315b', 'Percival', 'Gerlach', 0, 0, 0, 1, 'Ipsa quae delectus voluptatem sunt eligendi. Est occaecati in sequi nobis. Animi reprehenderit vel suscipit sint. Dolorem aut neque asperiores commodi.', 'Kendallborough', NULL);
INSERT INTO `user` (`uid`, `email`, `password`, `firstname`, `surname`, `registration_confirmed`, `is_deactivated`, `allow_notifications`, `role_id`, `description`, `location`, `photo`) VALUES (13, 'bobby49@example.com', '0b3826aff642be591fe038665c4123fc44373900', 'Alford', 'Nitzsche', 0, 0, 0, 1, 'Sit dolorem quod a eos omnis asperiores. Tenetur consequatur eaque quaerat. Eum quam optio in tempora itaque quas natus. Quibusdam unde repudiandae et a.', 'New Myron', NULL);
INSERT INTO `user` (`uid`, `email`, `password`, `firstname`, `surname`, `registration_confirmed`, `is_deactivated`, `allow_notifications`, `role_id`, `description`, `location`, `photo`) VALUES (14, 'dustin18@example.net', '257319d2eeeac68d2b9a433ce1d90a68fe8c6531', 'Karli', 'Jacobs', 0, 0, 1, 1, 'Quo doloremque dolor tempore magnam nisi. Praesentium dolorem et reprehenderit aut distinctio quas. Ratione recusandae ipsum saepe explicabo nam.', 'South Wendell', NULL);
INSERT INTO `user` (`uid`, `email`, `password`, `firstname`, `surname`, `registration_confirmed`, `is_deactivated`, `allow_notifications`, `role_id`, `description`, `location`, `photo`) VALUES (15, 'lbalistreri@example.net', '4e0c72a492c01132ffdc34dfb40b283c64aa1e7f', 'Salvador', 'Blick', 0, 0, 0, 1, 'Voluptatem non quasi ut iure eos qui. Enim quas ab iste. Esse doloribus deserunt sint alias sit dolorem quis.', 'Barbaraborough', NULL);
INSERT INTO `user` (`uid`, `email`, `password`, `firstname`, `surname`, `registration_confirmed`, `is_deactivated`, `allow_notifications`, `role_id`, `description`, `location`, `photo`) VALUES (16, 'jacobson.demarcus@example.net', 'ea7b553734919a0501c12cf31cf24ca4faf812e2', 'Myrtie', 'Parisian', 0, 0, 1, 1, 'Praesentium maxime incidunt commodi veritatis est. Rerum ullam maiores architecto officiis doloribus omnis quis nam. Enim quo minima eveniet non voluptas. Sed optio impedit iure sed voluptas quisquam et. Molestiae consequuntur eum dolores doloremque earum est facilis.', 'Danikaborough', NULL);
INSERT INTO `user` (`uid`, `email`, `password`, `firstname`, `surname`, `registration_confirmed`, `is_deactivated`, `allow_notifications`, `role_id`, `description`, `location`, `photo`) VALUES (17, 'shanna.wilkinson@example.com', '7233e841f34feb535e68991e640e8f400eded446', 'Darwin', 'Bartell', 0, 0, 1, 1, 'Quod voluptas provident omnis ratione cum est eos. Tempora voluptatem perspiciatis cumque occaecati nulla voluptatem impedit. Voluptate porro numquam nisi nesciunt. Distinctio nostrum consectetur autem non corporis vitae.', 'North Alyssonside', NULL);
INSERT INTO `user` (`uid`, `email`, `password`, `firstname`, `surname`, `registration_confirmed`, `is_deactivated`, `allow_notifications`, `role_id`, `description`, `location`, `photo`) VALUES (18, 'ajohns@example.org', 'c7654bb5009838e51de591d18302391512fd9f4e', 'Alicia', 'Gibson', 0, 0, 0, 1, 'Delectus sed neque assumenda mollitia dolores nihil in quam. Minima ut eos mollitia. Ipsam consequuntur amet consequatur et expedita.', 'Hoppefurt', NULL);
INSERT INTO `user` (`uid`, `email`, `password`, `firstname`, `surname`, `registration_confirmed`, `is_deactivated`, `allow_notifications`, `role_id`, `description`, `location`, `photo`) VALUES (19, 'karolann.grant@example.com', '25582e71d8e68b6fa36c9a8ca2607962ec7046ad', 'Josue', 'Padberg', 0, 0, 0, 1, 'Tempora dolores maiores enim voluptatibus quas numquam. Accusamus cum quia laboriosam beatae dolorem corrupti ut. Eos similique rerum numquam quod libero odit consequuntur explicabo. Odit et omnis et consequatur aut quam.', 'North Joannyland', NULL);
INSERT INTO `user` (`uid`, `email`, `password`, `firstname`, `surname`, `registration_confirmed`, `is_deactivated`, `allow_notifications`, `role_id`, `description`, `location`, `photo`) VALUES (20, 'stehr.josie@example.net', '0d47ac92c7bca08f814466e1d09d95024540c77c', 'Jolie', 'Green', 0, 0, 1, 1, 'Esse rerum in veniam illum consequuntur beatae. Dolores sed et vel. Voluptas officia quia ut voluptatem repellat dolor. Odio quo facilis consectetur ipsum.', 'Port Flofurt', NULL);
INSERT INTO `user` (`uid`, `email`, `password`, `firstname`, `surname`, `registration_confirmed`, `is_deactivated`, `allow_notifications`, `role_id`, `description`, `location`, `photo`) VALUES (21, 'jaskolski.brandt@example.net', 'a6b4be9f80c0cfbfd0c836d91061c7a7c7faf9b0', 'Tito', 'Cremin', 0, 0, 1, 1, 'Est eos et voluptatibus itaque fugiat quia porro. Rem deleniti officiis alias at distinctio quae. Assumenda itaque autem eum sit. Reiciendis velit non deserunt ab.', 'East Dylan', NULL);
INSERT INTO `user` (`uid`, `email`, `password`, `firstname`, `surname`, `registration_confirmed`, `is_deactivated`, `allow_notifications`, `role_id`, `description`, `location`, `photo`) VALUES (22, 'adeline.willms@example.org', 'bb4fc5203a2a848447601e63b9be2394c396edfe', 'Hallie', 'Pfeffer', 0, 0, 1, 1, 'Sunt veritatis perferendis ut alias occaecati voluptate inventore nihil. Sunt minus porro dolorum omnis eum. Tenetur nihil aut doloribus ratione voluptas. Dolore voluptatum commodi vel consequatur maiores enim repellendus.', 'Yasmeenstad', NULL);
INSERT INTO `user` (`uid`, `email`, `password`, `firstname`, `surname`, `registration_confirmed`, `is_deactivated`, `allow_notifications`, `role_id`, `description`, `location`, `photo`) VALUES (23, 'trever.steuber@example.net', '719af13c6c38d660e0783c9da139d0631871d98a', 'Damon', 'Turner', 0, 0, 0, 1, 'Ea dolor distinctio dolores tenetur doloribus. Molestiae et omnis quasi voluptatem mollitia nihil beatae. Nulla natus soluta voluptatem et delectus dolorem expedita.', 'East Loubury', NULL);
INSERT INTO `user` (`uid`, `email`, `password`, `firstname`, `surname`, `registration_confirmed`, `is_deactivated`, `allow_notifications`, `role_id`, `description`, `location`, `photo`) VALUES (24, 'hattie38@example.net', 'c25dcfe036d8d319a58b7f5a013e4d5a5f1a51c0', 'Torrance', 'Jaskolski', 0, 0, 0, 1, 'Voluptatem soluta nesciunt laudantium necessitatibus velit porro natus. Maxime ut necessitatibus modi earum omnis dolor. Illo magni tempora soluta qui dolores accusamus consectetur.', 'New Terrance', NULL);
INSERT INTO `user` (`uid`, `email`, `password`, `firstname`, `surname`, `registration_confirmed`, `is_deactivated`, `allow_notifications`, `role_id`, `description`, `location`, `photo`) VALUES (25, 'vprohaska@example.org', 'df5e285620f00b2280d750b1bc88903071942fb4', 'Liliana', 'Ankunding', 0, 0, 1, 1, 'Et animi repellendus consequatur porro et. Optio exercitationem quidem et dolore. Dolorum quia est sed illo neque porro debitis. Voluptas in nobis accusamus aut necessitatibus perferendis suscipit similique.', 'Port Margretstad', NULL);
INSERT INTO `user` (`uid`, `email`, `password`, `firstname`, `surname`, `registration_confirmed`, `is_deactivated`, `allow_notifications`, `role_id`, `description`, `location`, `photo`) VALUES (26, 'billy30@example.com', '3b6e4c22de4480b1c8e5666736f677653b961130', 'Therese', 'Bednar', 0, 0, 0, 1, 'Quam aliquam ut minus dignissimos. Nisi consequatur fuga reiciendis. Magnam velit doloribus eos autem est eaque iure.', 'Port Felicia', NULL);
INSERT INTO `user` (`uid`, `email`, `password`, `firstname`, `surname`, `registration_confirmed`, `is_deactivated`, `allow_notifications`, `role_id`, `description`, `location`, `photo`) VALUES (27, 'sfadel@example.com', 'e9eef4ed1deeeac1825e9d4ad980d79cb629fbbd', 'Raymond', 'Crist', 0, 0, 1, 1, 'Dolorem enim nisi fugit ut dolor quae quam. Itaque qui officiis id velit velit dignissimos. Ea quasi quaerat ad numquam eligendi dolor dignissimos. Repellat praesentium dolorem sit.', 'Lake Gerdahaven', NULL);
INSERT INTO `user` (`uid`, `email`, `password`, `firstname`, `surname`, `registration_confirmed`, `is_deactivated`, `allow_notifications`, `role_id`, `description`, `location`, `photo`) VALUES (28, 'uherzog@example.net', '0ba99a83cee175b7d8ba33c1b307d20585b2c700', 'Zoe', 'Fay', 0, 0, 0, 1, 'Est eligendi ea maxime aut. Sit dolores praesentium sunt officiis saepe id ratione. Eveniet praesentium in cupiditate nemo labore et ab. Quaerat pariatur consequatur similique natus nam aut id. Facere praesentium quia quibusdam dolores quisquam numquam quis et.', 'North Eulabury', NULL);
INSERT INTO `user` (`uid`, `email`, `password`, `firstname`, `surname`, `registration_confirmed`, `is_deactivated`, `allow_notifications`, `role_id`, `description`, `location`, `photo`) VALUES (29, 'rath.cydney@example.com', '16f008f0a0622695146d4b047c72369d64de82f0', 'Elyse', 'Schiller', 0, 0, 0, 1, 'Accusantium beatae eaque et. Voluptas ex numquam consequatur doloremque vitae. Illum voluptatum expedita qui et soluta quod enim. Dolore ratione in ea omnis eum id.', 'Swaniawskibury', NULL);
INSERT INTO `user` (`uid`, `email`, `password`, `firstname`, `surname`, `registration_confirmed`, `is_deactivated`, `allow_notifications`, `role_id`, `description`, `location`, `photo`) VALUES (30, 'sgusikowski@example.com', 'a3d83ccf92a4d6e3dfe592c1b8a6363c84f19e25', 'Rosella', 'Kuhic', 0, 0, 0, 1, 'Accusamus ut fuga illo iusto sequi aut ex. Vitae nihil molestiae hic est. Ut qui dignissimos facilis tempora quas.', 'Wintheiserton', NULL);
INSERT INTO `user` (`uid`, `email`, `password`, `firstname`, `surname`, `registration_confirmed`, `is_deactivated`, `allow_notifications`, `role_id`, `description`, `location`, `photo`) VALUES (31, 'mzboncak@example.net', 'dfd03b2d7ead28ca2e3bd81f0311fa04d75bb1f7', 'Camron', 'Olson', 0, 0, 1, 1, 'Maiores sed veniam non repudiandae dolore. Sit est qui dolorem non. Similique ullam nesciunt debitis. Adipisci blanditiis cum aliquam praesentium nostrum ipsam nobis.', 'Lake Jarretmouth', NULL);
INSERT INTO `user` (`uid`, `email`, `password`, `firstname`, `surname`, `registration_confirmed`, `is_deactivated`, `allow_notifications`, `role_id`, `description`, `location`, `photo`) VALUES (32, 'shanel04@example.net', '97e3fe588a1246d82c106640f51112f906e5766e', 'Elaina', 'Miller', 0, 0, 1, 1, 'Debitis veritatis quos sequi. Laboriosam voluptatibus sit veniam vel sed ex sed et. Cupiditate nobis est tenetur sapiente eveniet. Ut temporibus fugit beatae minima culpa eveniet eum.', 'East Ozella', NULL);
INSERT INTO `user` (`uid`, `email`, `password`, `firstname`, `surname`, `registration_confirmed`, `is_deactivated`, `allow_notifications`, `role_id`, `description`, `location`, `photo`) VALUES (33, 'kcollier@example.org', '5d4d0063d7b02187bdee621e1ed070f828cc78c7', 'Lane', 'Erdman', 0, 0, 0, 1, 'Odit illum inventore ad error. Rerum omnis enim autem perferendis qui et nihil.', 'Port Isaiahmouth', NULL);
INSERT INTO `user` (`uid`, `email`, `password`, `firstname`, `surname`, `registration_confirmed`, `is_deactivated`, `allow_notifications`, `role_id`, `description`, `location`, `photo`) VALUES (34, 'rigoberto60@example.net', '1e6f0b5932d491efa1fa353e501fb10c413910ef', 'Earnestine', 'Wilderman', 0, 0, 0, 1, 'Nulla et earum animi ullam numquam. Nobis nihil a sapiente. Aperiam dolorum facilis aut ut debitis qui.', 'Wizafurt', NULL);
INSERT INTO `user` (`uid`, `email`, `password`, `firstname`, `surname`, `registration_confirmed`, `is_deactivated`, `allow_notifications`, `role_id`, `description`, `location`, `photo`) VALUES (35, 'vstroman@example.com', 'a0bfb98cfde6e6c51686658be748302442c45cba', 'Marcelo', 'Emmerich', 0, 0, 1, 1, 'Corrupti autem quaerat optio omnis accusamus consequatur. Eaque facere impedit occaecati voluptatum tempora enim qui. Et magni eum aspernatur tempore. Commodi non a eum asperiores neque.', 'New Manley', NULL);
INSERT INTO `user` (`uid`, `email`, `password`, `firstname`, `surname`, `registration_confirmed`, `is_deactivated`, `allow_notifications`, `role_id`, `description`, `location`, `photo`) VALUES (36, 'luettgen.jameson@example.net', '47dd53fef3efe63dfe4d8601afae9072b6b4e3d4', 'Meaghan', 'Brakus', 0, 0, 0, 1, 'Sapiente porro omnis aperiam id. Voluptatem molestiae veritatis fugit commodi.', 'Kesslerland', NULL);
INSERT INTO `user` (`uid`, `email`, `password`, `firstname`, `surname`, `registration_confirmed`, `is_deactivated`, `allow_notifications`, `role_id`, `description`, `location`, `photo`) VALUES (37, 'raleigh38@example.org', '022d8411a5a6058e32b1c09c8de6d124d21bc2d2', 'Christy', 'Grimes', 0, 0, 0, 1, 'Et sed sapiente magnam asperiores dicta. Alias quos sint corrupti perspiciatis. In possimus impedit at eum et eos. Ipsa deserunt sed labore.', 'Rempelbury', NULL);
INSERT INTO `user` (`uid`, `email`, `password`, `firstname`, `surname`, `registration_confirmed`, `is_deactivated`, `allow_notifications`, `role_id`, `description`, `location`, `photo`) VALUES (38, 'tierra44@example.org', '58faad8fb8ea049fa6228f34978f9991ee7debc8', 'Glen', 'Goyette', 0, 0, 0, 1, 'Cupiditate a saepe asperiores quia quis aut. Eius est voluptates dolorem. Fugiat iste unde ducimus. Minima vel quia adipisci sunt ut laborum.', 'Gretaborough', NULL);
INSERT INTO `user` (`uid`, `email`, `password`, `firstname`, `surname`, `registration_confirmed`, `is_deactivated`, `allow_notifications`, `role_id`, `description`, `location`, `photo`) VALUES (39, 'lonie46@example.org', 'fcdc2cadd65c534ea842a996ad11902d9ab6510d', 'Miracle', 'Kautzer', 0, 1, 0, 1, 'Voluptas et quia accusantium aliquid dolorum beatae. Earum nihil assumenda quis vero. Sed odio commodi temporibus libero dolorum. Vero fugiat voluptas et voluptatem omnis. Corporis eos in earum voluptas.', 'Port Tevin', NULL);
INSERT INTO `user` (`uid`, `email`, `password`, `firstname`, `surname`, `registration_confirmed`, `is_deactivated`, `allow_notifications`, `role_id`, `description`, `location`, `photo`) VALUES (40, 'sbahringer@example.com', '420e4e9dab1598c2a4a0a3fade7eacf28af92579', 'Declan', 'Walter', 0, 0, 0, 1, 'Sit natus saepe molestiae voluptatem earum amet. Ea quaerat at voluptas id. Rerum ratione laborum eligendi dolores maxime. Rerum aspernatur aut enim et.', 'New Antwanborough', NULL);
INSERT INTO `user` (`uid`, `email`, `password`, `firstname`, `surname`, `registration_confirmed`, `is_deactivated`, `allow_notifications`, `role_id`, `description`, `location`, `photo`) VALUES (41, 'okuneva.jazmyn@example.org', '2fe2af0d4469929660f460fe337e4a6000d44a99', 'Yasmin', 'Brakus', 0, 0, 0, 1, 'Velit saepe maiores aut ea cumque voluptas illum. Officia nobis est sed aut quasi error aut. Vel error quia cumque non similique ipsam culpa non.', 'Dangelobury', NULL);
INSERT INTO `user` (`uid`, `email`, `password`, `firstname`, `surname`, `registration_confirmed`, `is_deactivated`, `allow_notifications`, `role_id`, `description`, `location`, `photo`) VALUES (42, 'jbailey@example.org', '4bfae71d4b576352256c9cc7ea165ba2eda5d9d7', 'Santiago', 'Smitham', 0, 0, 0, 1, 'Dolorem est autem omnis ipsum occaecati id optio. Tenetur ut cumque sit beatae voluptatem officiis quos. Aspernatur et temporibus similique tempora. Similique est aut non debitis voluptatem. Deserunt tenetur consequatur commodi qui aliquam ea iusto.', 'Deckowfurt', NULL);
INSERT INTO `user` (`uid`, `email`, `password`, `firstname`, `surname`, `registration_confirmed`, `is_deactivated`, `allow_notifications`, `role_id`, `description`, `location`, `photo`) VALUES (43, 'klein.raul@example.net', 'd6a74d9b21a4090646b18c335cc4b9d8f3770c92', 'Bernice', 'Blanda', 0, 0, 0, 1, 'Cumque magni vel optio ipsum dolorem exercitationem. Quae enim et optio unde. Consectetur reiciendis illo quae ut.', 'Hirtheberg', NULL);
INSERT INTO `user` (`uid`, `email`, `password`, `firstname`, `surname`, `registration_confirmed`, `is_deactivated`, `allow_notifications`, `role_id`, `description`, `location`, `photo`) VALUES (44, 'dhowell@example.com', 'b8c461e3cc404ddb96dc003707907938b83eef0c', 'Desmond', 'Gleichner', 0, 0, 0, 1, 'Iure ut est iure ab non. Et dicta qui aut eaque quibusdam deserunt eaque. Maiores pariatur recusandae ab soluta quisquam saepe unde. Voluptatem quas dolor nobis deleniti rerum est hic.', 'Marielashire', NULL);
INSERT INTO `user` (`uid`, `email`, `password`, `firstname`, `surname`, `registration_confirmed`, `is_deactivated`, `allow_notifications`, `role_id`, `description`, `location`, `photo`) VALUES (45, 'helmer49@example.org', '17611347e0ffe5071e55b6906ee5563c5a68544f', 'Antonetta', 'Rutherford', 0, 0, 1, 1, 'A quis doloribus autem. Pariatur nisi in ut dolores ut. Beatae est distinctio reiciendis eius ipsam quos labore provident. Vero eos cupiditate eveniet sunt quas et. Eum nihil at dolorum ut.', 'East Clifford', NULL);
INSERT INTO `user` (`uid`, `email`, `password`, `firstname`, `surname`, `registration_confirmed`, `is_deactivated`, `allow_notifications`, `role_id`, `description`, `location`, `photo`) VALUES (46, 'cummings.blake@example.org', 'e62220093c688849995c8c65143db7a4bca5631b', 'Cesar', 'Schimmel', 0, 0, 0, 1, 'Vel qui fuga iure. Accusantium rerum provident quae velit voluptate qui dolore.', 'Romainestad', NULL);
INSERT INTO `user` (`uid`, `email`, `password`, `firstname`, `surname`, `registration_confirmed`, `is_deactivated`, `allow_notifications`, `role_id`, `description`, `location`, `photo`) VALUES (47, 'lwisoky@example.org', '9749bbd34224ace18dc0d8635bfafc1a6ab1afa9', 'Trisha', 'Gutmann', 0, 1, 1, 1, 'Aliquam facilis eaque ut corrupti repudiandae. Harum ea ab omnis nemo quasi eius. Assumenda eaque expedita nostrum non molestiae tenetur.', 'North Laneville', NULL);
INSERT INTO `user` (`uid`, `email`, `password`, `firstname`, `surname`, `registration_confirmed`, `is_deactivated`, `allow_notifications`, `role_id`, `description`, `location`, `photo`) VALUES (48, 'qdickens@example.net', 'd8d90283f7881347694cea57384028a8ebbe2edb', 'Orpha', 'Nikolaus', 0, 0, 0, 1, 'Doloremque ducimus delectus nihil nisi. Enim distinctio quisquam sed velit placeat voluptatem qui. Quaerat excepturi iure illo deleniti ducimus eum.', 'Gunnartown', NULL);
INSERT INTO `user` (`uid`, `email`, `password`, `firstname`, `surname`, `registration_confirmed`, `is_deactivated`, `allow_notifications`, `role_id`, `description`, `location`, `photo`) VALUES (49, 'xokuneva@example.com', '9afbe568d2a7fe9d6709c0fcaecf208b6d273fd5', 'Lawrence', 'Kautzer', 0, 0, 0, 1, 'Labore doloremque magnam dolorum illum amet labore. Vero dolorem voluptatibus consequatur fuga. Deserunt voluptatem sint sint.', 'East Cletusside', NULL);
INSERT INTO `user` (`uid`, `email`, `password`, `firstname`, `surname`, `registration_confirmed`, `is_deactivated`, `allow_notifications`, `role_id`, `description`, `location`, `photo`) VALUES (50, 'satterfield.sydnie@example.com', '08e337f53c374e1d5a1e9df0c4a4239cde402a48', 'Ricardo', 'Emmerich', 0, 0, 0, 1, 'Dolores ut nobis error enim iste officiis. Nostrum aut incidunt dolores placeat. Reiciendis ut fuga harum sit deserunt ut numquam enim.', 'East Alfonso', NULL);
INSERT INTO `user` (`uid`, `email`, `password`, `firstname`, `surname`, `registration_confirmed`, `is_deactivated`, `allow_notifications`, `role_id`, `description`, `location`, `photo`) VALUES (51, 'macejkovic.viviane@example.org', '50a11b237161bdb18e1ee55ddd15968c41b44885', 'Marina', 'Paucek', 0, 0, 1, 1, 'Ut dolores dolor eius optio minus. Voluptatem rerum adipisci dolorem quo. Numquam recusandae est reiciendis veritatis vel impedit dolores nihil.', 'Boganmouth', NULL);
INSERT INTO `user` (`uid`, `email`, `password`, `firstname`, `surname`, `registration_confirmed`, `is_deactivated`, `allow_notifications`, `role_id`, `description`, `location`, `photo`) VALUES (52, 'yo\'keefe@example.org', 'a3052a591dacefb4d20a428ce099f66e543f2965', 'Elinor', 'Fadel', 0, 0, 1, 1, 'Et in iste laudantium aut occaecati reiciendis. Voluptatem error quam blanditiis itaque voluptatibus. Et magnam temporibus et dolorem alias. Sed magni voluptatem nobis labore.', 'Lake Maximoberg', NULL);
INSERT INTO `user` (`uid`, `email`, `password`, `firstname`, `surname`, `registration_confirmed`, `is_deactivated`, `allow_notifications`, `role_id`, `description`, `location`, `photo`) VALUES (53, 'msteuber@example.net', '1bf0a55a44aeae7ee404233c2b6199a36844bed3', 'Jodie', 'O\'Keefe', 0, 0, 0, 1, 'Facilis esse repudiandae voluptatem est voluptatum qui vero. Sit aut illo dolor quia. Et maiores voluptates dolores rerum laboriosam. Quae laboriosam qui est nam dolores.', 'Medhurstborough', NULL);
INSERT INTO `user` (`uid`, `email`, `password`, `firstname`, `surname`, `registration_confirmed`, `is_deactivated`, `allow_notifications`, `role_id`, `description`, `location`, `photo`) VALUES (54, 'jacinto.kuhic@example.net', '4d0d3e15558002b319e10926917200fedc3a65aa', 'Kaylah', 'Wyman', 0, 0, 0, 1, 'Cumque tempora sapiente nisi sint eum. Incidunt quam repellendus aut provident doloribus ut ut. Facere aut amet eum neque rerum doloribus quibusdam. Ipsam libero veritatis iure ducimus aut voluptas vero.', 'Karenview', NULL);
INSERT INTO `user` (`uid`, `email`, `password`, `firstname`, `surname`, `registration_confirmed`, `is_deactivated`, `allow_notifications`, `role_id`, `description`, `location`, `photo`) VALUES (55, 'chance.gutmann@example.org', '29d8893e070b1a5c77ad442eb88547e4d0a422c0', 'Taryn', 'Rohan', 0, 0, 1, 1, 'Ad pariatur at mollitia et. Nemo omnis accusantium aperiam expedita officiis rem. Iure rerum aut molestias neque officiis eaque. Dicta dolorem non tenetur a.', 'Schaeferton', NULL);
INSERT INTO `user` (`uid`, `email`, `password`, `firstname`, `surname`, `registration_confirmed`, `is_deactivated`, `allow_notifications`, `role_id`, `description`, `location`, `photo`) VALUES (56, 'hayes.timmothy@example.net', 'b9e0fe26c66d53a010a95eebaa1dab05ddba7f68', 'Winfield', 'Renner', 0, 1, 0, 1, 'Ducimus amet est illum et sed in temporibus. Alias minima voluptatem magni recusandae. Ut in vel consequuntur atque quaerat voluptatem.', 'Orntown', NULL);
INSERT INTO `user` (`uid`, `email`, `password`, `firstname`, `surname`, `registration_confirmed`, `is_deactivated`, `allow_notifications`, `role_id`, `description`, `location`, `photo`) VALUES (57, 'rutherford.silas@example.net', 'b42848a3571ad526a4e76e87bbd2cd633ef602fa', 'Leilani', 'Aufderhar', 0, 1, 0, 1, 'Suscipit mollitia quasi et illum. Repellat minus libero et. Libero enim nihil ex enim beatae quidem. Id autem at repellendus odit voluptate.', 'Mullerchester', NULL);
INSERT INTO `user` (`uid`, `email`, `password`, `firstname`, `surname`, `registration_confirmed`, `is_deactivated`, `allow_notifications`, `role_id`, `description`, `location`, `photo`) VALUES (58, 'spinka.hermann@example.net', 'ab417de4866279996b457a7b49152a61a4d9c008', 'Leonardo', 'Hegmann', 0, 0, 0, 1, 'Consequatur iure similique cupiditate et sunt maxime adipisci. Et dolor corrupti architecto possimus voluptas. Iusto consequatur beatae sunt autem quae est. Dolor eos autem odio ut.', 'East Hollystad', NULL);
INSERT INTO `user` (`uid`, `email`, `password`, `firstname`, `surname`, `registration_confirmed`, `is_deactivated`, `allow_notifications`, `role_id`, `description`, `location`, `photo`) VALUES (59, 'mueller.jacquelyn@example.com', '7279911b00dea1d9edeff8c63a41dc431b3b49d0', 'Bo', 'Bogan', 0, 0, 1, 1, 'Dolore non et rem. Quibusdam voluptatem dolor expedita iste quia repudiandae. Quisquam non provident nulla totam ipsam quia.', 'Reingerhaven', NULL);
INSERT INTO `user` (`uid`, `email`, `password`, `firstname`, `surname`, `registration_confirmed`, `is_deactivated`, `allow_notifications`, `role_id`, `description`, `location`, `photo`) VALUES (60, 'ndickens@example.org', 'c3487cd1765959514824d4f1284a660d3797f798', 'Aliya', 'Sawayn', 0, 0, 0, 1, 'Ut vel voluptate autem error sit est. Quis dolorem sapiente et odio occaecati aut. Sapiente consectetur ducimus nihil est et similique tempore.', 'Ewaldborough', NULL);
INSERT INTO `user` (`uid`, `email`, `password`, `firstname`, `surname`, `registration_confirmed`, `is_deactivated`, `allow_notifications`, `role_id`, `description`, `location`, `photo`) VALUES (61, 'myah26@example.com', 'c568610b3596d082d94345d714542935887ff311', 'Ursula', 'Gusikowski', 0, 0, 1, 1, 'Veniam voluptatem aut animi sint possimus. Iure facilis quasi suscipit omnis ipsa expedita illo. Velit quasi vero eum autem.', 'Vitoland', NULL);
INSERT INTO `user` (`uid`, `email`, `password`, `firstname`, `surname`, `registration_confirmed`, `is_deactivated`, `allow_notifications`, `role_id`, `description`, `location`, `photo`) VALUES (62, 'laila.ward@example.com', '23cfad8534e4aca7b2062e4da7f65183f7c15cbe', 'Rudy', 'White', 0, 0, 0, 1, 'Enim eaque quaerat dolor illum tempora non. Illum et velit iusto quis. Ut voluptatem dolores reiciendis architecto aliquam quia. Debitis voluptatum facilis voluptas est quia dolore labore. Nihil aut culpa beatae.', 'South Benton', NULL);
INSERT INTO `user` (`uid`, `email`, `password`, `firstname`, `surname`, `registration_confirmed`, `is_deactivated`, `allow_notifications`, `role_id`, `description`, `location`, `photo`) VALUES (63, 'murray.vincenza@example.net', 'f86c2d3a87c16247d431e8d79f6f26e86bc2069d', 'Cassidy', 'Bartoletti', 0, 0, 0, 1, 'Molestiae expedita velit labore pariatur velit error iure. Eos nesciunt molestiae at repellat cupiditate atque. Cupiditate et vitae et blanditiis. Quae dolores maiores est vero quia ipsam. Reiciendis culpa sint omnis ea odio non.', 'North Garthtown', NULL);
INSERT INTO `user` (`uid`, `email`, `password`, `firstname`, `surname`, `registration_confirmed`, `is_deactivated`, `allow_notifications`, `role_id`, `description`, `location`, `photo`) VALUES (64, 'hortense79@example.com', 'fa0f2c3689e62094e6670f97394b36e657c0d788', 'Meaghan', 'Bailey', 0, 0, 0, 1, 'Voluptatem voluptatem nihil nesciunt autem modi natus. Id reprehenderit et sapiente dolores deserunt debitis porro. Velit eligendi laborum qui reprehenderit rerum quasi qui.', 'Londonside', NULL);
INSERT INTO `user` (`uid`, `email`, `password`, `firstname`, `surname`, `registration_confirmed`, `is_deactivated`, `allow_notifications`, `role_id`, `description`, `location`, `photo`) VALUES (65, 'lillie.senger@example.org', 'b29ed9f19cc0dcfed8ccc64c82712e13ea52a9e7', 'Mellie', 'West', 0, 0, 0, 1, 'Et dicta molestias et qui esse sint minima. Sint labore dolores possimus adipisci architecto occaecati ipsum velit. Ut sed aliquid accusamus laborum voluptatem aut exercitationem.', 'Catalinahaven', NULL);
INSERT INTO `user` (`uid`, `email`, `password`, `firstname`, `surname`, `registration_confirmed`, `is_deactivated`, `allow_notifications`, `role_id`, `description`, `location`, `photo`) VALUES (66, 'schinner.mikel@example.org', '0bef0aacc5496a550d670a8e38f5bb5ca746ac3a', 'Gideon', 'Jerde', 0, 0, 1, 1, 'Quo architecto dolore quibusdam aut soluta facere fugit omnis. Aut rerum qui aliquam omnis nihil dignissimos. Illo porro provident odit placeat.', 'Domenicoview', NULL);
INSERT INTO `user` (`uid`, `email`, `password`, `firstname`, `surname`, `registration_confirmed`, `is_deactivated`, `allow_notifications`, `role_id`, `description`, `location`, `photo`) VALUES (67, 'qrice@example.org', 'b6e756f27d499b847958db26f9de89414c501ace', 'Kory', 'Rosenbaum', 0, 0, 0, 1, 'Ea rem dolores sapiente esse ab. Quas alias asperiores soluta ducimus et quas. A voluptatum consequuntur architecto at et deleniti. Quo voluptates molestias inventore unde et.', 'Lake Brycenborough', NULL);
INSERT INTO `user` (`uid`, `email`, `password`, `firstname`, `surname`, `registration_confirmed`, `is_deactivated`, `allow_notifications`, `role_id`, `description`, `location`, `photo`) VALUES (68, 'susanna.toy@example.org', 'c1b310ebcc254494119ca69f6119b1db46e0e16b', 'Diego', 'Ruecker', 0, 0, 0, 1, 'Quis unde distinctio velit consectetur molestiae nesciunt. Rerum dolores modi doloribus explicabo officiis fuga. Omnis possimus officia placeat nobis quam. Molestias ut dolores eos.', 'Huelsview', NULL);
INSERT INTO `user` (`uid`, `email`, `password`, `firstname`, `surname`, `registration_confirmed`, `is_deactivated`, `allow_notifications`, `role_id`, `description`, `location`, `photo`) VALUES (69, 'ramon.conroy@example.org', 'abdbdeed1bd7162d4aff53b836d917d9e9e012d1', 'Jacky', 'O\'Keefe', 0, 0, 1, 1, 'Reprehenderit harum deleniti necessitatibus maxime. Et est eos sint qui quam. Aut qui non accusantium aut.', 'East Margarettland', NULL);
INSERT INTO `user` (`uid`, `email`, `password`, `firstname`, `surname`, `registration_confirmed`, `is_deactivated`, `allow_notifications`, `role_id`, `description`, `location`, `photo`) VALUES (70, 'larkin.brett@example.com', 'e272ea8e5eaa08951cd460eac5dc0a30121453ad', 'Willa', 'Kovacek', 0, 0, 0, 1, 'Placeat voluptatem consequatur voluptatem excepturi. Voluptas asperiores consequatur accusantium quis. Et placeat eos cum quaerat facilis quia. Sapiente ut omnis itaque sequi itaque.', 'Federicomouth', NULL);
INSERT INTO `user` (`uid`, `email`, `password`, `firstname`, `surname`, `registration_confirmed`, `is_deactivated`, `allow_notifications`, `role_id`, `description`, `location`, `photo`) VALUES (71, 'qlehner@example.org', 'f1d753e537840da8a7dc956a17c5f93f3f09822b', 'Marc', 'Ratke', 0, 0, 0, 1, 'Fugiat et architecto distinctio numquam excepturi molestiae. Ipsam tenetur qui ratione est.', 'South Terrancefort', NULL);
INSERT INTO `user` (`uid`, `email`, `password`, `firstname`, `surname`, `registration_confirmed`, `is_deactivated`, `allow_notifications`, `role_id`, `description`, `location`, `photo`) VALUES (72, 'kiehn.royce@example.com', 'caf2d7d26daa9163c3061562cdac855681a5dce8', 'Vickie', 'Towne', 0, 0, 0, 1, 'Ut corrupti et dolor perspiciatis qui. Voluptate omnis totam nemo natus tempore voluptatem. Est et sed iure neque dolor deserunt. Quasi pariatur et rem dolorem doloribus omnis totam.', 'Wildermanland', NULL);
INSERT INTO `user` (`uid`, `email`, `password`, `firstname`, `surname`, `registration_confirmed`, `is_deactivated`, `allow_notifications`, `role_id`, `description`, `location`, `photo`) VALUES (73, 'berniece.heller@example.com', '80a1b53a839b787c86a971f4dcfd28e21d37e172', 'Johnathon', 'Macejkovic', 0, 0, 1, 1, 'Sint omnis dolore sed cumque. Molestiae tempore est qui repellendus dolores. Maiores ullam at velit et quo in.', 'Russelview', NULL);
INSERT INTO `user` (`uid`, `email`, `password`, `firstname`, `surname`, `registration_confirmed`, `is_deactivated`, `allow_notifications`, `role_id`, `description`, `location`, `photo`) VALUES (74, 'emily03@example.org', 'ec66cbf03d749ed58c4cef4caa8a336aaaec47da', 'Leta', 'Kassulke', 0, 0, 1, 1, 'A delectus hic accusantium amet maiores. Sit laudantium neque voluptatum voluptatem ipsam delectus fugiat.', 'Port Nathentown', NULL);
INSERT INTO `user` (`uid`, `email`, `password`, `firstname`, `surname`, `registration_confirmed`, `is_deactivated`, `allow_notifications`, `role_id`, `description`, `location`, `photo`) VALUES (75, 'ward.davis@example.org', '0733ee1d80eec403a3754042c4cd9026440348b0', 'Sterling', 'Rippin', 0, 0, 1, 1, 'Minima qui dolorem dolor sapiente assumenda similique. Quidem iure quia error animi. Cupiditate et et voluptatibus est doloribus ut voluptatum. Beatae error pariatur nam odit vel.', 'East Gaetanofurt', NULL);
INSERT INTO `user` (`uid`, `email`, `password`, `firstname`, `surname`, `registration_confirmed`, `is_deactivated`, `allow_notifications`, `role_id`, `description`, `location`, `photo`) VALUES (76, 'rodriguez.gia@example.com', 'c097670ac2042bbfdf1a96678b9a6a150dca60bb', 'Darrion', 'O\'Kon', 0, 0, 1, 1, 'Eum culpa ex similique et. Labore iure aut repellat mollitia quidem labore culpa. Nostrum inventore dolor iure omnis totam in.', 'North Bryce', NULL);
INSERT INTO `user` (`uid`, `email`, `password`, `firstname`, `surname`, `registration_confirmed`, `is_deactivated`, `allow_notifications`, `role_id`, `description`, `location`, `photo`) VALUES (77, 'lennie.huel@example.org', '992dab331879be7a41773542fe7c8baff999b568', 'Sheridan', 'Rowe', 0, 0, 1, 1, 'Iure earum dolores modi nihil est. Sequi et qui perferendis assumenda necessitatibus. Fugiat molestias doloribus et in est et. Ut facilis vero exercitationem et rem.', 'Kinghaven', NULL);
INSERT INTO `user` (`uid`, `email`, `password`, `firstname`, `surname`, `registration_confirmed`, `is_deactivated`, `allow_notifications`, `role_id`, `description`, `location`, `photo`) VALUES (78, 'hhoppe@example.net', 'e6c3f9f4a0493937b42028b5ccb0b1797d9ed9e4', 'Joana', 'Fritsch', 0, 0, 1, 1, 'Quaerat numquam dolor quia quis. Qui omnis sint ad culpa non aperiam quam ut. Quia aut facere aut. Velit quasi architecto suscipit consequatur aut.', 'Rohanfort', NULL);
INSERT INTO `user` (`uid`, `email`, `password`, `firstname`, `surname`, `registration_confirmed`, `is_deactivated`, `allow_notifications`, `role_id`, `description`, `location`, `photo`) VALUES (79, 'cathryn29@example.net', 'a2c6105a8da5396a7bd19ba88d3159c94ecb756b', 'Bell', 'Conroy', 0, 0, 1, 1, 'Alias laborum quo inventore aut unde rerum ipsam. Adipisci voluptatem deserunt tempore eligendi sit.', 'Jewellmouth', NULL);
INSERT INTO `user` (`uid`, `email`, `password`, `firstname`, `surname`, `registration_confirmed`, `is_deactivated`, `allow_notifications`, `role_id`, `description`, `location`, `photo`) VALUES (80, 'hilpert.monica@example.com', '7d84733a5e68e5e0671ff7a0bea84ccb4f3bf078', 'Alva', 'Vandervort', 0, 0, 1, 1, 'Voluptas tempore et voluptas et. In sit porro qui et animi temporibus velit aut. Voluptatum ut est commodi ea. Ea assumenda maxime aut vero architecto. Ipsa laudantium doloremque voluptatem repudiandae praesentium.', 'Hodkiewiczstad', NULL);
INSERT INTO `user` (`uid`, `email`, `password`, `firstname`, `surname`, `registration_confirmed`, `is_deactivated`, `allow_notifications`, `role_id`, `description`, `location`, `photo`) VALUES (81, 'williamson.asha@example.org', 'a45bab4b86892ecb3a95128e8a2b843a05e03d4a', 'Seth', 'Moen', 0, 0, 0, 1, 'Molestiae consequatur aspernatur eaque ipsam molestiae. Cupiditate quia et sit aut veniam fugiat sed. Animi maxime quisquam natus ipsum voluptatibus. Quaerat aperiam temporibus reiciendis dolorem voluptatum dolores ipsam.', 'New Marshall', NULL);
INSERT INTO `user` (`uid`, `email`, `password`, `firstname`, `surname`, `registration_confirmed`, `is_deactivated`, `allow_notifications`, `role_id`, `description`, `location`, `photo`) VALUES (82, 'remington.bartoletti@example.net', 'db64af5b068766737e640aef6389627ed3849d85', 'Laura', 'Kunde', 0, 0, 0, 1, 'Qui dolor eveniet est itaque. Aliquam iure ea fugiat et iusto et officia repellat. Qui ab sit voluptatum minus voluptatem quis ut. Incidunt molestiae ut voluptas quia corporis. Sunt tenetur neque qui dignissimos voluptatum et aut.', 'Hintzburgh', NULL);
INSERT INTO `user` (`uid`, `email`, `password`, `firstname`, `surname`, `registration_confirmed`, `is_deactivated`, `allow_notifications`, `role_id`, `description`, `location`, `photo`) VALUES (83, 'roslyn.ryan@example.com', '9fc0d52e92515677d1008cab4e1367237277fb6b', 'Gaston', 'Schuster', 0, 1, 1, 1, 'Nam tenetur consequatur ipsum quisquam fuga. Blanditiis et sit ad quibusdam aut temporibus. Atque maxime dolorum aut. Amet perferendis est enim nihil ad sed.', 'South Randy', NULL);
INSERT INTO `user` (`uid`, `email`, `password`, `firstname`, `surname`, `registration_confirmed`, `is_deactivated`, `allow_notifications`, `role_id`, `description`, `location`, `photo`) VALUES (84, 'muller.alf@example.com', '1eae415fe0aa6733d1094917a951f9a9f2e819f4', 'Rozella', 'Cummings', 0, 0, 0, 1, 'Pariatur nemo distinctio sapiente quaerat sint vero totam. Optio est reprehenderit adipisci nemo expedita optio. Dicta et dolores eveniet ut.', 'Baileymouth', NULL);
INSERT INTO `user` (`uid`, `email`, `password`, `firstname`, `surname`, `registration_confirmed`, `is_deactivated`, `allow_notifications`, `role_id`, `description`, `location`, `photo`) VALUES (85, 'rosemary.marquardt@example.org', '387c6dfcd1d906e8a6cbfef03ab6500006412598', 'Darrin', 'Wolf', 0, 1, 1, 1, 'Esse quis velit ratione non temporibus. Suscipit et nemo alias qui doloribus quia. Ratione aspernatur ullam sit eaque unde.', 'Daphneyfurt', NULL);
INSERT INTO `user` (`uid`, `email`, `password`, `firstname`, `surname`, `registration_confirmed`, `is_deactivated`, `allow_notifications`, `role_id`, `description`, `location`, `photo`) VALUES (86, 'hilbert50@example.com', '77469fe9071a901566a2e87f8eead6b5bd3667ff', 'Sibyl', 'Spencer', 0, 0, 0, 1, 'Eum illo et temporibus unde cupiditate ex dignissimos. Id et accusantium officiis sunt voluptatem sit.', 'Rennershire', NULL);
INSERT INTO `user` (`uid`, `email`, `password`, `firstname`, `surname`, `registration_confirmed`, `is_deactivated`, `allow_notifications`, `role_id`, `description`, `location`, `photo`) VALUES (87, 'mae.bayer@example.com', '2ba91f4667e0aee4d23ee2ae8a236e40f8cf4d82', 'Norwood', 'Feeney', 0, 1, 0, 1, 'Est consequatur consequatur doloribus quas atque reprehenderit. Fugit facilis eaque voluptas doloribus qui dolorum commodi. Laboriosam quam sint ea molestias eveniet sit. Aut quasi enim facilis quia officia.', 'North Gaetano', NULL);
INSERT INTO `user` (`uid`, `email`, `password`, `firstname`, `surname`, `registration_confirmed`, `is_deactivated`, `allow_notifications`, `role_id`, `description`, `location`, `photo`) VALUES (88, 'ejacobson@example.net', 'bdd75c165e4b2fe81f27afcf416560baa1a11a2e', 'Frances', 'Glover', 0, 0, 0, 1, 'Mollitia nam amet culpa suscipit. Repellendus qui accusantium libero eveniet. Minima alias quas et magni iusto blanditiis temporibus.', 'East Jaydeport', NULL);
INSERT INTO `user` (`uid`, `email`, `password`, `firstname`, `surname`, `registration_confirmed`, `is_deactivated`, `allow_notifications`, `role_id`, `description`, `location`, `photo`) VALUES (89, 'uheidenreich@example.org', '1adb6afaff2d0c59180f070a146315062ee880de', 'Yessenia', 'Franecki', 0, 0, 1, 1, 'Aut libero provident enim quia. Sint voluptatem quod aut suscipit fugit id. Sapiente minima quis sit. Repudiandae totam eos autem harum repudiandae qui velit.', 'West Callietown', NULL);
INSERT INTO `user` (`uid`, `email`, `password`, `firstname`, `surname`, `registration_confirmed`, `is_deactivated`, `allow_notifications`, `role_id`, `description`, `location`, `photo`) VALUES (90, 'miller.langworth@example.net', 'a172b02c78b605ba4b18694976f1a948e48071e3', 'Beaulah', 'Dickens', 0, 0, 0, 1, 'At inventore occaecati deserunt quo adipisci. Aspernatur dolorum voluptas deleniti dicta. Molestiae similique porro nam numquam quasi debitis. Inventore aliquam ut debitis et.', 'Oratown', NULL);
INSERT INTO `user` (`uid`, `email`, `password`, `firstname`, `surname`, `registration_confirmed`, `is_deactivated`, `allow_notifications`, `role_id`, `description`, `location`, `photo`) VALUES (91, 'abbott.aglae@example.net', '2edfa78d6d8ec6489be74b3e2bfa916edad1d4f2', 'Dora', 'Armstrong', 0, 0, 1, 1, 'Ipsam illum sit ex ad explicabo provident voluptas. Accusantium sed quaerat vitae. Delectus est delectus reprehenderit aut.', 'Lake Karelle', NULL);
INSERT INTO `user` (`uid`, `email`, `password`, `firstname`, `surname`, `registration_confirmed`, `is_deactivated`, `allow_notifications`, `role_id`, `description`, `location`, `photo`) VALUES (92, 'bhauck@example.com', '3a8fa3311c284bd7ccd02751ecbcd5f23c05083d', 'Brant', 'Bosco', 0, 0, 1, 1, 'Fuga et necessitatibus optio. Sed eos natus aut distinctio quos autem autem assumenda. Omnis est eos sed vitae dolore.', 'Cullenhaven', NULL);
INSERT INTO `user` (`uid`, `email`, `password`, `firstname`, `surname`, `registration_confirmed`, `is_deactivated`, `allow_notifications`, `role_id`, `description`, `location`, `photo`) VALUES (93, 'hickle.yvonne@example.com', '7b1ddc34eec1848e190e277fe1d5ec8a9d2afd79', 'Avery', 'Wintheiser', 0, 0, 1, 1, 'Est aut veritatis nesciunt. Ut et minus necessitatibus. Laboriosam repellendus voluptatem quia. Nostrum rerum explicabo et facilis atque.', 'Mertzside', NULL);
INSERT INTO `user` (`uid`, `email`, `password`, `firstname`, `surname`, `registration_confirmed`, `is_deactivated`, `allow_notifications`, `role_id`, `description`, `location`, `photo`) VALUES (94, 'xmacejkovic@example.com', '5bcfd8f11189c0fa16c746abec4df189bde76f93', 'Ryley', 'Trantow', 0, 0, 1, 1, 'Nihil est eum et explicabo labore earum voluptatum. Ab rerum molestiae aut dolore. Molestiae numquam placeat ut nemo. Consectetur labore recusandae voluptatibus expedita repudiandae distinctio in.', 'East Madysonborough', NULL);
INSERT INTO `user` (`uid`, `email`, `password`, `firstname`, `surname`, `registration_confirmed`, `is_deactivated`, `allow_notifications`, `role_id`, `description`, `location`, `photo`) VALUES (95, 'egibson@example.com', 'cadff2ff9fd92cfe8b7d1702c3d352e87c0448d3', 'Gerald', 'Lindgren', 0, 1, 0, 1, 'Recusandae consequuntur consequatur consequuntur cum. Veritatis voluptatem architecto et quia eum aperiam nobis.', 'Port Josiane', NULL);
INSERT INTO `user` (`uid`, `email`, `password`, `firstname`, `surname`, `registration_confirmed`, `is_deactivated`, `allow_notifications`, `role_id`, `description`, `location`, `photo`) VALUES (96, 'vicky.hegmann@example.net', 'bf24e6c3f2c308bde7af1550a1e94658e875d6ca', 'Serena', 'Johns', 0, 0, 1, 1, 'Id officia dolores fugit consequatur eaque dicta ipsam. Quas repellendus neque dolor qui aspernatur et perferendis adipisci. Blanditiis ad magnam excepturi rem occaecati aliquam.', 'Port Glennachester', NULL);
INSERT INTO `user` (`uid`, `email`, `password`, `firstname`, `surname`, `registration_confirmed`, `is_deactivated`, `allow_notifications`, `role_id`, `description`, `location`, `photo`) VALUES (97, 'laurence39@example.org', '931180af2d276981e496c27167eff0c9d75a8ea3', 'Erick', 'Jacobi', 0, 0, 1, 1, 'Vitae possimus ut aut incidunt. Eaque sint voluptatem velit est excepturi debitis. Harum quia porro tempore placeat tempora est.', 'New Brianafurt', NULL);
INSERT INTO `user` (`uid`, `email`, `password`, `firstname`, `surname`, `registration_confirmed`, `is_deactivated`, `allow_notifications`, `role_id`, `description`, `location`, `photo`) VALUES (98, 'curt.marks@example.org', 'c4c0a39896937d6bcfd219905c39bccbbff4283a', 'Wilber', 'Schuster', 0, 0, 1, 1, 'Qui ut quibusdam architecto asperiores assumenda. Incidunt occaecati omnis corrupti iure perferendis repellendus itaque. Neque laudantium voluptas aperiam inventore. Quam in aliquam molestias dolorum.', 'North Kian', NULL);
INSERT INTO `user` (`uid`, `email`, `password`, `firstname`, `surname`, `registration_confirmed`, `is_deactivated`, `allow_notifications`, `role_id`, `description`, `location`, `photo`) VALUES (99, 'sward@example.com', '1b430b40805f12171c9d754215ec05b33ae9ff78', 'Jaqueline', 'Treutel', 0, 0, 0, 1, 'Sed est nemo magni est. Quos eligendi consequatur commodi earum fugiat perspiciatis nobis alias.', 'Hyattland', NULL);
INSERT INTO `user` (`uid`, `email`, `password`, `firstname`, `surname`, `registration_confirmed`, `is_deactivated`, `allow_notifications`, `role_id`, `description`, `location`, `photo`) VALUES (100, 'vivien33@example.org', 'b90953205019f7f7015932ed03a595243fc0b5ed', 'Green', 'Murazik', 0, 0, 0, 1, 'Facere esse et unde alias. Quo autem magnam fugiat. Vero suscipit aut quia autem nihil atque dolor molestiae.', 'East Jedidiahtown', NULL);


INSERT INTO `ban` (`reason_id`, `by_user_id`, `reported_user_id`, `description`, `date_time`) VALUES (1, 94, 85, '', '2006-09-11 12:39:33');
INSERT INTO `ban` (`reason_id`, `by_user_id`, `reported_user_id`, `description`, `date_time`) VALUES (2, 4, 69, 'Sit qui fuga dolores eveniet et incidunt veniam sed. Voluptatem repudiandae ad pariatur deserunt. Mollitia laborum qui voluptas repudiandae labore assumenda illum. Enim ratione rerum omnis excepturi. ', '1997-03-15 22:41:22');
INSERT INTO `ban` (`reason_id`, `by_user_id`, `reported_user_id`, `description`, `date_time`) VALUES (3, 73, 100, '', '2018-10-06 22:13:11');
INSERT INTO `ban` (`reason_id`, `by_user_id`, `reported_user_id`, `description`, `date_time`) VALUES (4, 96, 16, 'Recusandae nam aut omnis dolores mollitia molestias. In ullam non sint ut et. Quos quae velit similique quia rerum quae. Excepturi culpa inventore nostrum.', '1971-01-25 21:12:33');
INSERT INTO `ban` (`reason_id`, `by_user_id`, `reported_user_id`, `description`, `date_time`) VALUES (5, 79, 95, 'Reprehenderit tempore aut illo omnis velit minus. Deleniti blanditiis esse beatae rerum aliquid ipsam et omnis. Quis atque voluptatibus non saepe nesciunt voluptas ea.', '1983-01-14 16:59:23');
INSERT INTO `ban` (`reason_id`, `by_user_id`, `reported_user_id`, `description`, `date_time`) VALUES (6, 66, 67, 'Et neque maiores temporibus consequatur animi eum. Rem quis dolores harum sed. Non est modi atque non corporis. Eos alias repudiandae sit doloremque reiciendis.', '2007-04-29 06:42:28');
INSERT INTO `ban` (`reason_id`, `by_user_id`, `reported_user_id`, `description`, `date_time`) VALUES (7, 40, 51, 'Ut est iusto velit molestiae quisquam. Possimus corporis facere id ea vel. Aut nihil qui voluptates provident quisquam.', '1998-12-30 01:00:20');
INSERT INTO `ban` (`reason_id`, `by_user_id`, `reported_user_id`, `description`, `date_time`) VALUES (8, 55, 83, '', '1996-10-07 12:40:13');
INSERT INTO `ban` (`reason_id`, `by_user_id`, `reported_user_id`, `description`, `date_time`) VALUES (9, 91, 5, '', '1998-02-18 09:09:53');
INSERT INTO `ban` (`reason_id`, `by_user_id`, `reported_user_id`, `description`, `date_time`) VALUES (10, 66, 45, 'Occaecati dolores sint ut assumenda autem. Et cumque aperiam provident error aut vero voluptas. Vel est illo delectus autem.', '1990-07-18 21:32:39');
INSERT INTO `ban` (`reason_id`, `by_user_id`, `reported_user_id`, `description`, `date_time`) VALUES (11, 66, 80, '', '2009-10-29 11:01:08');
INSERT INTO `ban` (`reason_id`, `by_user_id`, `reported_user_id`, `description`, `date_time`) VALUES (12, 36, 38, 'Quasi occaecati atque maxime eum necessitatibus a. Non nihil tempora doloribus maiores molestiae ut ea laboriosam. Omnis assumenda iste rerum ut iusto eligendi. Aut labore atque quidem unde.', '1991-09-23 06:12:03');
INSERT INTO `ban` (`reason_id`, `by_user_id`, `reported_user_id`, `description`, `date_time`) VALUES (13, 39, 29, 'Rerum officiis adipisci minima rem et et. Ex qui dolor ex repellendus modi. Dolores voluptates voluptate possimus vel dolor hic. Eligendi tempora dolores repudiandae ut est suscipit. Explicabo illum e', '1974-06-10 04:18:54');
INSERT INTO `ban` (`reason_id`, `by_user_id`, `reported_user_id`, `description`, `date_time`) VALUES (14, 78, 18, 'Voluptas et est nostrum tenetur laboriosam beatae sit ea. Excepturi necessitatibus ut non sunt nemo. Illum id vel explicabo voluptatem hic.', '1980-05-19 13:30:32');
INSERT INTO `ban` (`reason_id`, `by_user_id`, `reported_user_id`, `description`, `date_time`) VALUES (15, 75, 89, '', '2018-11-30 16:47:15');
INSERT INTO `ban` (`reason_id`, `by_user_id`, `reported_user_id`, `description`, `date_time`) VALUES (16, 46, 68, '', '1995-01-04 15:06:03');
INSERT INTO `ban` (`reason_id`, `by_user_id`, `reported_user_id`, `description`, `date_time`) VALUES (17, 73, 50, '', '1974-08-25 06:01:09');
INSERT INTO `ban` (`reason_id`, `by_user_id`, `reported_user_id`, `description`, `date_time`) VALUES (18, 36, 46, '', '2018-02-27 15:36:24');
INSERT INTO `ban` (`reason_id`, `by_user_id`, `reported_user_id`, `description`, `date_time`) VALUES (19, 49, 32, 'Fugiat sapiente voluptatem eaque tempora qui et necessitatibus. Unde non id est animi quidem.', '2011-02-20 19:20:16');
INSERT INTO `ban` (`reason_id`, `by_user_id`, `reported_user_id`, `description`, `date_time`) VALUES (20, 61, 27, 'Id aspernatur maiores quia soluta reiciendis velit omnis. Repudiandae et in adipisci et.', '1974-09-24 18:14:05');

INSERT INTO `followers` (`followed_user_id`, `follower_id`) VALUES (1, 50);
INSERT INTO `followers` (`followed_user_id`, `follower_id`) VALUES (1, 73);
INSERT INTO `followers` (`followed_user_id`, `follower_id`) VALUES (1, 95);
INSERT INTO `followers` (`followed_user_id`, `follower_id`) VALUES (2, 19);
INSERT INTO `followers` (`followed_user_id`, `follower_id`) VALUES (2, 33);
INSERT INTO `followers` (`followed_user_id`, `follower_id`) VALUES (4, 91);
INSERT INTO `followers` (`followed_user_id`, `follower_id`) VALUES (5, 94);
INSERT INTO `followers` (`followed_user_id`, `follower_id`) VALUES (6, 11);
INSERT INTO `followers` (`followed_user_id`, `follower_id`) VALUES (6, 25);
INSERT INTO `followers` (`followed_user_id`, `follower_id`) VALUES (6, 71);
INSERT INTO `followers` (`followed_user_id`, `follower_id`) VALUES (6, 99);
INSERT INTO `followers` (`followed_user_id`, `follower_id`) VALUES (7, 80);
INSERT INTO `followers` (`followed_user_id`, `follower_id`) VALUES (9, 3);
INSERT INTO `followers` (`followed_user_id`, `follower_id`) VALUES (9, 26);
INSERT INTO `followers` (`followed_user_id`, `follower_id`) VALUES (9, 87);
INSERT INTO `followers` (`followed_user_id`, `follower_id`) VALUES (11, 19);
INSERT INTO `followers` (`followed_user_id`, `follower_id`) VALUES (11, 40);
INSERT INTO `followers` (`followed_user_id`, `follower_id`) VALUES (12, 10);
INSERT INTO `followers` (`followed_user_id`, `follower_id`) VALUES (12, 100);
INSERT INTO `followers` (`followed_user_id`, `follower_id`) VALUES (13, 100);
INSERT INTO `followers` (`followed_user_id`, `follower_id`) VALUES (14, 30);
INSERT INTO `followers` (`followed_user_id`, `follower_id`) VALUES (14, 87);
INSERT INTO `followers` (`followed_user_id`, `follower_id`) VALUES (15, 17);
INSERT INTO `followers` (`followed_user_id`, `follower_id`) VALUES (15, 22);
INSERT INTO `followers` (`followed_user_id`, `follower_id`) VALUES (18, 20);
INSERT INTO `followers` (`followed_user_id`, `follower_id`) VALUES (18, 91);
INSERT INTO `followers` (`followed_user_id`, `follower_id`) VALUES (19, 3);
INSERT INTO `followers` (`followed_user_id`, `follower_id`) VALUES (19, 36);
INSERT INTO `followers` (`followed_user_id`, `follower_id`) VALUES (19, 38);
INSERT INTO `followers` (`followed_user_id`, `follower_id`) VALUES (19, 66);
INSERT INTO `followers` (`followed_user_id`, `follower_id`) VALUES (19, 80);
INSERT INTO `followers` (`followed_user_id`, `follower_id`) VALUES (19, 88);
INSERT INTO `followers` (`followed_user_id`, `follower_id`) VALUES (20, 29);
INSERT INTO `followers` (`followed_user_id`, `follower_id`) VALUES (20, 83);
INSERT INTO `followers` (`followed_user_id`, `follower_id`) VALUES (20, 86);
INSERT INTO `followers` (`followed_user_id`, `follower_id`) VALUES (21, 45);
INSERT INTO `followers` (`followed_user_id`, `follower_id`) VALUES (21, 79);
INSERT INTO `followers` (`followed_user_id`, `follower_id`) VALUES (22, 11);
INSERT INTO `followers` (`followed_user_id`, `follower_id`) VALUES (22, 22);
INSERT INTO `followers` (`followed_user_id`, `follower_id`) VALUES (23, 44);
INSERT INTO `followers` (`followed_user_id`, `follower_id`) VALUES (24, 80);
INSERT INTO `followers` (`followed_user_id`, `follower_id`) VALUES (25, 77);
INSERT INTO `followers` (`followed_user_id`, `follower_id`) VALUES (25, 83);
INSERT INTO `followers` (`followed_user_id`, `follower_id`) VALUES (26, 35);
INSERT INTO `followers` (`followed_user_id`, `follower_id`) VALUES (27, 73);
INSERT INTO `followers` (`followed_user_id`, `follower_id`) VALUES (28, 47);
INSERT INTO `followers` (`followed_user_id`, `follower_id`) VALUES (28, 48);
INSERT INTO `followers` (`followed_user_id`, `follower_id`) VALUES (28, 65);
INSERT INTO `followers` (`followed_user_id`, `follower_id`) VALUES (28, 81);
INSERT INTO `followers` (`followed_user_id`, `follower_id`) VALUES (29, 45);
INSERT INTO `followers` (`followed_user_id`, `follower_id`) VALUES (29, 83);
INSERT INTO `followers` (`followed_user_id`, `follower_id`) VALUES (29, 95);
INSERT INTO `followers` (`followed_user_id`, `follower_id`) VALUES (30, 1);
INSERT INTO `followers` (`followed_user_id`, `follower_id`) VALUES (30, 75);
INSERT INTO `followers` (`followed_user_id`, `follower_id`) VALUES (31, 5);
INSERT INTO `followers` (`followed_user_id`, `follower_id`) VALUES (31, 15);
INSERT INTO `followers` (`followed_user_id`, `follower_id`) VALUES (31, 30);
INSERT INTO `followers` (`followed_user_id`, `follower_id`) VALUES (31, 39);
INSERT INTO `followers` (`followed_user_id`, `follower_id`) VALUES (32, 12);
INSERT INTO `followers` (`followed_user_id`, `follower_id`) VALUES (32, 95);
INSERT INTO `followers` (`followed_user_id`, `follower_id`) VALUES (33, 41);
INSERT INTO `followers` (`followed_user_id`, `follower_id`) VALUES (34, 9);
INSERT INTO `followers` (`followed_user_id`, `follower_id`) VALUES (34, 18);
INSERT INTO `followers` (`followed_user_id`, `follower_id`) VALUES (35, 37);
INSERT INTO `followers` (`followed_user_id`, `follower_id`) VALUES (36, 3);
INSERT INTO `followers` (`followed_user_id`, `follower_id`) VALUES (36, 52);
INSERT INTO `followers` (`followed_user_id`, `follower_id`) VALUES (37, 27);
INSERT INTO `followers` (`followed_user_id`, `follower_id`) VALUES (37, 65);
INSERT INTO `followers` (`followed_user_id`, `follower_id`) VALUES (37, 77);
INSERT INTO `followers` (`followed_user_id`, `follower_id`) VALUES (38, 9);
INSERT INTO `followers` (`followed_user_id`, `follower_id`) VALUES (38, 12);
INSERT INTO `followers` (`followed_user_id`, `follower_id`) VALUES (38, 22);
INSERT INTO `followers` (`followed_user_id`, `follower_id`) VALUES (39, 7);
INSERT INTO `followers` (`followed_user_id`, `follower_id`) VALUES (39, 24);
INSERT INTO `followers` (`followed_user_id`, `follower_id`) VALUES (39, 72);
INSERT INTO `followers` (`followed_user_id`, `follower_id`) VALUES (39, 90);
INSERT INTO `followers` (`followed_user_id`, `follower_id`) VALUES (40, 4);
INSERT INTO `followers` (`followed_user_id`, `follower_id`) VALUES (41, 1);
INSERT INTO `followers` (`followed_user_id`, `follower_id`) VALUES (41, 59);
INSERT INTO `followers` (`followed_user_id`, `follower_id`) VALUES (41, 99);
INSERT INTO `followers` (`followed_user_id`, `follower_id`) VALUES (42, 22);
INSERT INTO `followers` (`followed_user_id`, `follower_id`) VALUES (42, 43);
INSERT INTO `followers` (`followed_user_id`, `follower_id`) VALUES (42, 72);
INSERT INTO `followers` (`followed_user_id`, `follower_id`) VALUES (42, 75);
INSERT INTO `followers` (`followed_user_id`, `follower_id`) VALUES (42, 93);
INSERT INTO `followers` (`followed_user_id`, `follower_id`) VALUES (43, 2);
INSERT INTO `followers` (`followed_user_id`, `follower_id`) VALUES (43, 78);
INSERT INTO `followers` (`followed_user_id`, `follower_id`) VALUES (44, 51);
INSERT INTO `followers` (`followed_user_id`, `follower_id`) VALUES (44, 58);
INSERT INTO `followers` (`followed_user_id`, `follower_id`) VALUES (44, 84);
INSERT INTO `followers` (`followed_user_id`, `follower_id`) VALUES (44, 96);
INSERT INTO `followers` (`followed_user_id`, `follower_id`) VALUES (45, 12);
INSERT INTO `followers` (`followed_user_id`, `follower_id`) VALUES (45, 50);
INSERT INTO `followers` (`followed_user_id`, `follower_id`) VALUES (45, 71);
INSERT INTO `followers` (`followed_user_id`, `follower_id`) VALUES (46, 47);
INSERT INTO `followers` (`followed_user_id`, `follower_id`) VALUES (46, 100);
INSERT INTO `followers` (`followed_user_id`, `follower_id`) VALUES (47, 13);
INSERT INTO `followers` (`followed_user_id`, `follower_id`) VALUES (47, 22);
INSERT INTO `followers` (`followed_user_id`, `follower_id`) VALUES (47, 45);
INSERT INTO `followers` (`followed_user_id`, `follower_id`) VALUES (48, 76);
INSERT INTO `followers` (`followed_user_id`, `follower_id`) VALUES (48, 91);
INSERT INTO `followers` (`followed_user_id`, `follower_id`) VALUES (48, 92);
INSERT INTO `followers` (`followed_user_id`, `follower_id`) VALUES (49, 17);
INSERT INTO `followers` (`followed_user_id`, `follower_id`) VALUES (49, 45);
INSERT INTO `followers` (`followed_user_id`, `follower_id`) VALUES (49, 96);
INSERT INTO `followers` (`followed_user_id`, `follower_id`) VALUES (50, 12);
INSERT INTO `followers` (`followed_user_id`, `follower_id`) VALUES (50, 75);
INSERT INTO `followers` (`followed_user_id`, `follower_id`) VALUES (51, 32);
INSERT INTO `followers` (`followed_user_id`, `follower_id`) VALUES (52, 18);
INSERT INTO `followers` (`followed_user_id`, `follower_id`) VALUES (52, 31);
INSERT INTO `followers` (`followed_user_id`, `follower_id`) VALUES (53, 68);
INSERT INTO `followers` (`followed_user_id`, `follower_id`) VALUES (53, 74);
INSERT INTO `followers` (`followed_user_id`, `follower_id`) VALUES (53, 82);
INSERT INTO `followers` (`followed_user_id`, `follower_id`) VALUES (53, 87);
INSERT INTO `followers` (`followed_user_id`, `follower_id`) VALUES (54, 37);
INSERT INTO `followers` (`followed_user_id`, `follower_id`) VALUES (56, 44);
INSERT INTO `followers` (`followed_user_id`, `follower_id`) VALUES (57, 13);
INSERT INTO `followers` (`followed_user_id`, `follower_id`) VALUES (57, 37);
INSERT INTO `followers` (`followed_user_id`, `follower_id`) VALUES (57, 48);
INSERT INTO `followers` (`followed_user_id`, `follower_id`) VALUES (57, 52);
INSERT INTO `followers` (`followed_user_id`, `follower_id`) VALUES (57, 70);
INSERT INTO `followers` (`followed_user_id`, `follower_id`) VALUES (57, 89);
INSERT INTO `followers` (`followed_user_id`, `follower_id`) VALUES (58, 3);
INSERT INTO `followers` (`followed_user_id`, `follower_id`) VALUES (59, 16);
INSERT INTO `followers` (`followed_user_id`, `follower_id`) VALUES (59, 32);
INSERT INTO `followers` (`followed_user_id`, `follower_id`) VALUES (59, 88);
INSERT INTO `followers` (`followed_user_id`, `follower_id`) VALUES (60, 36);
INSERT INTO `followers` (`followed_user_id`, `follower_id`) VALUES (60, 50);
INSERT INTO `followers` (`followed_user_id`, `follower_id`) VALUES (61, 66);
INSERT INTO `followers` (`followed_user_id`, `follower_id`) VALUES (62, 70);
INSERT INTO `followers` (`followed_user_id`, `follower_id`) VALUES (62, 80);
INSERT INTO `followers` (`followed_user_id`, `follower_id`) VALUES (63, 10);
INSERT INTO `followers` (`followed_user_id`, `follower_id`) VALUES (63, 16);
INSERT INTO `followers` (`followed_user_id`, `follower_id`) VALUES (63, 75);
INSERT INTO `followers` (`followed_user_id`, `follower_id`) VALUES (63, 90);
INSERT INTO `followers` (`followed_user_id`, `follower_id`) VALUES (64, 62);
INSERT INTO `followers` (`followed_user_id`, `follower_id`) VALUES (64, 82);
INSERT INTO `followers` (`followed_user_id`, `follower_id`) VALUES (65, 57);
INSERT INTO `followers` (`followed_user_id`, `follower_id`) VALUES (66, 90);
INSERT INTO `followers` (`followed_user_id`, `follower_id`) VALUES (66, 98);
INSERT INTO `followers` (`followed_user_id`, `follower_id`) VALUES (67, 39);
INSERT INTO `followers` (`followed_user_id`, `follower_id`) VALUES (67, 51);
INSERT INTO `followers` (`followed_user_id`, `follower_id`) VALUES (69, 12);
INSERT INTO `followers` (`followed_user_id`, `follower_id`) VALUES (70, 58);
INSERT INTO `followers` (`followed_user_id`, `follower_id`) VALUES (71, 53);
INSERT INTO `followers` (`followed_user_id`, `follower_id`) VALUES (71, 54);
INSERT INTO `followers` (`followed_user_id`, `follower_id`) VALUES (72, 55);
INSERT INTO `followers` (`followed_user_id`, `follower_id`) VALUES (72, 70);
INSERT INTO `followers` (`followed_user_id`, `follower_id`) VALUES (74, 8);
INSERT INTO `followers` (`followed_user_id`, `follower_id`) VALUES (75, 31);
INSERT INTO `followers` (`followed_user_id`, `follower_id`) VALUES (76, 43);
INSERT INTO `followers` (`followed_user_id`, `follower_id`) VALUES (77, 14);
INSERT INTO `followers` (`followed_user_id`, `follower_id`) VALUES (77, 21);
INSERT INTO `followers` (`followed_user_id`, `follower_id`) VALUES (78, 61);
INSERT INTO `followers` (`followed_user_id`, `follower_id`) VALUES (79, 36);
INSERT INTO `followers` (`followed_user_id`, `follower_id`) VALUES (79, 57);
INSERT INTO `followers` (`followed_user_id`, `follower_id`) VALUES (79, 70);
INSERT INTO `followers` (`followed_user_id`, `follower_id`) VALUES (80, 37);
INSERT INTO `followers` (`followed_user_id`, `follower_id`) VALUES (80, 38);
INSERT INTO `followers` (`followed_user_id`, `follower_id`) VALUES (80, 96);
INSERT INTO `followers` (`followed_user_id`, `follower_id`) VALUES (81, 54);
INSERT INTO `followers` (`followed_user_id`, `follower_id`) VALUES (81, 79);
INSERT INTO `followers` (`followed_user_id`, `follower_id`) VALUES (83, 7);
INSERT INTO `followers` (`followed_user_id`, `follower_id`) VALUES (83, 32);
INSERT INTO `followers` (`followed_user_id`, `follower_id`) VALUES (83, 43);
INSERT INTO `followers` (`followed_user_id`, `follower_id`) VALUES (84, 12);
INSERT INTO `followers` (`followed_user_id`, `follower_id`) VALUES (84, 59);
INSERT INTO `followers` (`followed_user_id`, `follower_id`) VALUES (84, 89);
INSERT INTO `followers` (`followed_user_id`, `follower_id`) VALUES (85, 97);
INSERT INTO `followers` (`followed_user_id`, `follower_id`) VALUES (86, 17);
INSERT INTO `followers` (`followed_user_id`, `follower_id`) VALUES (86, 88);
INSERT INTO `followers` (`followed_user_id`, `follower_id`) VALUES (86, 96);
INSERT INTO `followers` (`followed_user_id`, `follower_id`) VALUES (87, 26);
INSERT INTO `followers` (`followed_user_id`, `follower_id`) VALUES (87, 44);
INSERT INTO `followers` (`followed_user_id`, `follower_id`) VALUES (87, 96);
INSERT INTO `followers` (`followed_user_id`, `follower_id`) VALUES (88, 5);
INSERT INTO `followers` (`followed_user_id`, `follower_id`) VALUES (88, 19);
INSERT INTO `followers` (`followed_user_id`, `follower_id`) VALUES (88, 27);
INSERT INTO `followers` (`followed_user_id`, `follower_id`) VALUES (89, 9);
INSERT INTO `followers` (`followed_user_id`, `follower_id`) VALUES (89, 23);
INSERT INTO `followers` (`followed_user_id`, `follower_id`) VALUES (90, 28);
INSERT INTO `followers` (`followed_user_id`, `follower_id`) VALUES (90, 89);
INSERT INTO `followers` (`followed_user_id`, `follower_id`) VALUES (91, 70);
INSERT INTO `followers` (`followed_user_id`, `follower_id`) VALUES (91, 71);
INSERT INTO `followers` (`followed_user_id`, `follower_id`) VALUES (92, 48);
INSERT INTO `followers` (`followed_user_id`, `follower_id`) VALUES (92, 68);
INSERT INTO `followers` (`followed_user_id`, `follower_id`) VALUES (92, 79);
INSERT INTO `followers` (`followed_user_id`, `follower_id`) VALUES (92, 87);
INSERT INTO `followers` (`followed_user_id`, `follower_id`) VALUES (93, 25);
INSERT INTO `followers` (`followed_user_id`, `follower_id`) VALUES (93, 83);
INSERT INTO `followers` (`followed_user_id`, `follower_id`) VALUES (94, 48);
INSERT INTO `followers` (`followed_user_id`, `follower_id`) VALUES (95, 29);
INSERT INTO `followers` (`followed_user_id`, `follower_id`) VALUES (95, 92);
INSERT INTO `followers` (`followed_user_id`, `follower_id`) VALUES (96, 84);
INSERT INTO `followers` (`followed_user_id`, `follower_id`) VALUES (97, 35);
INSERT INTO `followers` (`followed_user_id`, `follower_id`) VALUES (99, 22);
INSERT INTO `followers` (`followed_user_id`, `follower_id`) VALUES (100, 54);
INSERT INTO `followers` (`followed_user_id`, `follower_id`) VALUES (100, 63);
INSERT INTO `followers` (`followed_user_id`, `follower_id`) VALUES (100, 81);


INSERT INTO `meetup` (`title`, `uid`, `start_date_time`, `finish_date_time`, `place`, `registered_attendees`, `min_attendees`, `max_attendees`, `state_id`, `speaker_id`, `description`) VALUES ('Et non qui sed reprehenderit consectetur.', 1, '1975-10-12 00:00:00', '1980-12-31 07:15:09', '15771 Dicki Park Apt. 342\nLake Roosevelt, WI 43814-8705', 0, 4, 19, 6, 80, 'Harum aut rerum qui molestias doloremque. Sed esse quidem labore eaque error autem ut. Libero aspernatur aut et in vitae.');
INSERT INTO `meetup` (`title`, `uid`, `start_date_time`, `finish_date_time`, `place`, `registered_attendees`, `min_attendees`, `max_attendees`, `state_id`, `speaker_id`, `description`) VALUES ('Architecto deleniti distinctio aut praesentium.', 2, '1985-10-10 00:00:00', '2015-04-08 09:06:12', '1707 Grayce Crescent Suite 214\nLesterland, IN 61827', 0, 5, 20, 4, 66, 'Amet odio repudiandae aut maxime molestias quos explicabo. Cum dolorum et deserunt eius. Labore velit qui aliquid sit qui voluptatem assumenda. Iure temporibus quisquam minima earum occaecati quibusdam accusantium non.');
INSERT INTO `meetup` (`title`, `uid`, `start_date_time`, `finish_date_time`, `place`, `registered_attendees`, `min_attendees`, `max_attendees`, `state_id`, `speaker_id`, `description`) VALUES ('Minima eius est tenetur ipsa voluptatum est.', 3, '2009-03-10 00:00:00', '2015-09-12 11:37:09', '00079 Ewald Club Apt. 562\nEast Roxanechester, NE 90011-1877', 0, 3, 20, 2, 100, 'Aut error et dicta aliquid neque dolor asperiores. Pariatur vel consequuntur quisquam voluptatem ipsum laboriosam et. Nihil modi mollitia ducimus aut soluta facere sit enim. Tenetur deserunt explicabo quibusdam rerum dolor porro necessitatibus.');
INSERT INTO `meetup` (`title`, `uid`, `start_date_time`, `finish_date_time`, `place`, `registered_attendees`, `min_attendees`, `max_attendees`, `state_id`, `speaker_id`, `description`) VALUES ('Minus officia fuga consequatur quia.', 4, '2006-09-02 00:00:00', '1970-06-21 09:32:08', '3072 Ivah Dam\nWest Lillianahaven, OR 97188-0921', 0, 1, 17, 5, 54, 'Beatae cumque hic dignissimos quidem in. Natus modi excepturi nemo nobis et. Consequatur pariatur incidunt et.');
INSERT INTO `meetup` (`title`, `uid`, `start_date_time`, `finish_date_time`, `place`, `registered_attendees`, `min_attendees`, `max_attendees`, `state_id`, `speaker_id`, `description`) VALUES ('Accusamus dolorem laborum corrupti ea nostrum odit reiciendis.', 5, '2009-02-19 00:00:00', '1999-04-06 07:55:22', '2664 Bailey Flat Apt. 469\nLake Lyric, ND 75363', 0, 2, 11, 4, 68, 'Et omnis nemo odit. Ut animi nulla deleniti excepturi. Ullam repellendus id eum autem non et.');
INSERT INTO `meetup` (`title`, `uid`, `start_date_time`, `finish_date_time`, `place`, `registered_attendees`, `min_attendees`, `max_attendees`, `state_id`, `speaker_id`, `description`) VALUES ('Blanditiis animi a facilis sit veniam sit et.', 6, '1990-09-26 00:00:00', '2013-07-21 18:40:40', '885 Mckayla Ranch\nNickfort, WY 40152', 0, 3, 20, 5, 33, 'Esse nihil necessitatibus quam magni aut voluptatibus. Nisi consequatur tempora nihil perspiciatis illum. Ea dicta aut molestiae id cum.');
INSERT INTO `meetup` (`title`, `uid`, `start_date_time`, `finish_date_time`, `place`, `registered_attendees`, `min_attendees`, `max_attendees`, `state_id`, `speaker_id`, `description`) VALUES ('Tempora aspernatur omnis enim distinctio.', 7, '1976-05-28 00:00:00', '1995-08-24 22:01:30', '5024 Guido Avenue Suite 920\nNew Eveline, CA 30996-5316', 0, 2, 13, 6, 87, 'Dolorem est est saepe aliquam ad. Animi aut aut rerum recusandae ipsam distinctio. Adipisci velit et ab voluptatem sit ut tenetur.');
INSERT INTO `meetup` (`title`, `uid`, `start_date_time`, `finish_date_time`, `place`, `registered_attendees`, `min_attendees`, `max_attendees`, `state_id`, `speaker_id`, `description`) VALUES ('Placeat nihil omnis architecto.', 8, '1990-06-08 00:00:00', '1999-04-09 06:27:42', '6773 Joy Green Apt. 001\nSouth Bill, VA 94213-6414', 0, 3, 5, 1, 77, 'Eveniet dolores architecto suscipit omnis. Ratione voluptatem labore facilis ut voluptatem ex consectetur. Eaque ipsum quia sunt eaque sequi sapiente sit aliquid. Odit aut nesciunt non perferendis magnam illum similique.');
INSERT INTO `meetup` (`title`, `uid`, `start_date_time`, `finish_date_time`, `place`, `registered_attendees`, `min_attendees`, `max_attendees`, `state_id`, `speaker_id`, `description`) VALUES ('Voluptatem iste porro placeat adipisci necessitatibus repudiandae itaque.', 9, '2007-02-22 00:00:00', '1976-07-03 12:09:54', '819 Maritza Ranch Apt. 050\nPort Thomasbury, RI 89808', 0, 2, 20, 6, 80, 'Eius aut consequatur excepturi maiores suscipit voluptatem. Quidem dolorum accusantium voluptatibus commodi consequatur. Soluta et ratione tenetur ut ad doloremque. Voluptatum doloribus ab nulla culpa.');
INSERT INTO `meetup` (`title`, `uid`, `start_date_time`, `finish_date_time`, `place`, `registered_attendees`, `min_attendees`, `max_attendees`, `state_id`, `speaker_id`, `description`) VALUES ('Dignissimos et nam sint minima voluptas et similique.', 10, '1972-10-06 00:00:00', '1987-08-28 10:40:09', '6921 Katherine Freeway Suite 243\nDinaland, NC 19332-3510', 0, 3, 10, 4, 67, 'Ea quas dignissimos ipsam fuga ratione rem blanditiis. Est voluptas sequi quis possimus sunt est omnis.');
INSERT INTO `meetup` (`title`, `uid`, `start_date_time`, `finish_date_time`, `place`, `registered_attendees`, `min_attendees`, `max_attendees`, `state_id`, `speaker_id`, `description`) VALUES ('Necessitatibus alias vitae suscipit eius et.', 11, '1983-11-06 00:00:00', '1970-08-26 17:55:04', '779 Vanessa Road\nNorth Garth, IA 13015', 0, 4, 11, 1, 21, 'Quibusdam et quam consectetur aut aspernatur. Libero ut est ipsum ab. Quia dolor mollitia quaerat libero. Eos a nobis veniam magnam repellendus ab.');
INSERT INTO `meetup` (`title`, `uid`, `start_date_time`, `finish_date_time`, `place`, `registered_attendees`, `min_attendees`, `max_attendees`, `state_id`, `speaker_id`, `description`) VALUES ('Suscipit nulla earum eos cum.', 12, '1977-11-05 00:00:00', '1986-07-08 22:42:42', '3376 Ian Keys Suite 986\nGorczanyshire, DE 88759-0838', 0, 3, 8, 2, 79, 'Eveniet dolor qui placeat commodi porro. Commodi quo dolores consequatur quia ipsum. Aut harum aperiam recusandae cupiditate praesentium. Quo esse eos minus consequatur. Aperiam eius sint veritatis natus error ea.');
INSERT INTO `meetup` (`title`, `uid`, `start_date_time`, `finish_date_time`, `place`, `registered_attendees`, `min_attendees`, `max_attendees`, `state_id`, `speaker_id`, `description`) VALUES ('Nisi est sed vitae numquam.', 13, '1979-09-02 00:00:00', '1988-03-25 10:07:35', '86223 Ozella Shore Apt. 548\nSouth Agustinabury, KS 80131', 0, 5, 15, 1, 32, 'Vel quasi reiciendis adipisci ea sit dolores aut. Ut quae tenetur eligendi eos corrupti.');
INSERT INTO `meetup` (`title`, `uid`, `start_date_time`, `finish_date_time`, `place`, `registered_attendees`, `min_attendees`, `max_attendees`, `state_id`, `speaker_id`, `description`) VALUES ('Eum non recusandae laboriosam eligendi est et sint id.', 14, '1978-07-06 00:00:00', '2003-09-25 14:16:26', '2996 Friesen Inlet\nJaniyaton, DE 85008-6759', 0, 2, 10, 5, 27, 'Aliquam alias eos quam eius et laborum enim. Voluptatem omnis quis assumenda beatae quaerat nostrum. Debitis est ducimus quo occaecati.');
INSERT INTO `meetup` (`title`, `uid`, `start_date_time`, `finish_date_time`, `place`, `registered_attendees`, `min_attendees`, `max_attendees`, `state_id`, `speaker_id`, `description`) VALUES ('Quis vitae rerum dolor consequuntur libero.', 15, '2005-08-08 00:00:00', '2001-07-07 04:52:44', '872 Smith Branch\nCortneyland, AR 98540-5316', 0, 4, 8, 3, 92, 'Qui accusamus deserunt dolores a. Veniam dolorum magnam aut sint. Voluptate nihil ratione neque dolore. Maxime iste excepturi aspernatur quod.');
INSERT INTO `meetup` (`title`, `uid`, `start_date_time`, `finish_date_time`, `place`, `registered_attendees`, `min_attendees`, `max_attendees`, `state_id`, `speaker_id`, `description`) VALUES ('Debitis tempore impedit iusto aut quidem.', 16, '2018-10-10 00:00:00', '1975-05-24 16:19:03', '68556 Moore Ports Suite 514\nErnserview, ME 46602', 0, 5, 10, 6, 35, 'Nemo repellendus et totam beatae. Tempora nemo eaque neque in explicabo. Beatae omnis rerum qui eveniet. Nobis minima reprehenderit impedit error ratione cumque.');
INSERT INTO `meetup` (`title`, `uid`, `start_date_time`, `finish_date_time`, `place`, `registered_attendees`, `min_attendees`, `max_attendees`, `state_id`, `speaker_id`, `description`) VALUES ('Atque nesciunt omnis officiis nobis aut nobis omnis.', 17, '2013-01-30 00:00:00', '2000-10-18 16:57:23', '45771 Toy Junctions Suite 552\nGreenchester, SC 88506-5156', 0, 4, 12, 5, 38, 'Et odit perspiciatis aliquam et culpa similique mollitia. Accusamus animi maxime adipisci in. Sit quibusdam vitae unde sit eveniet.');
INSERT INTO `meetup` (`title`, `uid`, `start_date_time`, `finish_date_time`, `place`, `registered_attendees`, `min_attendees`, `max_attendees`, `state_id`, `speaker_id`, `description`) VALUES ('Culpa ad qui beatae tenetur ut neque labore accusantium.', 18, '1985-01-27 00:00:00', '1988-07-24 07:53:05', '2129 Laverne Knoll\nEast Deshawntown, CT 53071', 0, 2, 9, 1, 94, 'Aut dolorem molestiae consequuntur corrupti quis aut fugit. Officia molestiae vel pariatur modi dolorem. Ut qui harum molestiae consequuntur voluptate illo.');
INSERT INTO `meetup` (`title`, `uid`, `start_date_time`, `finish_date_time`, `place`, `registered_attendees`, `min_attendees`, `max_attendees`, `state_id`, `speaker_id`, `description`) VALUES ('Id enim assumenda placeat est et quis.', 19, '1988-01-20 00:00:00', '2019-06-13 15:28:30', '0125 Grimes Cliff\nHaneview, OR 37769', 0, 3, 9, 3, 72, 'Dolore ullam provident numquam nesciunt expedita quisquam. Laudantium commodi neque labore est necessitatibus sed ut. Nihil dolores sequi quas quo sit. Cum adipisci officiis amet.');
INSERT INTO `meetup` (`title`, `uid`, `start_date_time`, `finish_date_time`, `place`, `registered_attendees`, `min_attendees`, `max_attendees`, `state_id`, `speaker_id`, `description`) VALUES ('Magnam nesciunt sunt sapiente.', 20, '1997-08-08 00:00:00', '2007-02-12 07:05:41', '350 Mills Meadows\nPort Chaya, RI 18715-8456', 0, 1, 7, 3, 99, 'Ut accusamus ab similique. Voluptatum eaque qui neque enim aut aliquam cupiditate. Rem facere adipisci suscipit vel. Ducimus quidem sunt dolorem ad nostrum.');
INSERT INTO `meetup` (`title`, `uid`, `start_date_time`, `finish_date_time`, `place`, `registered_attendees`, `min_attendees`, `max_attendees`, `state_id`, `speaker_id`, `description`) VALUES ('Sit molestiae magnam sequi cumque.', 21, '2010-11-30 00:00:00', '1999-05-23 12:55:20', '263 Bernhard Parks\nPort Emmittchester, CO 03054', 0, 5, 9, 3, 18, 'Quis fuga perferendis aut. Vero dolorum ipsa atque possimus. Nemo distinctio magni earum qui esse. Fuga dignissimos numquam asperiores necessitatibus quos repudiandae. Rem vitae et officiis qui.');
INSERT INTO `meetup` (`title`, `uid`, `start_date_time`, `finish_date_time`, `place`, `registered_attendees`, `min_attendees`, `max_attendees`, `state_id`, `speaker_id`, `description`) VALUES ('Error omnis dolor pariatur.', 22, '1979-04-21 00:00:00', '1972-02-05 13:43:59', '6147 Wehner Mall\nLake Ceasarport, AK 07839-2838', 0, 1, 5, 2, 28, 'Quaerat tenetur possimus error qui. Eveniet quae hic hic rem id id. Doloremque hic nisi nesciunt est et perferendis. Numquam labore beatae debitis neque molestias.');
INSERT INTO `meetup` (`title`, `uid`, `start_date_time`, `finish_date_time`, `place`, `registered_attendees`, `min_attendees`, `max_attendees`, `state_id`, `speaker_id`, `description`) VALUES ('Sint molestias sit repellat sunt iste.', 23, '2007-03-27 00:00:00', '2006-06-18 17:05:15', '150 Eleanore View\nHankchester, VA 19726-6254', 0, 5, 17, 1, 41, 'Aspernatur dolore libero sint amet ducimus et. Neque eveniet quisquam fugiat assumenda sequi odio voluptatum eos. Suscipit nesciunt occaecati in atque quae.');
INSERT INTO `meetup` (`title`, `uid`, `start_date_time`, `finish_date_time`, `place`, `registered_attendees`, `min_attendees`, `max_attendees`, `state_id`, `speaker_id`, `description`) VALUES ('Ipsum voluptatem necessitatibus autem illo.', 24, '2006-01-02 00:00:00', '2017-05-18 08:59:48', '7451 D\'Amore Track\nNew Gabefurt, WI 04102-3639', 0, 5, 17, 1, 100, 'Voluptas maxime qui expedita nulla. Repudiandae ut aut assumenda quae vitae exercitationem quo. Odit repellendus minima voluptatem aut.');
INSERT INTO `meetup` (`title`, `uid`, `start_date_time`, `finish_date_time`, `place`, `registered_attendees`, `min_attendees`, `max_attendees`, `state_id`, `speaker_id`, `description`) VALUES ('Omnis facere est quo omnis et placeat facilis occaecati.', 25, '2002-10-26 00:00:00', '2007-02-19 21:00:50', '87607 Okuneva Highway Apt. 149\nPort Laneyport, NE 27047', 0, 2, 20, 2, 60, 'Asperiores aut aut facilis laudantium voluptas recusandae cum. Error quaerat consequatur delectus quod ut. Minus et nulla dolorum ducimus dolores.');
INSERT INTO `meetup` (`title`, `uid`, `start_date_time`, `finish_date_time`, `place`, `registered_attendees`, `min_attendees`, `max_attendees`, `state_id`, `speaker_id`, `description`) VALUES ('Est culpa mollitia nihil eum et.', 26, '2012-12-21 00:00:00', '2017-03-11 19:54:08', '78966 Lukas Branch\nSouth Tysontown, KY 22311-5789', 0, 2, 19, 4, 22, 'Necessitatibus ullam amet eos optio dolores doloremque. Ullam laudantium eos numquam labore. Sit harum consequatur non vitae accusamus.');
INSERT INTO `meetup` (`title`, `uid`, `start_date_time`, `finish_date_time`, `place`, `registered_attendees`, `min_attendees`, `max_attendees`, `state_id`, `speaker_id`, `description`) VALUES ('Dicta porro inventore quo dolor rerum tempora.', 27, '2011-07-12 00:00:00', '2001-11-23 09:28:57', '80435 Herta Well\nOceanemouth, IN 58739-9808', 0, 4, 9, 5, 99, 'Vero ducimus cupiditate et veniam dolorem qui qui. Quia recusandae voluptatem sunt rerum. Quia quam facilis modi velit dolor.');
INSERT INTO `meetup` (`title`, `uid`, `start_date_time`, `finish_date_time`, `place`, `registered_attendees`, `min_attendees`, `max_attendees`, `state_id`, `speaker_id`, `description`) VALUES ('Vero aut perferendis velit corporis quo sed quo.', 28, '2001-07-27 00:00:00', '2010-09-25 09:49:16', '395 Halvorson Course\nBabychester, WV 73121-4068', 0, 1, 18, 1, 87, 'Ullam aut asperiores saepe. Quos eum pariatur qui fuga. Ut est ratione repellat.');
INSERT INTO `meetup` (`title`, `uid`, `start_date_time`, `finish_date_time`, `place`, `registered_attendees`, `min_attendees`, `max_attendees`, `state_id`, `speaker_id`, `description`) VALUES ('Magnam perferendis ad est maiores.', 29, '2010-05-15 00:00:00', '1994-11-13 11:30:48', '57056 Oleta View Suite 204\nSouth Aaliyah, MI 49465-4158', 0, 5, 11, 2, 75, 'Dolor commodi quam aspernatur quia non et. Error aut animi quo non totam occaecati. Sit hic sit aliquam vel.');
INSERT INTO `meetup` (`title`, `uid`, `start_date_time`, `finish_date_time`, `place`, `registered_attendees`, `min_attendees`, `max_attendees`, `state_id`, `speaker_id`, `description`) VALUES ('Sit beatae ut non.', 30, '1983-02-15 00:00:00', '2001-09-16 07:07:20', '4148 Sawayn Street\nGlenfurt, UT 86777-6689', 0, 5, 5, 1, 68, 'Assumenda molestiae nihil non eaque doloribus sit officiis. Nihil et molestias sed voluptatem aut cumque.');
INSERT INTO `meetup` (`title`, `uid`, `start_date_time`, `finish_date_time`, `place`, `registered_attendees`, `min_attendees`, `max_attendees`, `state_id`, `speaker_id`, `description`) VALUES ('Ratione aut voluptas vitae repellat dolor.', 31, '1999-11-08 00:00:00', '2013-09-04 23:20:13', '019 Arlo Locks\nLake Stanfordshire, TX 04832-6239', 0, 4, 20, 4, 97, 'Id doloribus unde nesciunt corporis ut vitae. Aut corrupti ad iste eos impedit dicta molestias dolorum.');
INSERT INTO `meetup` (`title`, `uid`, `start_date_time`, `finish_date_time`, `place`, `registered_attendees`, `min_attendees`, `max_attendees`, `state_id`, `speaker_id`, `description`) VALUES ('Repellendus nostrum possimus sunt aut veniam rem.', 32, '1988-08-09 00:00:00', '1975-12-03 14:11:14', '8727 Gutmann Unions\nPort Josiannetown, WA 40614-8709', 0, 3, 14, 1, 36, 'Aut sunt quo eius ut voluptates qui molestiae velit. Autem vitae cumque qui voluptatem odio alias mollitia. Magnam laboriosam voluptates quae assumenda et. Rem natus libero temporibus sunt molestiae consequuntur nulla.');
INSERT INTO `meetup` (`title`, `uid`, `start_date_time`, `finish_date_time`, `place`, `registered_attendees`, `min_attendees`, `max_attendees`, `state_id`, `speaker_id`, `description`) VALUES ('Veritatis ipsam accusamus rerum id mollitia temporibus.', 33, '2017-07-17 00:00:00', '2017-05-29 23:51:43', '281 Hilll Route\nNorth Alayna, GA 43344-5574', 0, 1, 7, 3, 3, 'Mollitia ut dolorem quasi consectetur aut veniam rem. Consequuntur alias ratione laborum dolor aut. Minima praesentium sed eum quia.');
INSERT INTO `meetup` (`title`, `uid`, `start_date_time`, `finish_date_time`, `place`, `registered_attendees`, `min_attendees`, `max_attendees`, `state_id`, `speaker_id`, `description`) VALUES ('Voluptates sed doloremque maxime accusamus vel itaque nihil.', 34, '1974-10-20 00:00:00', '1985-11-30 14:57:12', '41212 Keshawn Lodge\nKianaland, MT 60492-9347', 0, 2, 13, 2, 72, 'Ut sit quidem earum soluta est. Molestias quis aut est et. Vel qui iste molestias est.');
INSERT INTO `meetup` (`title`, `uid`, `start_date_time`, `finish_date_time`, `place`, `registered_attendees`, `min_attendees`, `max_attendees`, `state_id`, `speaker_id`, `description`) VALUES ('Dolore sapiente nulla enim voluptatibus iusto inventore.', 35, '1970-10-12 00:00:00', '1995-10-16 20:16:03', '634 Quigley Mount\nEast Sagemouth, HI 02625', 0, 4, 14, 5, 77, 'Consequatur dolorum odio eaque quos voluptatem. Ab impedit occaecati molestiae commodi qui.');
INSERT INTO `meetup` (`title`, `uid`, `start_date_time`, `finish_date_time`, `place`, `registered_attendees`, `min_attendees`, `max_attendees`, `state_id`, `speaker_id`, `description`) VALUES ('Temporibus delectus quam eos saepe soluta ut sed.', 36, '1976-11-11 00:00:00', '1970-07-03 20:39:06', '0887 Torphy Brook\nEast Majorland, OH 75000', 0, 1, 16, 5, 12, 'Corporis ut voluptatem dolore laudantium adipisci. Et consectetur minima quia nemo hic vero. Eum ut voluptatem quia excepturi ex. Optio perferendis molestiae accusamus similique et.');
INSERT INTO `meetup` (`title`, `uid`, `start_date_time`, `finish_date_time`, `place`, `registered_attendees`, `min_attendees`, `max_attendees`, `state_id`, `speaker_id`, `description`) VALUES ('Necessitatibus blanditiis officia recusandae officia rerum cupiditate.', 37, '2015-12-17 00:00:00', '1970-05-05 17:23:36', '90914 McDermott Fords\nPort Chrisbury, MI 82189', 0, 3, 6, 6, 2, 'Est quis nobis eveniet ratione optio quis. Harum officiis impedit et nobis in. Quo voluptatem voluptatem tempore qui delectus dolores sit. Qui consequatur quis corporis voluptatem repellendus numquam maiores.');
INSERT INTO `meetup` (`title`, `uid`, `start_date_time`, `finish_date_time`, `place`, `registered_attendees`, `min_attendees`, `max_attendees`, `state_id`, `speaker_id`, `description`) VALUES ('Dolorum perferendis vel quisquam.', 38, '1993-04-19 00:00:00', '2016-11-19 21:43:59', '051 Meaghan Isle\nBlockshire, NJ 63376-7370', 0, 3, 9, 3, 98, 'Deleniti omnis cupiditate suscipit qui. Libero vero excepturi esse cupiditate. Sunt beatae necessitatibus molestiae maxime omnis voluptas quidem.');
INSERT INTO `meetup` (`title`, `uid`, `start_date_time`, `finish_date_time`, `place`, `registered_attendees`, `min_attendees`, `max_attendees`, `state_id`, `speaker_id`, `description`) VALUES ('Et maiores reprehenderit fugiat aut nihil.', 39, '1972-04-09 00:00:00', '2007-07-02 18:51:01', '33427 Bosco Islands\nJuliotown, NJ 74912', 0, 5, 7, 3, 43, 'Eius ad fugit dolor alias. Animi nihil dolores culpa porro amet qui. Sed sit optio minima quos. Id aut est laboriosam dolorum natus rerum eaque.');
INSERT INTO `meetup` (`title`, `uid`, `start_date_time`, `finish_date_time`, `place`, `registered_attendees`, `min_attendees`, `max_attendees`, `state_id`, `speaker_id`, `description`) VALUES ('At autem omnis dolorem ut nesciunt omnis consectetur.', 40, '1990-11-08 00:00:00', '1981-07-16 07:01:12', '608 Samara Pine Apt. 202\nTamaramouth, WY 65848-9690', 0, 4, 11, 6, 63, 'Sed neque totam fugit ea architecto ex. Illo corrupti maiores laboriosam quaerat distinctio. Temporibus quia vel deleniti voluptas non. Illum molestiae qui explicabo ea quaerat et natus.');
INSERT INTO `meetup` (`title`, `uid`, `start_date_time`, `finish_date_time`, `place`, `registered_attendees`, `min_attendees`, `max_attendees`, `state_id`, `speaker_id`, `description`) VALUES ('Commodi at perspiciatis maxime sequi qui ad omnis et.', 41, '2009-10-24 00:00:00', '1981-01-08 23:50:54', '38221 Feeney Shoals Apt. 034\nEast Stacey, GA 85901-5951', 0, 3, 14, 1, 63, 'Mollitia accusamus voluptas corrupti fugit voluptatum et. Ut iusto nihil eius excepturi porro in ullam. Molestiae quia atque sed velit minus nesciunt tenetur. Laudantium quod quo consequatur impedit.');
INSERT INTO `meetup` (`title`, `uid`, `start_date_time`, `finish_date_time`, `place`, `registered_attendees`, `min_attendees`, `max_attendees`, `state_id`, `speaker_id`, `description`) VALUES ('Corrupti maxime earum non nobis qui id.', 42, '1996-02-29 00:00:00', '1974-12-15 10:58:15', '5326 Salvatore Brooks Suite 061\nChanelshire, MT 48778-4938', 0, 4, 10, 6, 82, 'Pariatur natus natus laudantium aut explicabo odio officiis provident. Amet ipsam et et numquam consequuntur. Voluptate est accusamus et maxime.');
INSERT INTO `meetup` (`title`, `uid`, `start_date_time`, `finish_date_time`, `place`, `registered_attendees`, `min_attendees`, `max_attendees`, `state_id`, `speaker_id`, `description`) VALUES ('Ducimus et provident vel sed et fugit doloremque.', 43, '1990-04-30 00:00:00', '2000-10-07 12:23:58', '1368 Jordi Crest\nEnochmouth, LA 76969', 0, 2, 14, 4, 85, 'Alias eaque eveniet quaerat nihil laboriosam fugiat numquam. Placeat vitae eligendi saepe et voluptatem deleniti ut sit. Error eligendi omnis ut inventore aspernatur quis. Cum ut molestiae tempora adipisci.');
INSERT INTO `meetup` (`title`, `uid`, `start_date_time`, `finish_date_time`, `place`, `registered_attendees`, `min_attendees`, `max_attendees`, `state_id`, `speaker_id`, `description`) VALUES ('Id voluptas in qui culpa placeat placeat.', 44, '2005-06-23 00:00:00', '1972-08-07 02:54:52', '685 Koepp Shore\nPort Geoffrey, AZ 97580-7872', 0, 1, 8, 5, 91, 'Rem ut fuga eveniet id. Quam laudantium iusto neque fugiat fuga dolor possimus. In vel unde numquam maxime corporis dolor numquam. Ut ratione omnis quo et tempora.');
INSERT INTO `meetup` (`title`, `uid`, `start_date_time`, `finish_date_time`, `place`, `registered_attendees`, `min_attendees`, `max_attendees`, `state_id`, `speaker_id`, `description`) VALUES ('Dolore in nobis modi assumenda ab.', 45, '1987-10-23 00:00:00', '1972-10-13 09:45:44', '07057 Mathilde Plains Apt. 860\nNaderfurt, CA 71246-2857', 0, 1, 16, 4, 81, 'Eum maiores aut ut dolorem sed. Tempore nulla consequatur consequatur molestiae officiis. Suscipit et illo totam omnis in et a. Provident nihil quo quia. Vitae ad explicabo illo eum unde at excepturi error.');
INSERT INTO `meetup` (`title`, `uid`, `start_date_time`, `finish_date_time`, `place`, `registered_attendees`, `min_attendees`, `max_attendees`, `state_id`, `speaker_id`, `description`) VALUES ('Voluptatem cumque corporis earum blanditiis.', 46, '1985-04-18 00:00:00', '2016-05-14 03:20:27', '0317 Darian Valley\nChelsiemouth, MN 41256', 0, 3, 9, 4, 24, 'Molestiae et dolore fuga aut nesciunt aut iure. Velit quis omnis laudantium animi commodi sed amet.');
INSERT INTO `meetup` (`title`, `uid`, `start_date_time`, `finish_date_time`, `place`, `registered_attendees`, `min_attendees`, `max_attendees`, `state_id`, `speaker_id`, `description`) VALUES ('Excepturi quidem minus exercitationem alias.', 47, '2017-07-12 00:00:00', '1982-07-20 19:39:10', '95343 Miller Courts\nKutchburgh, KY 60105', 0, 1, 6, 5, 60, 'Qui et aperiam maiores doloremque tempora. Vel perspiciatis neque blanditiis et. Neque quasi molestiae aliquid officiis. Ullam optio delectus iure numquam animi ullam.');
INSERT INTO `meetup` (`title`, `uid`, `start_date_time`, `finish_date_time`, `place`, `registered_attendees`, `min_attendees`, `max_attendees`, `state_id`, `speaker_id`, `description`) VALUES ('Dolore et id hic praesentium non qui illum.', 48, '1993-09-27 00:00:00', '2004-02-02 22:36:08', '0040 Stracke Loop Suite 840\nStehrburgh, MS 65967-9529', 0, 5, 8, 4, 12, 'Id ut voluptas quia doloribus cupiditate laboriosam. Vitae totam incidunt aspernatur perferendis. Placeat cumque est excepturi enim nostrum sed neque. Ea quod ut exercitationem ex.');
INSERT INTO `meetup` (`title`, `uid`, `start_date_time`, `finish_date_time`, `place`, `registered_attendees`, `min_attendees`, `max_attendees`, `state_id`, `speaker_id`, `description`) VALUES ('Ut vel maiores ipsa sunt eius distinctio.', 49, '2006-05-25 00:00:00', '2001-09-07 13:36:45', '439 Tremblay Road\nColefort, WA 58419', 0, 1, 16, 4, 90, 'Distinctio eum aut odit saepe laudantium architecto quae. Accusamus sequi dolor quam qui. Tenetur rem aut et tempora et et.');
INSERT INTO `meetup` (`title`, `uid`, `start_date_time`, `finish_date_time`, `place`, `registered_attendees`, `min_attendees`, `max_attendees`, `state_id`, `speaker_id`, `description`) VALUES ('Praesentium in consequatur voluptatibus suscipit laudantium explicabo.', 50, '1979-08-22 00:00:00', '1998-09-12 12:12:22', '132 Botsford Mill\nWolffberg, TX 17687', 0, 2, 20, 6, 36, 'Quidem vel tenetur dolorem asperiores veritatis debitis nihil consequatur. Sed tempore rerum similique minima enim perspiciatis dolor. Aut est aut et voluptates est vel amet.');

INSERT INTO `meetup_attendees` (`meetup_id`, `user_id`) VALUES (1, 20);
INSERT INTO `meetup_attendees` (`meetup_id`, `user_id`) VALUES (1, 45);
INSERT INTO `meetup_attendees` (`meetup_id`, `user_id`) VALUES (1, 61);
INSERT INTO `meetup_attendees` (`meetup_id`, `user_id`) VALUES (1, 94);
INSERT INTO `meetup_attendees` (`meetup_id`, `user_id`) VALUES (2, 30);
INSERT INTO `meetup_attendees` (`meetup_id`, `user_id`) VALUES (2, 49);
INSERT INTO `meetup_attendees` (`meetup_id`, `user_id`) VALUES (2, 50);
INSERT INTO `meetup_attendees` (`meetup_id`, `user_id`) VALUES (2, 72);
INSERT INTO `meetup_attendees` (`meetup_id`, `user_id`) VALUES (3, 1);
INSERT INTO `meetup_attendees` (`meetup_id`, `user_id`) VALUES (3, 22);
INSERT INTO `meetup_attendees` (`meetup_id`, `user_id`) VALUES (3, 46);
INSERT INTO `meetup_attendees` (`meetup_id`, `user_id`) VALUES (3, 84);
INSERT INTO `meetup_attendees` (`meetup_id`, `user_id`) VALUES (3, 89);
INSERT INTO `meetup_attendees` (`meetup_id`, `user_id`) VALUES (4, 8);
INSERT INTO `meetup_attendees` (`meetup_id`, `user_id`) VALUES (4, 51);
INSERT INTO `meetup_attendees` (`meetup_id`, `user_id`) VALUES (4, 60);
INSERT INTO `meetup_attendees` (`meetup_id`, `user_id`) VALUES (5, 42);
INSERT INTO `meetup_attendees` (`meetup_id`, `user_id`) VALUES (5, 51);
INSERT INTO `meetup_attendees` (`meetup_id`, `user_id`) VALUES (5, 65);
INSERT INTO `meetup_attendees` (`meetup_id`, `user_id`) VALUES (6, 1);
INSERT INTO `meetup_attendees` (`meetup_id`, `user_id`) VALUES (6, 34);
INSERT INTO `meetup_attendees` (`meetup_id`, `user_id`) VALUES (6, 38);
INSERT INTO `meetup_attendees` (`meetup_id`, `user_id`) VALUES (6, 56);
INSERT INTO `meetup_attendees` (`meetup_id`, `user_id`) VALUES (7, 16);
INSERT INTO `meetup_attendees` (`meetup_id`, `user_id`) VALUES (7, 34);
INSERT INTO `meetup_attendees` (`meetup_id`, `user_id`) VALUES (7, 39);
INSERT INTO `meetup_attendees` (`meetup_id`, `user_id`) VALUES (8, 8);
INSERT INTO `meetup_attendees` (`meetup_id`, `user_id`) VALUES (8, 16);
INSERT INTO `meetup_attendees` (`meetup_id`, `user_id`) VALUES (8, 25);
INSERT INTO `meetup_attendees` (`meetup_id`, `user_id`) VALUES (8, 51);
INSERT INTO `meetup_attendees` (`meetup_id`, `user_id`) VALUES (8, 95);
INSERT INTO `meetup_attendees` (`meetup_id`, `user_id`) VALUES (9, 4);
INSERT INTO `meetup_attendees` (`meetup_id`, `user_id`) VALUES (9, 13);
INSERT INTO `meetup_attendees` (`meetup_id`, `user_id`) VALUES (9, 14);
INSERT INTO `meetup_attendees` (`meetup_id`, `user_id`) VALUES (9, 28);
INSERT INTO `meetup_attendees` (`meetup_id`, `user_id`) VALUES (9, 45);
INSERT INTO `meetup_attendees` (`meetup_id`, `user_id`) VALUES (9, 94);
INSERT INTO `meetup_attendees` (`meetup_id`, `user_id`) VALUES (10, 30);
INSERT INTO `meetup_attendees` (`meetup_id`, `user_id`) VALUES (10, 54);
INSERT INTO `meetup_attendees` (`meetup_id`, `user_id`) VALUES (10, 64);
INSERT INTO `meetup_attendees` (`meetup_id`, `user_id`) VALUES (11, 25);
INSERT INTO `meetup_attendees` (`meetup_id`, `user_id`) VALUES (11, 53);
INSERT INTO `meetup_attendees` (`meetup_id`, `user_id`) VALUES (11, 67);
INSERT INTO `meetup_attendees` (`meetup_id`, `user_id`) VALUES (11, 83);
INSERT INTO `meetup_attendees` (`meetup_id`, `user_id`) VALUES (12, 8);
INSERT INTO `meetup_attendees` (`meetup_id`, `user_id`) VALUES (12, 52);
INSERT INTO `meetup_attendees` (`meetup_id`, `user_id`) VALUES (12, 67);
INSERT INTO `meetup_attendees` (`meetup_id`, `user_id`) VALUES (12, 91);
INSERT INTO `meetup_attendees` (`meetup_id`, `user_id`) VALUES (13, 37);
INSERT INTO `meetup_attendees` (`meetup_id`, `user_id`) VALUES (13, 64);
INSERT INTO `meetup_attendees` (`meetup_id`, `user_id`) VALUES (14, 52);
INSERT INTO `meetup_attendees` (`meetup_id`, `user_id`) VALUES (14, 77);
INSERT INTO `meetup_attendees` (`meetup_id`, `user_id`) VALUES (15, 2);
INSERT INTO `meetup_attendees` (`meetup_id`, `user_id`) VALUES (15, 28);
INSERT INTO `meetup_attendees` (`meetup_id`, `user_id`) VALUES (15, 52);
INSERT INTO `meetup_attendees` (`meetup_id`, `user_id`) VALUES (15, 72);
INSERT INTO `meetup_attendees` (`meetup_id`, `user_id`) VALUES (15, 99);
INSERT INTO `meetup_attendees` (`meetup_id`, `user_id`) VALUES (16, 32);
INSERT INTO `meetup_attendees` (`meetup_id`, `user_id`) VALUES (16, 41);
INSERT INTO `meetup_attendees` (`meetup_id`, `user_id`) VALUES (16, 56);
INSERT INTO `meetup_attendees` (`meetup_id`, `user_id`) VALUES (16, 71);
INSERT INTO `meetup_attendees` (`meetup_id`, `user_id`) VALUES (16, 76);
INSERT INTO `meetup_attendees` (`meetup_id`, `user_id`) VALUES (17, 1);
INSERT INTO `meetup_attendees` (`meetup_id`, `user_id`) VALUES (17, 18);
INSERT INTO `meetup_attendees` (`meetup_id`, `user_id`) VALUES (17, 85);
INSERT INTO `meetup_attendees` (`meetup_id`, `user_id`) VALUES (18, 62);
INSERT INTO `meetup_attendees` (`meetup_id`, `user_id`) VALUES (18, 74);
INSERT INTO `meetup_attendees` (`meetup_id`, `user_id`) VALUES (18, 84);
INSERT INTO `meetup_attendees` (`meetup_id`, `user_id`) VALUES (19, 23);
INSERT INTO `meetup_attendees` (`meetup_id`, `user_id`) VALUES (19, 70);
INSERT INTO `meetup_attendees` (`meetup_id`, `user_id`) VALUES (19, 91);
INSERT INTO `meetup_attendees` (`meetup_id`, `user_id`) VALUES (20, 54);
INSERT INTO `meetup_attendees` (`meetup_id`, `user_id`) VALUES (20, 64);
INSERT INTO `meetup_attendees` (`meetup_id`, `user_id`) VALUES (21, 6);
INSERT INTO `meetup_attendees` (`meetup_id`, `user_id`) VALUES (21, 10);
INSERT INTO `meetup_attendees` (`meetup_id`, `user_id`) VALUES (21, 33);
INSERT INTO `meetup_attendees` (`meetup_id`, `user_id`) VALUES (23, 48);
INSERT INTO `meetup_attendees` (`meetup_id`, `user_id`) VALUES (23, 63);
INSERT INTO `meetup_attendees` (`meetup_id`, `user_id`) VALUES (23, 65);
INSERT INTO `meetup_attendees` (`meetup_id`, `user_id`) VALUES (23, 86);
INSERT INTO `meetup_attendees` (`meetup_id`, `user_id`) VALUES (24, 55);
INSERT INTO `meetup_attendees` (`meetup_id`, `user_id`) VALUES (24, 80);
INSERT INTO `meetup_attendees` (`meetup_id`, `user_id`) VALUES (25, 13);
INSERT INTO `meetup_attendees` (`meetup_id`, `user_id`) VALUES (25, 24);
INSERT INTO `meetup_attendees` (`meetup_id`, `user_id`) VALUES (25, 36);
INSERT INTO `meetup_attendees` (`meetup_id`, `user_id`) VALUES (25, 46);
INSERT INTO `meetup_attendees` (`meetup_id`, `user_id`) VALUES (25, 54);
INSERT INTO `meetup_attendees` (`meetup_id`, `user_id`) VALUES (25, 55);
INSERT INTO `meetup_attendees` (`meetup_id`, `user_id`) VALUES (25, 87);
INSERT INTO `meetup_attendees` (`meetup_id`, `user_id`) VALUES (26, 22);
INSERT INTO `meetup_attendees` (`meetup_id`, `user_id`) VALUES (26, 49);
INSERT INTO `meetup_attendees` (`meetup_id`, `user_id`) VALUES (27, 2);
INSERT INTO `meetup_attendees` (`meetup_id`, `user_id`) VALUES (27, 22);
INSERT INTO `meetup_attendees` (`meetup_id`, `user_id`) VALUES (27, 23);
INSERT INTO `meetup_attendees` (`meetup_id`, `user_id`) VALUES (27, 56);
INSERT INTO `meetup_attendees` (`meetup_id`, `user_id`) VALUES (27, 64);
INSERT INTO `meetup_attendees` (`meetup_id`, `user_id`) VALUES (27, 72);
INSERT INTO `meetup_attendees` (`meetup_id`, `user_id`) VALUES (29, 7);
INSERT INTO `meetup_attendees` (`meetup_id`, `user_id`) VALUES (29, 13);
INSERT INTO `meetup_attendees` (`meetup_id`, `user_id`) VALUES (29, 44);
INSERT INTO `meetup_attendees` (`meetup_id`, `user_id`) VALUES (29, 84);
INSERT INTO `meetup_attendees` (`meetup_id`, `user_id`) VALUES (29, 95);
INSERT INTO `meetup_attendees` (`meetup_id`, `user_id`) VALUES (30, 38);
INSERT INTO `meetup_attendees` (`meetup_id`, `user_id`) VALUES (30, 46);
INSERT INTO `meetup_attendees` (`meetup_id`, `user_id`) VALUES (31, 33);
INSERT INTO `meetup_attendees` (`meetup_id`, `user_id`) VALUES (31, 58);
INSERT INTO `meetup_attendees` (`meetup_id`, `user_id`) VALUES (31, 63);
INSERT INTO `meetup_attendees` (`meetup_id`, `user_id`) VALUES (31, 85);
INSERT INTO `meetup_attendees` (`meetup_id`, `user_id`) VALUES (31, 94);
INSERT INTO `meetup_attendees` (`meetup_id`, `user_id`) VALUES (32, 1);
INSERT INTO `meetup_attendees` (`meetup_id`, `user_id`) VALUES (32, 9);
INSERT INTO `meetup_attendees` (`meetup_id`, `user_id`) VALUES (32, 11);
INSERT INTO `meetup_attendees` (`meetup_id`, `user_id`) VALUES (32, 25);
INSERT INTO `meetup_attendees` (`meetup_id`, `user_id`) VALUES (32, 38);
INSERT INTO `meetup_attendees` (`meetup_id`, `user_id`) VALUES (32, 69);
INSERT INTO `meetup_attendees` (`meetup_id`, `user_id`) VALUES (32, 77);
INSERT INTO `meetup_attendees` (`meetup_id`, `user_id`) VALUES (32, 94);
INSERT INTO `meetup_attendees` (`meetup_id`, `user_id`) VALUES (33, 97);
INSERT INTO `meetup_attendees` (`meetup_id`, `user_id`) VALUES (34, 23);
INSERT INTO `meetup_attendees` (`meetup_id`, `user_id`) VALUES (34, 37);
INSERT INTO `meetup_attendees` (`meetup_id`, `user_id`) VALUES (34, 55);
INSERT INTO `meetup_attendees` (`meetup_id`, `user_id`) VALUES (34, 81);
INSERT INTO `meetup_attendees` (`meetup_id`, `user_id`) VALUES (34, 82);
INSERT INTO `meetup_attendees` (`meetup_id`, `user_id`) VALUES (35, 8);
INSERT INTO `meetup_attendees` (`meetup_id`, `user_id`) VALUES (35, 9);
INSERT INTO `meetup_attendees` (`meetup_id`, `user_id`) VALUES (35, 13);
INSERT INTO `meetup_attendees` (`meetup_id`, `user_id`) VALUES (35, 23);
INSERT INTO `meetup_attendees` (`meetup_id`, `user_id`) VALUES (35, 28);
INSERT INTO `meetup_attendees` (`meetup_id`, `user_id`) VALUES (35, 40);
INSERT INTO `meetup_attendees` (`meetup_id`, `user_id`) VALUES (35, 77);
INSERT INTO `meetup_attendees` (`meetup_id`, `user_id`) VALUES (35, 79);
INSERT INTO `meetup_attendees` (`meetup_id`, `user_id`) VALUES (35, 92);
INSERT INTO `meetup_attendees` (`meetup_id`, `user_id`) VALUES (36, 8);
INSERT INTO `meetup_attendees` (`meetup_id`, `user_id`) VALUES (36, 39);
INSERT INTO `meetup_attendees` (`meetup_id`, `user_id`) VALUES (36, 45);
INSERT INTO `meetup_attendees` (`meetup_id`, `user_id`) VALUES (36, 91);
INSERT INTO `meetup_attendees` (`meetup_id`, `user_id`) VALUES (37, 37);
INSERT INTO `meetup_attendees` (`meetup_id`, `user_id`) VALUES (37, 62);
INSERT INTO `meetup_attendees` (`meetup_id`, `user_id`) VALUES (37, 85);
INSERT INTO `meetup_attendees` (`meetup_id`, `user_id`) VALUES (38, 15);
INSERT INTO `meetup_attendees` (`meetup_id`, `user_id`) VALUES (38, 19);
INSERT INTO `meetup_attendees` (`meetup_id`, `user_id`) VALUES (38, 48);
INSERT INTO `meetup_attendees` (`meetup_id`, `user_id`) VALUES (38, 56);
INSERT INTO `meetup_attendees` (`meetup_id`, `user_id`) VALUES (38, 86);
INSERT INTO `meetup_attendees` (`meetup_id`, `user_id`) VALUES (39, 24);
INSERT INTO `meetup_attendees` (`meetup_id`, `user_id`) VALUES (39, 28);
INSERT INTO `meetup_attendees` (`meetup_id`, `user_id`) VALUES (39, 39);
INSERT INTO `meetup_attendees` (`meetup_id`, `user_id`) VALUES (39, 40);
INSERT INTO `meetup_attendees` (`meetup_id`, `user_id`) VALUES (39, 52);
INSERT INTO `meetup_attendees` (`meetup_id`, `user_id`) VALUES (39, 53);
INSERT INTO `meetup_attendees` (`meetup_id`, `user_id`) VALUES (39, 79);
INSERT INTO `meetup_attendees` (`meetup_id`, `user_id`) VALUES (39, 85);
INSERT INTO `meetup_attendees` (`meetup_id`, `user_id`) VALUES (39, 93);
INSERT INTO `meetup_attendees` (`meetup_id`, `user_id`) VALUES (40, 35);
INSERT INTO `meetup_attendees` (`meetup_id`, `user_id`) VALUES (40, 57);
INSERT INTO `meetup_attendees` (`meetup_id`, `user_id`) VALUES (40, 71);
INSERT INTO `meetup_attendees` (`meetup_id`, `user_id`) VALUES (41, 26);
INSERT INTO `meetup_attendees` (`meetup_id`, `user_id`) VALUES (41, 36);
INSERT INTO `meetup_attendees` (`meetup_id`, `user_id`) VALUES (41, 78);
INSERT INTO `meetup_attendees` (`meetup_id`, `user_id`) VALUES (41, 100);
INSERT INTO `meetup_attendees` (`meetup_id`, `user_id`) VALUES (43, 2);
INSERT INTO `meetup_attendees` (`meetup_id`, `user_id`) VALUES (43, 12);
INSERT INTO `meetup_attendees` (`meetup_id`, `user_id`) VALUES (43, 15);
INSERT INTO `meetup_attendees` (`meetup_id`, `user_id`) VALUES (43, 24);
INSERT INTO `meetup_attendees` (`meetup_id`, `user_id`) VALUES (43, 32);
INSERT INTO `meetup_attendees` (`meetup_id`, `user_id`) VALUES (43, 39);
INSERT INTO `meetup_attendees` (`meetup_id`, `user_id`) VALUES (43, 62);
INSERT INTO `meetup_attendees` (`meetup_id`, `user_id`) VALUES (43, 70);
INSERT INTO `meetup_attendees` (`meetup_id`, `user_id`) VALUES (43, 71);
INSERT INTO `meetup_attendees` (`meetup_id`, `user_id`) VALUES (44, 7);
INSERT INTO `meetup_attendees` (`meetup_id`, `user_id`) VALUES (44, 18);
INSERT INTO `meetup_attendees` (`meetup_id`, `user_id`) VALUES (44, 30);
INSERT INTO `meetup_attendees` (`meetup_id`, `user_id`) VALUES (44, 76);
INSERT INTO `meetup_attendees` (`meetup_id`, `user_id`) VALUES (44, 83);
INSERT INTO `meetup_attendees` (`meetup_id`, `user_id`) VALUES (45, 46);
INSERT INTO `meetup_attendees` (`meetup_id`, `user_id`) VALUES (45, 82);
INSERT INTO `meetup_attendees` (`meetup_id`, `user_id`) VALUES (46, 51);
INSERT INTO `meetup_attendees` (`meetup_id`, `user_id`) VALUES (46, 70);
INSERT INTO `meetup_attendees` (`meetup_id`, `user_id`) VALUES (46, 84);
INSERT INTO `meetup_attendees` (`meetup_id`, `user_id`) VALUES (47, 1);
INSERT INTO `meetup_attendees` (`meetup_id`, `user_id`) VALUES (47, 52);
INSERT INTO `meetup_attendees` (`meetup_id`, `user_id`) VALUES (47, 74);
INSERT INTO `meetup_attendees` (`meetup_id`, `user_id`) VALUES (48, 6);
INSERT INTO `meetup_attendees` (`meetup_id`, `user_id`) VALUES (48, 16);
INSERT INTO `meetup_attendees` (`meetup_id`, `user_id`) VALUES (48, 41);
INSERT INTO `meetup_attendees` (`meetup_id`, `user_id`) VALUES (48, 48);
INSERT INTO `meetup_attendees` (`meetup_id`, `user_id`) VALUES (48, 82);
INSERT INTO `meetup_attendees` (`meetup_id`, `user_id`) VALUES (48, 89);
INSERT INTO `meetup_attendees` (`meetup_id`, `user_id`) VALUES (49, 27);
INSERT INTO `meetup_attendees` (`meetup_id`, `user_id`) VALUES (49, 76);
INSERT INTO `meetup_attendees` (`meetup_id`, `user_id`) VALUES (49, 88);
INSERT INTO `meetup_attendees` (`meetup_id`, `user_id`) VALUES (50, 32);
INSERT INTO `meetup_attendees` (`meetup_id`, `user_id`) VALUES (50, 46);
INSERT INTO `meetup_attendees` (`meetup_id`, `user_id`) VALUES (50, 100);

INSERT INTO `meetup_topic` (`topic_id`, `meetup_id`) VALUES (3, 14);
INSERT INTO `meetup_topic` (`topic_id`, `meetup_id`) VALUES (4, 4);
INSERT INTO `meetup_topic` (`topic_id`, `meetup_id`) VALUES (5, 34);
INSERT INTO `meetup_topic` (`topic_id`, `meetup_id`) VALUES (6, 17);
INSERT INTO `meetup_topic` (`topic_id`, `meetup_id`) VALUES (8, 37);
INSERT INTO `meetup_topic` (`topic_id`, `meetup_id`) VALUES (8, 49);
INSERT INTO `meetup_topic` (`topic_id`, `meetup_id`) VALUES (9, 25);
INSERT INTO `meetup_topic` (`topic_id`, `meetup_id`) VALUES (12, 12);
INSERT INTO `meetup_topic` (`topic_id`, `meetup_id`) VALUES (13, 2);
INSERT INTO `meetup_topic` (`topic_id`, `meetup_id`) VALUES (14, 4);
INSERT INTO `meetup_topic` (`topic_id`, `meetup_id`) VALUES (15, 1);
INSERT INTO `meetup_topic` (`topic_id`, `meetup_id`) VALUES (15, 43);
INSERT INTO `meetup_topic` (`topic_id`, `meetup_id`) VALUES (16, 2);
INSERT INTO `meetup_topic` (`topic_id`, `meetup_id`) VALUES (16, 22);
INSERT INTO `meetup_topic` (`topic_id`, `meetup_id`) VALUES (17, 18);
INSERT INTO `meetup_topic` (`topic_id`, `meetup_id`) VALUES (18, 10);
INSERT INTO `meetup_topic` (`topic_id`, `meetup_id`) VALUES (18, 40);
INSERT INTO `meetup_topic` (`topic_id`, `meetup_id`) VALUES (18, 46);
INSERT INTO `meetup_topic` (`topic_id`, `meetup_id`) VALUES (21, 35);
INSERT INTO `meetup_topic` (`topic_id`, `meetup_id`) VALUES (22, 5);
INSERT INTO `meetup_topic` (`topic_id`, `meetup_id`) VALUES (23, 20);
INSERT INTO `meetup_topic` (`topic_id`, `meetup_id`) VALUES (26, 45);
INSERT INTO `meetup_topic` (`topic_id`, `meetup_id`) VALUES (27, 6);
INSERT INTO `meetup_topic` (`topic_id`, `meetup_id`) VALUES (27, 10);
INSERT INTO `meetup_topic` (`topic_id`, `meetup_id`) VALUES (27, 12);
INSERT INTO `meetup_topic` (`topic_id`, `meetup_id`) VALUES (27, 18);
INSERT INTO `meetup_topic` (`topic_id`, `meetup_id`) VALUES (27, 40);
INSERT INTO `meetup_topic` (`topic_id`, `meetup_id`) VALUES (30, 15);
INSERT INTO `meetup_topic` (`topic_id`, `meetup_id`) VALUES (32, 22);
INSERT INTO `meetup_topic` (`topic_id`, `meetup_id`) VALUES (37, 18);
INSERT INTO `meetup_topic` (`topic_id`, `meetup_id`) VALUES (38, 37);
INSERT INTO `meetup_topic` (`topic_id`, `meetup_id`) VALUES (38, 41);
INSERT INTO `meetup_topic` (`topic_id`, `meetup_id`) VALUES (39, 6);
INSERT INTO `meetup_topic` (`topic_id`, `meetup_id`) VALUES (39, 49);
INSERT INTO `meetup_topic` (`topic_id`, `meetup_id`) VALUES (40, 7);
INSERT INTO `meetup_topic` (`topic_id`, `meetup_id`) VALUES (40, 15);
INSERT INTO `meetup_topic` (`topic_id`, `meetup_id`) VALUES (40, 26);
INSERT INTO `meetup_topic` (`topic_id`, `meetup_id`) VALUES (41, 34);
INSERT INTO `meetup_topic` (`topic_id`, `meetup_id`) VALUES (41, 46);
INSERT INTO `meetup_topic` (`topic_id`, `meetup_id`) VALUES (42, 13);
INSERT INTO `meetup_topic` (`topic_id`, `meetup_id`) VALUES (42, 20);
INSERT INTO `meetup_topic` (`topic_id`, `meetup_id`) VALUES (42, 47);
INSERT INTO `meetup_topic` (`topic_id`, `meetup_id`) VALUES (46, 2);
INSERT INTO `meetup_topic` (`topic_id`, `meetup_id`) VALUES (47, 31);
INSERT INTO `meetup_topic` (`topic_id`, `meetup_id`) VALUES (49, 12);
INSERT INTO `meetup_topic` (`topic_id`, `meetup_id`) VALUES (50, 11);
INSERT INTO `meetup_topic` (`topic_id`, `meetup_id`) VALUES (50, 42);
INSERT INTO `meetup_topic` (`topic_id`, `meetup_id`) VALUES (52, 27);
INSERT INTO `meetup_topic` (`topic_id`, `meetup_id`) VALUES (52, 34);
INSERT INTO `meetup_topic` (`topic_id`, `meetup_id`) VALUES (52, 46);
INSERT INTO `meetup_topic` (`topic_id`, `meetup_id`) VALUES (53, 6);
INSERT INTO `meetup_topic` (`topic_id`, `meetup_id`) VALUES (53, 7);
INSERT INTO `meetup_topic` (`topic_id`, `meetup_id`) VALUES (53, 10);
INSERT INTO `meetup_topic` (`topic_id`, `meetup_id`) VALUES (54, 5);
INSERT INTO `meetup_topic` (`topic_id`, `meetup_id`) VALUES (55, 1);
INSERT INTO `meetup_topic` (`topic_id`, `meetup_id`) VALUES (55, 32);
INSERT INTO `meetup_topic` (`topic_id`, `meetup_id`) VALUES (56, 3);
INSERT INTO `meetup_topic` (`topic_id`, `meetup_id`) VALUES (58, 24);
INSERT INTO `meetup_topic` (`topic_id`, `meetup_id`) VALUES (59, 11);
INSERT INTO `meetup_topic` (`topic_id`, `meetup_id`) VALUES (59, 35);
INSERT INTO `meetup_topic` (`topic_id`, `meetup_id`) VALUES (59, 39);
INSERT INTO `meetup_topic` (`topic_id`, `meetup_id`) VALUES (60, 38);
INSERT INTO `meetup_topic` (`topic_id`, `meetup_id`) VALUES (62, 7);
INSERT INTO `meetup_topic` (`topic_id`, `meetup_id`) VALUES (63, 34);
INSERT INTO `meetup_topic` (`topic_id`, `meetup_id`) VALUES (64, 20);
INSERT INTO `meetup_topic` (`topic_id`, `meetup_id`) VALUES (65, 2);
INSERT INTO `meetup_topic` (`topic_id`, `meetup_id`) VALUES (65, 9);
INSERT INTO `meetup_topic` (`topic_id`, `meetup_id`) VALUES (65, 18);
INSERT INTO `meetup_topic` (`topic_id`, `meetup_id`) VALUES (66, 4);
INSERT INTO `meetup_topic` (`topic_id`, `meetup_id`) VALUES (66, 17);
INSERT INTO `meetup_topic` (`topic_id`, `meetup_id`) VALUES (66, 28);
INSERT INTO `meetup_topic` (`topic_id`, `meetup_id`) VALUES (67, 10);
INSERT INTO `meetup_topic` (`topic_id`, `meetup_id`) VALUES (68, 2);
INSERT INTO `meetup_topic` (`topic_id`, `meetup_id`) VALUES (68, 18);
INSERT INTO `meetup_topic` (`topic_id`, `meetup_id`) VALUES (69, 16);
INSERT INTO `meetup_topic` (`topic_id`, `meetup_id`) VALUES (70, 15);
INSERT INTO `meetup_topic` (`topic_id`, `meetup_id`) VALUES (71, 28);
INSERT INTO `meetup_topic` (`topic_id`, `meetup_id`) VALUES (71, 29);
INSERT INTO `meetup_topic` (`topic_id`, `meetup_id`) VALUES (72, 3);
INSERT INTO `meetup_topic` (`topic_id`, `meetup_id`) VALUES (73, 40);
INSERT INTO `meetup_topic` (`topic_id`, `meetup_id`) VALUES (75, 37);
INSERT INTO `meetup_topic` (`topic_id`, `meetup_id`) VALUES (80, 11);
INSERT INTO `meetup_topic` (`topic_id`, `meetup_id`) VALUES (81, 26);
INSERT INTO `meetup_topic` (`topic_id`, `meetup_id`) VALUES (82, 35);
INSERT INTO `meetup_topic` (`topic_id`, `meetup_id`) VALUES (83, 12);
INSERT INTO `meetup_topic` (`topic_id`, `meetup_id`) VALUES (83, 18);
INSERT INTO `meetup_topic` (`topic_id`, `meetup_id`) VALUES (83, 35);
INSERT INTO `meetup_topic` (`topic_id`, `meetup_id`) VALUES (84, 8);
INSERT INTO `meetup_topic` (`topic_id`, `meetup_id`) VALUES (84, 48);
INSERT INTO `meetup_topic` (`topic_id`, `meetup_id`) VALUES (87, 36);
INSERT INTO `meetup_topic` (`topic_id`, `meetup_id`) VALUES (88, 19);
INSERT INTO `meetup_topic` (`topic_id`, `meetup_id`) VALUES (89, 29);
INSERT INTO `meetup_topic` (`topic_id`, `meetup_id`) VALUES (90, 26);
INSERT INTO `meetup_topic` (`topic_id`, `meetup_id`) VALUES (90, 30);
INSERT INTO `meetup_topic` (`topic_id`, `meetup_id`) VALUES (95, 4);
INSERT INTO `meetup_topic` (`topic_id`, `meetup_id`) VALUES (96, 11);
INSERT INTO `meetup_topic` (`topic_id`, `meetup_id`) VALUES (96, 44);
INSERT INTO `meetup_topic` (`topic_id`, `meetup_id`) VALUES (98, 1);
INSERT INTO `meetup_topic` (`topic_id`, `meetup_id`) VALUES (100, 1);
INSERT INTO `meetup_topic` (`topic_id`, `meetup_id`) VALUES (100, 41);

INSERT INTO `rating` (`rated_user_id`, `rated_by`, `value`, `date_time`) VALUES (1, 23, 4, '2016-06-05 13:05:36');
INSERT INTO `rating` (`rated_user_id`, `rated_by`, `value`, `date_time`) VALUES (2, 2, 0, '2018-01-21 02:41:25');
INSERT INTO `rating` (`rated_user_id`, `rated_by`, `value`, `date_time`) VALUES (2, 52, 2, '1986-10-05 15:46:14');
INSERT INTO `rating` (`rated_user_id`, `rated_by`, `value`, `date_time`) VALUES (3, 10, 5, '2006-12-15 22:36:36');
INSERT INTO `rating` (`rated_user_id`, `rated_by`, `value`, `date_time`) VALUES (3, 77, 2, '2007-08-28 21:02:38');
INSERT INTO `rating` (`rated_user_id`, `rated_by`, `value`, `date_time`) VALUES (5, 53, 3, '1989-05-19 09:03:45');
INSERT INTO `rating` (`rated_user_id`, `rated_by`, `value`, `date_time`) VALUES (5, 65, 0, '2011-03-19 00:08:48');
INSERT INTO `rating` (`rated_user_id`, `rated_by`, `value`, `date_time`) VALUES (5, 95, 3, '1980-05-20 20:53:46');
INSERT INTO `rating` (`rated_user_id`, `rated_by`, `value`, `date_time`) VALUES (6, 30, 0, '1995-08-28 19:35:42');
INSERT INTO `rating` (`rated_user_id`, `rated_by`, `value`, `date_time`) VALUES (6, 32, 4, '1986-02-25 16:15:58');
INSERT INTO `rating` (`rated_user_id`, `rated_by`, `value`, `date_time`) VALUES (7, 10, 2, '1998-02-17 16:44:50');
INSERT INTO `rating` (`rated_user_id`, `rated_by`, `value`, `date_time`) VALUES (7, 27, 2, '1989-07-10 05:21:09');
INSERT INTO `rating` (`rated_user_id`, `rated_by`, `value`, `date_time`) VALUES (8, 51, 1, '1978-06-20 05:38:21');
INSERT INTO `rating` (`rated_user_id`, `rated_by`, `value`, `date_time`) VALUES (8, 77, 0, '2004-08-07 15:51:14');
INSERT INTO `rating` (`rated_user_id`, `rated_by`, `value`, `date_time`) VALUES (8, 93, 3, '1977-04-25 04:25:49');
INSERT INTO `rating` (`rated_user_id`, `rated_by`, `value`, `date_time`) VALUES (9, 35, 4, '1992-09-24 06:08:29');
INSERT INTO `rating` (`rated_user_id`, `rated_by`, `value`, `date_time`) VALUES (9, 38, 1, '2006-05-06 14:18:04');
INSERT INTO `rating` (`rated_user_id`, `rated_by`, `value`, `date_time`) VALUES (9, 46, 1, '1985-09-22 01:03:54');
INSERT INTO `rating` (`rated_user_id`, `rated_by`, `value`, `date_time`) VALUES (10, 70, 1, '1986-05-18 03:08:44');
INSERT INTO `rating` (`rated_user_id`, `rated_by`, `value`, `date_time`) VALUES (11, 27, 4, '1971-12-06 11:26:44');
INSERT INTO `rating` (`rated_user_id`, `rated_by`, `value`, `date_time`) VALUES (11, 100, 4, '1995-07-21 21:10:52');
INSERT INTO `rating` (`rated_user_id`, `rated_by`, `value`, `date_time`) VALUES (13, 19, 3, '2010-04-16 19:19:01');
INSERT INTO `rating` (`rated_user_id`, `rated_by`, `value`, `date_time`) VALUES (14, 10, 3, '1989-06-21 10:11:47');
INSERT INTO `rating` (`rated_user_id`, `rated_by`, `value`, `date_time`) VALUES (14, 51, 3, '2006-05-14 19:40:57');
INSERT INTO `rating` (`rated_user_id`, `rated_by`, `value`, `date_time`) VALUES (14, 56, 3, '1981-10-03 15:15:16');
INSERT INTO `rating` (`rated_user_id`, `rated_by`, `value`, `date_time`) VALUES (15, 8, 5, '2002-10-13 01:27:44');
INSERT INTO `rating` (`rated_user_id`, `rated_by`, `value`, `date_time`) VALUES (15, 11, 1, '1974-11-25 10:59:50');
INSERT INTO `rating` (`rated_user_id`, `rated_by`, `value`, `date_time`) VALUES (15, 43, 5, '1976-08-17 21:24:41');
INSERT INTO `rating` (`rated_user_id`, `rated_by`, `value`, `date_time`) VALUES (16, 21, 2, '1982-09-11 11:40:33');
INSERT INTO `rating` (`rated_user_id`, `rated_by`, `value`, `date_time`) VALUES (16, 33, 0, '1975-03-15 18:27:07');
INSERT INTO `rating` (`rated_user_id`, `rated_by`, `value`, `date_time`) VALUES (16, 54, 4, '1974-07-13 06:38:36');
INSERT INTO `rating` (`rated_user_id`, `rated_by`, `value`, `date_time`) VALUES (16, 96, 4, '1980-03-11 08:47:39');
INSERT INTO `rating` (`rated_user_id`, `rated_by`, `value`, `date_time`) VALUES (17, 31, 1, '2008-02-10 00:12:37');
INSERT INTO `rating` (`rated_user_id`, `rated_by`, `value`, `date_time`) VALUES (17, 62, 2, '2018-04-23 09:43:26');
INSERT INTO `rating` (`rated_user_id`, `rated_by`, `value`, `date_time`) VALUES (18, 16, 2, '2003-08-29 14:23:09');
INSERT INTO `rating` (`rated_user_id`, `rated_by`, `value`, `date_time`) VALUES (18, 36, 5, '1991-09-23 07:05:45');
INSERT INTO `rating` (`rated_user_id`, `rated_by`, `value`, `date_time`) VALUES (19, 91, 4, '1989-05-21 17:10:15');
INSERT INTO `rating` (`rated_user_id`, `rated_by`, `value`, `date_time`) VALUES (20, 62, 4, '1978-04-07 11:32:25');
INSERT INTO `rating` (`rated_user_id`, `rated_by`, `value`, `date_time`) VALUES (20, 69, 3, '2007-02-21 05:39:40');
INSERT INTO `rating` (`rated_user_id`, `rated_by`, `value`, `date_time`) VALUES (20, 85, 1, '2013-09-10 17:06:08');
INSERT INTO `rating` (`rated_user_id`, `rated_by`, `value`, `date_time`) VALUES (21, 53, 2, '2010-09-14 07:30:27');
INSERT INTO `rating` (`rated_user_id`, `rated_by`, `value`, `date_time`) VALUES (21, 78, 0, '2015-04-19 09:16:16');
INSERT INTO `rating` (`rated_user_id`, `rated_by`, `value`, `date_time`) VALUES (22, 43, 1, '2011-11-27 04:31:09');
INSERT INTO `rating` (`rated_user_id`, `rated_by`, `value`, `date_time`) VALUES (23, 39, 5, '1991-11-17 21:10:22');
INSERT INTO `rating` (`rated_user_id`, `rated_by`, `value`, `date_time`) VALUES (23, 75, 5, '2015-01-26 05:51:14');
INSERT INTO `rating` (`rated_user_id`, `rated_by`, `value`, `date_time`) VALUES (23, 99, 0, '1979-09-15 11:48:45');
INSERT INTO `rating` (`rated_user_id`, `rated_by`, `value`, `date_time`) VALUES (24, 17, 0, '1976-02-02 20:31:28');
INSERT INTO `rating` (`rated_user_id`, `rated_by`, `value`, `date_time`) VALUES (24, 27, 3, '1978-04-06 10:06:49');
INSERT INTO `rating` (`rated_user_id`, `rated_by`, `value`, `date_time`) VALUES (24, 91, 4, '2014-12-12 08:29:39');
INSERT INTO `rating` (`rated_user_id`, `rated_by`, `value`, `date_time`) VALUES (24, 95, 4, '2011-01-01 05:11:49');
INSERT INTO `rating` (`rated_user_id`, `rated_by`, `value`, `date_time`) VALUES (24, 100, 5, '1989-07-23 15:08:04');
INSERT INTO `rating` (`rated_user_id`, `rated_by`, `value`, `date_time`) VALUES (25, 11, 2, '2009-08-21 01:23:00');
INSERT INTO `rating` (`rated_user_id`, `rated_by`, `value`, `date_time`) VALUES (25, 34, 5, '2003-09-01 08:55:53');
INSERT INTO `rating` (`rated_user_id`, `rated_by`, `value`, `date_time`) VALUES (25, 59, 2, '2004-02-06 11:00:36');
INSERT INTO `rating` (`rated_user_id`, `rated_by`, `value`, `date_time`) VALUES (25, 75, 1, '1990-04-14 10:37:15');
INSERT INTO `rating` (`rated_user_id`, `rated_by`, `value`, `date_time`) VALUES (25, 77, 5, '2010-08-04 22:05:34');
INSERT INTO `rating` (`rated_user_id`, `rated_by`, `value`, `date_time`) VALUES (26, 16, 2, '1982-02-04 19:08:19');
INSERT INTO `rating` (`rated_user_id`, `rated_by`, `value`, `date_time`) VALUES (26, 53, 2, '1981-08-14 10:13:20');
INSERT INTO `rating` (`rated_user_id`, `rated_by`, `value`, `date_time`) VALUES (26, 74, 2, '1999-05-07 17:32:20');
INSERT INTO `rating` (`rated_user_id`, `rated_by`, `value`, `date_time`) VALUES (27, 26, 3, '2016-11-17 11:25:35');
INSERT INTO `rating` (`rated_user_id`, `rated_by`, `value`, `date_time`) VALUES (27, 39, 0, '1990-07-21 01:38:50');
INSERT INTO `rating` (`rated_user_id`, `rated_by`, `value`, `date_time`) VALUES (27, 62, 3, '1971-07-05 11:14:39');
INSERT INTO `rating` (`rated_user_id`, `rated_by`, `value`, `date_time`) VALUES (28, 18, 2, '1980-08-16 14:55:27');
INSERT INTO `rating` (`rated_user_id`, `rated_by`, `value`, `date_time`) VALUES (28, 40, 2, '1984-07-31 03:33:54');
INSERT INTO `rating` (`rated_user_id`, `rated_by`, `value`, `date_time`) VALUES (28, 74, 0, '2011-01-30 03:50:24');
INSERT INTO `rating` (`rated_user_id`, `rated_by`, `value`, `date_time`) VALUES (28, 87, 1, '1993-07-09 15:23:10');
INSERT INTO `rating` (`rated_user_id`, `rated_by`, `value`, `date_time`) VALUES (29, 40, 2, '2010-03-16 06:56:21');
INSERT INTO `rating` (`rated_user_id`, `rated_by`, `value`, `date_time`) VALUES (29, 90, 4, '2004-12-11 12:19:21');
INSERT INTO `rating` (`rated_user_id`, `rated_by`, `value`, `date_time`) VALUES (29, 91, 0, '1970-12-11 03:40:56');
INSERT INTO `rating` (`rated_user_id`, `rated_by`, `value`, `date_time`) VALUES (30, 29, 1, '1983-11-14 09:49:38');
INSERT INTO `rating` (`rated_user_id`, `rated_by`, `value`, `date_time`) VALUES (30, 32, 2, '1982-06-15 00:34:33');
INSERT INTO `rating` (`rated_user_id`, `rated_by`, `value`, `date_time`) VALUES (31, 100, 5, '1973-04-17 11:33:05');
INSERT INTO `rating` (`rated_user_id`, `rated_by`, `value`, `date_time`) VALUES (32, 31, 1, '2012-04-05 02:10:01');
INSERT INTO `rating` (`rated_user_id`, `rated_by`, `value`, `date_time`) VALUES (32, 97, 5, '1972-04-15 23:18:27');
INSERT INTO `rating` (`rated_user_id`, `rated_by`, `value`, `date_time`) VALUES (33, 61, 2, '1993-11-18 05:56:20');
INSERT INTO `rating` (`rated_user_id`, `rated_by`, `value`, `date_time`) VALUES (34, 44, 4, '1991-08-30 13:35:30');
INSERT INTO `rating` (`rated_user_id`, `rated_by`, `value`, `date_time`) VALUES (34, 64, 0, '1989-11-20 12:07:33');
INSERT INTO `rating` (`rated_user_id`, `rated_by`, `value`, `date_time`) VALUES (35, 57, 3, '1999-09-24 05:32:46');
INSERT INTO `rating` (`rated_user_id`, `rated_by`, `value`, `date_time`) VALUES (35, 69, 3, '2014-05-22 09:21:25');
INSERT INTO `rating` (`rated_user_id`, `rated_by`, `value`, `date_time`) VALUES (36, 25, 5, '2010-01-08 19:37:58');
INSERT INTO `rating` (`rated_user_id`, `rated_by`, `value`, `date_time`) VALUES (37, 58, 1, '2014-11-16 08:33:20');
INSERT INTO `rating` (`rated_user_id`, `rated_by`, `value`, `date_time`) VALUES (38, 53, 3, '2005-02-11 19:21:53');
INSERT INTO `rating` (`rated_user_id`, `rated_by`, `value`, `date_time`) VALUES (38, 83, 0, '2013-09-30 02:25:27');
INSERT INTO `rating` (`rated_user_id`, `rated_by`, `value`, `date_time`) VALUES (39, 64, 3, '1999-01-05 11:12:29');
INSERT INTO `rating` (`rated_user_id`, `rated_by`, `value`, `date_time`) VALUES (40, 35, 0, '1977-06-01 12:51:23');
INSERT INTO `rating` (`rated_user_id`, `rated_by`, `value`, `date_time`) VALUES (40, 65, 3, '2015-10-04 18:43:57');
INSERT INTO `rating` (`rated_user_id`, `rated_by`, `value`, `date_time`) VALUES (40, 81, 4, '2009-01-18 22:17:33');
INSERT INTO `rating` (`rated_user_id`, `rated_by`, `value`, `date_time`) VALUES (41, 53, 5, '2002-08-08 07:40:18');
INSERT INTO `rating` (`rated_user_id`, `rated_by`, `value`, `date_time`) VALUES (41, 79, 2, '1970-11-21 21:28:19');
INSERT INTO `rating` (`rated_user_id`, `rated_by`, `value`, `date_time`) VALUES (42, 47, 2, '1970-10-06 00:58:39');
INSERT INTO `rating` (`rated_user_id`, `rated_by`, `value`, `date_time`) VALUES (42, 51, 1, '1995-09-06 19:39:38');
INSERT INTO `rating` (`rated_user_id`, `rated_by`, `value`, `date_time`) VALUES (42, 67, 5, '1970-08-24 10:39:44');
INSERT INTO `rating` (`rated_user_id`, `rated_by`, `value`, `date_time`) VALUES (43, 94, 5, '1995-05-06 10:40:17');
INSERT INTO `rating` (`rated_user_id`, `rated_by`, `value`, `date_time`) VALUES (44, 74, 0, '2014-09-22 22:36:08');
INSERT INTO `rating` (`rated_user_id`, `rated_by`, `value`, `date_time`) VALUES (45, 50, 5, '1974-07-11 09:51:13');
INSERT INTO `rating` (`rated_user_id`, `rated_by`, `value`, `date_time`) VALUES (45, 66, 4, '1977-06-01 15:45:30');
INSERT INTO `rating` (`rated_user_id`, `rated_by`, `value`, `date_time`) VALUES (45, 79, 4, '1997-04-27 00:41:45');
INSERT INTO `rating` (`rated_user_id`, `rated_by`, `value`, `date_time`) VALUES (46, 6, 4, '2006-10-29 01:36:47');
INSERT INTO `rating` (`rated_user_id`, `rated_by`, `value`, `date_time`) VALUES (46, 26, 3, '1974-07-10 11:51:16');
INSERT INTO `rating` (`rated_user_id`, `rated_by`, `value`, `date_time`) VALUES (47, 46, 5, '2006-04-27 21:08:51');
INSERT INTO `rating` (`rated_user_id`, `rated_by`, `value`, `date_time`) VALUES (47, 50, 0, '1994-01-21 20:35:09');
INSERT INTO `rating` (`rated_user_id`, `rated_by`, `value`, `date_time`) VALUES (47, 64, 4, '1991-01-10 12:17:49');
INSERT INTO `rating` (`rated_user_id`, `rated_by`, `value`, `date_time`) VALUES (47, 78, 2, '1988-02-11 01:59:24');
INSERT INTO `rating` (`rated_user_id`, `rated_by`, `value`, `date_time`) VALUES (48, 59, 5, '1970-09-06 16:22:56');
INSERT INTO `rating` (`rated_user_id`, `rated_by`, `value`, `date_time`) VALUES (48, 86, 3, '2013-07-11 17:16:22');
INSERT INTO `rating` (`rated_user_id`, `rated_by`, `value`, `date_time`) VALUES (49, 50, 5, '2000-06-04 06:33:22');
INSERT INTO `rating` (`rated_user_id`, `rated_by`, `value`, `date_time`) VALUES (50, 30, 2, '1983-07-06 10:00:45');
INSERT INTO `rating` (`rated_user_id`, `rated_by`, `value`, `date_time`) VALUES (50, 57, 2, '1983-08-30 13:03:11');
INSERT INTO `rating` (`rated_user_id`, `rated_by`, `value`, `date_time`) VALUES (51, 15, 4, '1987-10-02 03:15:41');
INSERT INTO `rating` (`rated_user_id`, `rated_by`, `value`, `date_time`) VALUES (52, 48, 3, '1970-05-15 16:30:38');
INSERT INTO `rating` (`rated_user_id`, `rated_by`, `value`, `date_time`) VALUES (52, 62, 2, '1999-09-22 06:11:35');
INSERT INTO `rating` (`rated_user_id`, `rated_by`, `value`, `date_time`) VALUES (53, 11, 1, '2011-07-24 03:00:21');
INSERT INTO `rating` (`rated_user_id`, `rated_by`, `value`, `date_time`) VALUES (53, 100, 5, '1989-08-23 17:01:49');
INSERT INTO `rating` (`rated_user_id`, `rated_by`, `value`, `date_time`) VALUES (54, 27, 2, '1976-04-08 13:56:58');
INSERT INTO `rating` (`rated_user_id`, `rated_by`, `value`, `date_time`) VALUES (55, 33, 3, '1973-04-11 05:02:25');
INSERT INTO `rating` (`rated_user_id`, `rated_by`, `value`, `date_time`) VALUES (55, 42, 0, '2002-04-01 16:29:04');
INSERT INTO `rating` (`rated_user_id`, `rated_by`, `value`, `date_time`) VALUES (55, 51, 3, '2011-12-16 03:32:16');
INSERT INTO `rating` (`rated_user_id`, `rated_by`, `value`, `date_time`) VALUES (56, 32, 2, '2015-02-16 22:05:42');
INSERT INTO `rating` (`rated_user_id`, `rated_by`, `value`, `date_time`) VALUES (56, 84, 4, '1995-11-20 05:49:38');
INSERT INTO `rating` (`rated_user_id`, `rated_by`, `value`, `date_time`) VALUES (57, 16, 4, '1981-02-16 15:12:26');
INSERT INTO `rating` (`rated_user_id`, `rated_by`, `value`, `date_time`) VALUES (57, 82, 1, '1979-11-05 06:37:02');
INSERT INTO `rating` (`rated_user_id`, `rated_by`, `value`, `date_time`) VALUES (57, 90, 0, '1971-09-08 13:41:27');
INSERT INTO `rating` (`rated_user_id`, `rated_by`, `value`, `date_time`) VALUES (58, 28, 2, '1978-02-13 19:23:57');
INSERT INTO `rating` (`rated_user_id`, `rated_by`, `value`, `date_time`) VALUES (58, 67, 4, '2009-09-15 03:07:39');
INSERT INTO `rating` (`rated_user_id`, `rated_by`, `value`, `date_time`) VALUES (59, 52, 0, '1978-03-22 18:53:31');
INSERT INTO `rating` (`rated_user_id`, `rated_by`, `value`, `date_time`) VALUES (60, 66, 5, '1997-04-20 16:59:03');
INSERT INTO `rating` (`rated_user_id`, `rated_by`, `value`, `date_time`) VALUES (61, 31, 1, '2016-08-13 16:14:23');
INSERT INTO `rating` (`rated_user_id`, `rated_by`, `value`, `date_time`) VALUES (61, 89, 3, '1994-12-22 03:05:31');
INSERT INTO `rating` (`rated_user_id`, `rated_by`, `value`, `date_time`) VALUES (62, 14, 4, '1989-02-10 13:41:18');
INSERT INTO `rating` (`rated_user_id`, `rated_by`, `value`, `date_time`) VALUES (62, 83, 4, '1978-08-23 06:36:13');
INSERT INTO `rating` (`rated_user_id`, `rated_by`, `value`, `date_time`) VALUES (63, 13, 2, '1975-04-12 15:24:50');
INSERT INTO `rating` (`rated_user_id`, `rated_by`, `value`, `date_time`) VALUES (63, 15, 3, '1987-08-15 02:38:18');
INSERT INTO `rating` (`rated_user_id`, `rated_by`, `value`, `date_time`) VALUES (63, 23, 3, '2003-04-13 02:49:53');
INSERT INTO `rating` (`rated_user_id`, `rated_by`, `value`, `date_time`) VALUES (63, 46, 4, '1991-09-07 05:27:44');
INSERT INTO `rating` (`rated_user_id`, `rated_by`, `value`, `date_time`) VALUES (64, 15, 5, '1999-06-08 23:51:34');
INSERT INTO `rating` (`rated_user_id`, `rated_by`, `value`, `date_time`) VALUES (64, 51, 5, '2001-02-21 08:47:45');
INSERT INTO `rating` (`rated_user_id`, `rated_by`, `value`, `date_time`) VALUES (65, 70, 2, '1973-07-31 08:41:22');
INSERT INTO `rating` (`rated_user_id`, `rated_by`, `value`, `date_time`) VALUES (65, 90, 2, '2005-02-01 16:11:59');
INSERT INTO `rating` (`rated_user_id`, `rated_by`, `value`, `date_time`) VALUES (66, 65, 2, '2006-04-04 14:59:11');
INSERT INTO `rating` (`rated_user_id`, `rated_by`, `value`, `date_time`) VALUES (66, 71, 2, '1974-01-29 23:05:25');
INSERT INTO `rating` (`rated_user_id`, `rated_by`, `value`, `date_time`) VALUES (67, 48, 0, '1970-10-21 03:13:01');
INSERT INTO `rating` (`rated_user_id`, `rated_by`, `value`, `date_time`) VALUES (69, 51, 5, '1992-08-17 05:34:48');
INSERT INTO `rating` (`rated_user_id`, `rated_by`, `value`, `date_time`) VALUES (70, 59, 3, '2011-07-22 18:02:44');
INSERT INTO `rating` (`rated_user_id`, `rated_by`, `value`, `date_time`) VALUES (71, 4, 5, '2018-03-11 00:57:53');
INSERT INTO `rating` (`rated_user_id`, `rated_by`, `value`, `date_time`) VALUES (72, 68, 0, '2017-11-17 02:12:48');
INSERT INTO `rating` (`rated_user_id`, `rated_by`, `value`, `date_time`) VALUES (72, 74, 5, '1973-06-11 12:08:37');
INSERT INTO `rating` (`rated_user_id`, `rated_by`, `value`, `date_time`) VALUES (73, 18, 0, '1993-03-01 13:17:55');
INSERT INTO `rating` (`rated_user_id`, `rated_by`, `value`, `date_time`) VALUES (73, 94, 5, '1982-06-13 04:41:15');
INSERT INTO `rating` (`rated_user_id`, `rated_by`, `value`, `date_time`) VALUES (74, 43, 2, '1996-04-20 14:12:06');
INSERT INTO `rating` (`rated_user_id`, `rated_by`, `value`, `date_time`) VALUES (75, 5, 5, '1975-05-18 20:18:15');
INSERT INTO `rating` (`rated_user_id`, `rated_by`, `value`, `date_time`) VALUES (75, 89, 3, '2000-11-29 11:42:07');
INSERT INTO `rating` (`rated_user_id`, `rated_by`, `value`, `date_time`) VALUES (76, 38, 3, '2005-01-23 17:35:55');
INSERT INTO `rating` (`rated_user_id`, `rated_by`, `value`, `date_time`) VALUES (77, 66, 0, '2017-02-23 01:09:23');
INSERT INTO `rating` (`rated_user_id`, `rated_by`, `value`, `date_time`) VALUES (77, 83, 5, '2011-01-20 00:01:35');
INSERT INTO `rating` (`rated_user_id`, `rated_by`, `value`, `date_time`) VALUES (79, 38, 0, '2003-12-21 17:25:28');
INSERT INTO `rating` (`rated_user_id`, `rated_by`, `value`, `date_time`) VALUES (79, 62, 0, '2018-10-31 11:32:58');
INSERT INTO `rating` (`rated_user_id`, `rated_by`, `value`, `date_time`) VALUES (79, 81, 2, '1978-09-12 05:41:24');
INSERT INTO `rating` (`rated_user_id`, `rated_by`, `value`, `date_time`) VALUES (80, 8, 4, '2012-12-22 20:55:33');
INSERT INTO `rating` (`rated_user_id`, `rated_by`, `value`, `date_time`) VALUES (80, 58, 4, '2016-07-17 21:46:37');
INSERT INTO `rating` (`rated_user_id`, `rated_by`, `value`, `date_time`) VALUES (80, 91, 1, '2012-07-31 02:20:45');
INSERT INTO `rating` (`rated_user_id`, `rated_by`, `value`, `date_time`) VALUES (81, 4, 3, '2005-10-02 23:36:19');
INSERT INTO `rating` (`rated_user_id`, `rated_by`, `value`, `date_time`) VALUES (81, 12, 1, '2018-09-23 10:55:45');
INSERT INTO `rating` (`rated_user_id`, `rated_by`, `value`, `date_time`) VALUES (81, 89, 5, '2011-03-31 07:01:15');
INSERT INTO `rating` (`rated_user_id`, `rated_by`, `value`, `date_time`) VALUES (83, 57, 3, '1982-05-10 14:04:45');
INSERT INTO `rating` (`rated_user_id`, `rated_by`, `value`, `date_time`) VALUES (84, 34, 4, '1994-06-09 21:28:57');
INSERT INTO `rating` (`rated_user_id`, `rated_by`, `value`, `date_time`) VALUES (86, 42, 2, '1988-05-31 21:29:40');
INSERT INTO `rating` (`rated_user_id`, `rated_by`, `value`, `date_time`) VALUES (86, 99, 0, '1978-02-16 22:58:57');
INSERT INTO `rating` (`rated_user_id`, `rated_by`, `value`, `date_time`) VALUES (88, 45, 3, '2000-06-08 08:14:29');
INSERT INTO `rating` (`rated_user_id`, `rated_by`, `value`, `date_time`) VALUES (88, 49, 2, '1977-11-02 01:06:02');
INSERT INTO `rating` (`rated_user_id`, `rated_by`, `value`, `date_time`) VALUES (88, 64, 1, '1976-12-12 01:54:20');
INSERT INTO `rating` (`rated_user_id`, `rated_by`, `value`, `date_time`) VALUES (88, 70, 3, '1979-06-27 05:39:07');
INSERT INTO `rating` (`rated_user_id`, `rated_by`, `value`, `date_time`) VALUES (89, 19, 5, '2002-05-15 14:02:52');
INSERT INTO `rating` (`rated_user_id`, `rated_by`, `value`, `date_time`) VALUES (89, 90, 1, '1994-10-20 13:02:49');
INSERT INTO `rating` (`rated_user_id`, `rated_by`, `value`, `date_time`) VALUES (90, 2, 2, '2019-05-17 15:29:54');
INSERT INTO `rating` (`rated_user_id`, `rated_by`, `value`, `date_time`) VALUES (90, 30, 5, '1974-04-27 05:45:07');
INSERT INTO `rating` (`rated_user_id`, `rated_by`, `value`, `date_time`) VALUES (90, 57, 4, '1985-01-25 22:04:43');
INSERT INTO `rating` (`rated_user_id`, `rated_by`, `value`, `date_time`) VALUES (91, 71, 5, '1983-08-11 22:09:08');
INSERT INTO `rating` (`rated_user_id`, `rated_by`, `value`, `date_time`) VALUES (91, 84, 4, '2018-09-23 17:17:11');
INSERT INTO `rating` (`rated_user_id`, `rated_by`, `value`, `date_time`) VALUES (91, 88, 3, '2017-03-11 17:37:59');
INSERT INTO `rating` (`rated_user_id`, `rated_by`, `value`, `date_time`) VALUES (92, 41, 0, '2012-03-03 07:12:43');
INSERT INTO `rating` (`rated_user_id`, `rated_by`, `value`, `date_time`) VALUES (92, 76, 2, '2014-10-27 04:23:41');
INSERT INTO `rating` (`rated_user_id`, `rated_by`, `value`, `date_time`) VALUES (92, 79, 1, '2007-03-31 01:04:14');
INSERT INTO `rating` (`rated_user_id`, `rated_by`, `value`, `date_time`) VALUES (92, 88, 1, '2018-04-22 23:02:25');
INSERT INTO `rating` (`rated_user_id`, `rated_by`, `value`, `date_time`) VALUES (92, 97, 3, '2013-06-11 02:22:16');
INSERT INTO `rating` (`rated_user_id`, `rated_by`, `value`, `date_time`) VALUES (94, 75, 1, '1983-10-21 00:47:30');
INSERT INTO `rating` (`rated_user_id`, `rated_by`, `value`, `date_time`) VALUES (95, 42, 2, '1996-02-24 10:29:21');
INSERT INTO `rating` (`rated_user_id`, `rated_by`, `value`, `date_time`) VALUES (95, 48, 3, '1994-05-14 04:02:55');
INSERT INTO `rating` (`rated_user_id`, `rated_by`, `value`, `date_time`) VALUES (95, 84, 2, '2005-01-16 05:37:00');
INSERT INTO `rating` (`rated_user_id`, `rated_by`, `value`, `date_time`) VALUES (97, 24, 1, '1980-07-26 03:38:50');
INSERT INTO `rating` (`rated_user_id`, `rated_by`, `value`, `date_time`) VALUES (97, 93, 4, '2014-02-27 02:02:39');
INSERT INTO `rating` (`rated_user_id`, `rated_by`, `value`, `date_time`) VALUES (98, 81, 5, '2008-03-03 21:53:54');
INSERT INTO `rating` (`rated_user_id`, `rated_by`, `value`, `date_time`) VALUES (99, 13, 1, '1972-09-16 21:48:12');
INSERT INTO `rating` (`rated_user_id`, `rated_by`, `value`, `date_time`) VALUES (99, 28, 2, '1979-11-05 21:04:10');
INSERT INTO `rating` (`rated_user_id`, `rated_by`, `value`, `date_time`) VALUES (99, 40, 0, '2004-12-19 16:36:31');
INSERT INTO `rating` (`rated_user_id`, `rated_by`, `value`, `date_time`) VALUES (99, 77, 0, '1996-08-03 10:23:33');
INSERT INTO `rating` (`rated_user_id`, `rated_by`, `value`, `date_time`) VALUES (100, 8, 1, '2016-01-07 01:24:09');
INSERT INTO `rating` (`rated_user_id`, `rated_by`, `value`, `date_time`) VALUES (100, 31, 4, '1998-02-01 11:29:18');
INSERT INTO `rating` (`rated_user_id`, `rated_by`, `value`, `date_time`) VALUES (100, 43, 1, '2010-04-30 02:17:25');

INSERT INTO `user_language` (`user_id`, `language_id`) VALUES (1, 7);
INSERT INTO `user_language` (`user_id`, `language_id`) VALUES (2, 3);
INSERT INTO `user_language` (`user_id`, `language_id`) VALUES (3, 2);
INSERT INTO `user_language` (`user_id`, `language_id`) VALUES (5, 4);
INSERT INTO `user_language` (`user_id`, `language_id`) VALUES (7, 3);
INSERT INTO `user_language` (`user_id`, `language_id`) VALUES (7, 8);
INSERT INTO `user_language` (`user_id`, `language_id`) VALUES (8, 2);
INSERT INTO `user_language` (`user_id`, `language_id`) VALUES (8, 5);
INSERT INTO `user_language` (`user_id`, `language_id`) VALUES (9, 1);
INSERT INTO `user_language` (`user_id`, `language_id`) VALUES (9, 4);
INSERT INTO `user_language` (`user_id`, `language_id`) VALUES (9, 5);
INSERT INTO `user_language` (`user_id`, `language_id`) VALUES (9, 10);
INSERT INTO `user_language` (`user_id`, `language_id`) VALUES (10, 5);
INSERT INTO `user_language` (`user_id`, `language_id`) VALUES (11, 8);
INSERT INTO `user_language` (`user_id`, `language_id`) VALUES (11, 10);
INSERT INTO `user_language` (`user_id`, `language_id`) VALUES (12, 2);
INSERT INTO `user_language` (`user_id`, `language_id`) VALUES (12, 5);
INSERT INTO `user_language` (`user_id`, `language_id`) VALUES (12, 9);
INSERT INTO `user_language` (`user_id`, `language_id`) VALUES (16, 9);
INSERT INTO `user_language` (`user_id`, `language_id`) VALUES (19, 6);
INSERT INTO `user_language` (`user_id`, `language_id`) VALUES (19, 8);
INSERT INTO `user_language` (`user_id`, `language_id`) VALUES (19, 9);
INSERT INTO `user_language` (`user_id`, `language_id`) VALUES (20, 8);
INSERT INTO `user_language` (`user_id`, `language_id`) VALUES (25, 2);
INSERT INTO `user_language` (`user_id`, `language_id`) VALUES (25, 7);
INSERT INTO `user_language` (`user_id`, `language_id`) VALUES (25, 8);
INSERT INTO `user_language` (`user_id`, `language_id`) VALUES (26, 10);
INSERT INTO `user_language` (`user_id`, `language_id`) VALUES (28, 2);
INSERT INTO `user_language` (`user_id`, `language_id`) VALUES (29, 5);
INSERT INTO `user_language` (`user_id`, `language_id`) VALUES (30, 7);
INSERT INTO `user_language` (`user_id`, `language_id`) VALUES (33, 9);
INSERT INTO `user_language` (`user_id`, `language_id`) VALUES (34, 2);
INSERT INTO `user_language` (`user_id`, `language_id`) VALUES (35, 3);
INSERT INTO `user_language` (`user_id`, `language_id`) VALUES (35, 5);
INSERT INTO `user_language` (`user_id`, `language_id`) VALUES (35, 10);
INSERT INTO `user_language` (`user_id`, `language_id`) VALUES (37, 8);
INSERT INTO `user_language` (`user_id`, `language_id`) VALUES (39, 7);
INSERT INTO `user_language` (`user_id`, `language_id`) VALUES (39, 10);
INSERT INTO `user_language` (`user_id`, `language_id`) VALUES (40, 1);
INSERT INTO `user_language` (`user_id`, `language_id`) VALUES (40, 9);
INSERT INTO `user_language` (`user_id`, `language_id`) VALUES (41, 4);
INSERT INTO `user_language` (`user_id`, `language_id`) VALUES (41, 5);
INSERT INTO `user_language` (`user_id`, `language_id`) VALUES (46, 3);
INSERT INTO `user_language` (`user_id`, `language_id`) VALUES (47, 6);
INSERT INTO `user_language` (`user_id`, `language_id`) VALUES (48, 1);
INSERT INTO `user_language` (`user_id`, `language_id`) VALUES (48, 3);
INSERT INTO `user_language` (`user_id`, `language_id`) VALUES (49, 3);
INSERT INTO `user_language` (`user_id`, `language_id`) VALUES (49, 4);
INSERT INTO `user_language` (`user_id`, `language_id`) VALUES (52, 7);
INSERT INTO `user_language` (`user_id`, `language_id`) VALUES (54, 9);
INSERT INTO `user_language` (`user_id`, `language_id`) VALUES (54, 10);
INSERT INTO `user_language` (`user_id`, `language_id`) VALUES (55, 6);
INSERT INTO `user_language` (`user_id`, `language_id`) VALUES (56, 8);
INSERT INTO `user_language` (`user_id`, `language_id`) VALUES (57, 3);
INSERT INTO `user_language` (`user_id`, `language_id`) VALUES (57, 7);
INSERT INTO `user_language` (`user_id`, `language_id`) VALUES (58, 3);
INSERT INTO `user_language` (`user_id`, `language_id`) VALUES (58, 4);
INSERT INTO `user_language` (`user_id`, `language_id`) VALUES (58, 8);
INSERT INTO `user_language` (`user_id`, `language_id`) VALUES (58, 9);
INSERT INTO `user_language` (`user_id`, `language_id`) VALUES (59, 3);
INSERT INTO `user_language` (`user_id`, `language_id`) VALUES (60, 4);
INSERT INTO `user_language` (`user_id`, `language_id`) VALUES (61, 7);
INSERT INTO `user_language` (`user_id`, `language_id`) VALUES (64, 7);
INSERT INTO `user_language` (`user_id`, `language_id`) VALUES (64, 10);
INSERT INTO `user_language` (`user_id`, `language_id`) VALUES (65, 1);
INSERT INTO `user_language` (`user_id`, `language_id`) VALUES (65, 4);
INSERT INTO `user_language` (`user_id`, `language_id`) VALUES (65, 5);
INSERT INTO `user_language` (`user_id`, `language_id`) VALUES (67, 7);
INSERT INTO `user_language` (`user_id`, `language_id`) VALUES (67, 9);
INSERT INTO `user_language` (`user_id`, `language_id`) VALUES (67, 10);
INSERT INTO `user_language` (`user_id`, `language_id`) VALUES (68, 8);
INSERT INTO `user_language` (`user_id`, `language_id`) VALUES (70, 1);
INSERT INTO `user_language` (`user_id`, `language_id`) VALUES (70, 7);
INSERT INTO `user_language` (`user_id`, `language_id`) VALUES (72, 9);
INSERT INTO `user_language` (`user_id`, `language_id`) VALUES (75, 1);
INSERT INTO `user_language` (`user_id`, `language_id`) VALUES (75, 7);
INSERT INTO `user_language` (`user_id`, `language_id`) VALUES (76, 1);
INSERT INTO `user_language` (`user_id`, `language_id`) VALUES (77, 4);
INSERT INTO `user_language` (`user_id`, `language_id`) VALUES (77, 8);
INSERT INTO `user_language` (`user_id`, `language_id`) VALUES (78, 5);
INSERT INTO `user_language` (`user_id`, `language_id`) VALUES (80, 9);
INSERT INTO `user_language` (`user_id`, `language_id`) VALUES (81, 8);
INSERT INTO `user_language` (`user_id`, `language_id`) VALUES (84, 6);
INSERT INTO `user_language` (`user_id`, `language_id`) VALUES (84, 10);
INSERT INTO `user_language` (`user_id`, `language_id`) VALUES (86, 3);
INSERT INTO `user_language` (`user_id`, `language_id`) VALUES (87, 2);
INSERT INTO `user_language` (`user_id`, `language_id`) VALUES (89, 10);
INSERT INTO `user_language` (`user_id`, `language_id`) VALUES (90, 5);
INSERT INTO `user_language` (`user_id`, `language_id`) VALUES (92, 8);
INSERT INTO `user_language` (`user_id`, `language_id`) VALUES (92, 9);
INSERT INTO `user_language` (`user_id`, `language_id`) VALUES (94, 8);
INSERT INTO `user_language` (`user_id`, `language_id`) VALUES (95, 1);
INSERT INTO `user_language` (`user_id`, `language_id`) VALUES (96, 5);
INSERT INTO `user_language` (`user_id`, `language_id`) VALUES (97, 9);
INSERT INTO `user_language` (`user_id`, `language_id`) VALUES (98, 9);
INSERT INTO `user_language` (`user_id`, `language_id`) VALUES (99, 8);
INSERT INTO `user_language` (`user_id`, `language_id`) VALUES (100, 7);


