-- MySQL dump 10.13  Distrib 8.0.17, for osx10.14 (x86_64)
--
-- Host: localhost    Database: meetuply
-- ------------------------------------------------------
-- Server version	8.0.17

/*!40101 SET @OLD_CHARACTER_SET_CLIENT=@@CHARACTER_SET_CLIENT */;
/*!40101 SET @OLD_CHARACTER_SET_RESULTS=@@CHARACTER_SET_RESULTS */;
/*!40101 SET @OLD_COLLATION_CONNECTION=@@COLLATION_CONNECTION */;
/*!50503 SET NAMES utf8mb4 */;
/*!40103 SET @OLD_TIME_ZONE=@@TIME_ZONE */;
/*!40103 SET TIME_ZONE='+00:00' */;
/*!40014 SET @OLD_UNIQUE_CHECKS=@@UNIQUE_CHECKS, UNIQUE_CHECKS=0 */;
/*!40014 SET @OLD_FOREIGN_KEY_CHECKS=@@FOREIGN_KEY_CHECKS, FOREIGN_KEY_CHECKS=0 */;
/*!40101 SET @OLD_SQL_MODE=@@SQL_MODE, SQL_MODE='NO_AUTO_VALUE_ON_ZERO' */;
/*!40111 SET @OLD_SQL_NOTES=@@SQL_NOTES, SQL_NOTES=0 */;

--
-- Table structure for table `achievement`
--

DROP TABLE IF EXISTS `achievement`;
/*!40101 SET @saved_cs_client     = @@character_set_client */;
/*!50503 SET character_set_client = utf8mb4 */;
CREATE TABLE `achievement` (
  `uid` int(10) unsigned NOT NULL AUTO_INCREMENT,
  `title` varchar(100) NOT NULL,
  `description` varchar(400) NOT NULL,
  `icon` varchar(500) NOT NULL,
  `followers` int(11) DEFAULT NULL,
  `posts` int(11) DEFAULT NULL,
  `rating` float DEFAULT NULL,
  `meetups` int(11) DEFAULT NULL,
  PRIMARY KEY (`uid`),
  UNIQUE KEY `topic_name_uindex` (`followers`, `posts`, `rating`, `meetups`)
) ENGINE=InnoDB AUTO_INCREMENT=2 DEFAULT CHARSET=utf8mb4 ;
/*!40101 SET character_set_client = @saved_cs_client */;

--
-- Dumping data for table `achievement`
--

LOCK TABLES `achievement` WRITE;
/*!40000 ALTER TABLE `achievement` DISABLE KEYS */;
INSERT INTO `achievement` VALUES (1,'123','123','123',NULL,NULL,NULL,NULL);
/*!40000 ALTER TABLE `achievement` ENABLE KEYS */;
UNLOCK TABLES;

--
-- Table structure for table `achievement_topic`
--

DROP TABLE IF EXISTS `achievement_topic`;
/*!40101 SET @saved_cs_client     = @@character_set_client */;
/*!50503 SET character_set_client = utf8mb4 */;
CREATE TABLE `achievement_topic` (
  `achievement_id` int(10) unsigned NOT NULL,
  `topic_id` int(10) unsigned NOT NULL,
  `quantity` int(11) NOT NULL,
  PRIMARY KEY (`achievement_id`,`topic_id`),
  KEY `topic_id` (`topic_id`),
  KEY `achievement_id` (`achievement_id`),
  CONSTRAINT `achievement_topic_ibfk_1` FOREIGN KEY (`topic_id`) REFERENCES `topic` (`uid`) ON UPDATE CASCADE,
  CONSTRAINT `achievement_topic_ibfk_2` FOREIGN KEY (`achievement_id`) REFERENCES `achievement` (`uid`) ON DELETE CASCADE ON UPDATE CASCADE
) ENGINE=InnoDB DEFAULT CHARSET=utf8mb4 ;
/*!40101 SET character_set_client = @saved_cs_client */;

--
-- Dumping data for table `achievement_topic`
--

LOCK TABLES `achievement_topic` WRITE;
/*!40000 ALTER TABLE `achievement_topic` DISABLE KEYS */;
/*!40000 ALTER TABLE `achievement_topic` ENABLE KEYS */;
UNLOCK TABLES;

--
-- Temporary view structure for view `avg_rating`
--

DROP TABLE IF EXISTS `avg_rating`;
/*!50001 DROP VIEW IF EXISTS `avg_rating`*/;
SET @saved_cs_client     = @@character_set_client;
/*!50503 SET character_set_client = utf8mb4 */;
/*!50001 CREATE VIEW `avg_rating` AS SELECT 
 1 AS `user_id`,
 1 AS `value`*/;
SET character_set_client = @saved_cs_client;

--
-- Table structure for table `ban`
--

DROP TABLE IF EXISTS `ban`;
/*!40101 SET @saved_cs_client     = @@character_set_client */;
/*!50503 SET character_set_client = utf8mb4 */;
CREATE TABLE `ban` (
  `reason_id` int(10) unsigned NOT NULL,
  `by_user_id` int(10) unsigned NOT NULL,
  `reported_user_id` int(10) unsigned NOT NULL,
  `description` varchar(200) DEFAULT NULL,
  `date_time` datetime NOT NULL,
  PRIMARY KEY (`reason_id`,`by_user_id`,`reported_user_id`),
  KEY `by_user_id` (`by_user_id`),
  KEY `reported_user_id` (`reported_user_id`),
  CONSTRAINT `ban_ibfk_1` FOREIGN KEY (`by_user_id`) REFERENCES `user` (`uid`) ON DELETE CASCADE,
  CONSTRAINT `ban_ibfk_2` FOREIGN KEY (`reported_user_id`) REFERENCES `user` (`uid`) ON DELETE CASCADE ON UPDATE CASCADE,
  CONSTRAINT `ban_ibfk_3` FOREIGN KEY (`reason_id`) REFERENCES `ban_reason` (`uid`) ON UPDATE CASCADE
) ENGINE=InnoDB DEFAULT CHARSET=utf8mb4 ;
/*!40101 SET character_set_client = @saved_cs_client */;

--
-- Dumping data for table `ban`
--

LOCK TABLES `ban` WRITE;
/*!40000 ALTER TABLE `ban` DISABLE KEYS */;
INSERT INTO `ban` VALUES (1,94,85,'','2006-09-11 12:39:33'),(2,4,69,'Sit qui fuga dolores eveniet et incidunt veniam sed. Voluptatem repudiandae ad pariatur deserunt. Mollitia laborum qui voluptas repudiandae labore assumenda illum. Enim ratione rerum omnis excepturi. ','1997-03-15 22:41:22'),(3,73,100,'','2018-10-06 22:13:11'),(4,96,16,'Recusandae nam aut omnis dolores mollitia molestias. In ullam non sint ut et. Quos quae velit similique quia rerum quae. Excepturi culpa inventore nostrum.','1971-01-25 21:12:33'),(5,79,95,'Reprehenderit tempore aut illo omnis velit minus. Deleniti blanditiis esse beatae rerum aliquid ipsam et omnis. Quis atque voluptatibus non saepe nesciunt voluptas ea.','1983-01-14 16:59:23'),(6,66,67,'Et neque maiores temporibus consequatur animi eum. Rem quis dolores harum sed. Non est modi atque non corporis. Eos alias repudiandae sit doloremque reiciendis.','2007-04-29 06:42:28'),(7,40,51,'Ut est iusto velit molestiae quisquam. Possimus corporis facere id ea vel. Aut nihil qui voluptates provident quisquam.','1998-12-30 01:00:20'),(8,55,83,'','1996-10-07 12:40:13'),(9,91,5,'','1998-02-18 09:09:53'),(10,66,45,'Occaecati dolores sint ut assumenda autem. Et cumque aperiam provident error aut vero voluptas. Vel est illo delectus autem.','1990-07-18 21:32:39'),(11,66,80,'','2009-10-29 11:01:08'),(12,36,38,'Quasi occaecati atque maxime eum necessitatibus a. Non nihil tempora doloribus maiores molestiae ut ea laboriosam. Omnis assumenda iste rerum ut iusto eligendi. Aut labore atque quidem unde.','1991-09-23 06:12:03'),(13,39,29,'Rerum officiis adipisci minima rem et et. Ex qui dolor ex repellendus modi. Dolores voluptates voluptate possimus vel dolor hic. Eligendi tempora dolores repudiandae ut est suscipit. Explicabo illum e','1974-06-10 04:18:54'),(14,78,18,'Voluptas et est nostrum tenetur laboriosam beatae sit ea. Excepturi necessitatibus ut non sunt nemo. Illum id vel explicabo voluptatem hic.','1980-05-19 13:30:32'),(15,75,89,'','2018-11-30 16:47:15'),(16,46,68,'','1995-01-04 15:06:03'),(17,73,50,'','1974-08-25 06:01:09'),(18,36,46,'','2018-02-27 15:36:24'),(19,49,32,'Fugiat sapiente voluptatem eaque tempora qui et necessitatibus. Unde non id est animi quidem.','2011-02-20 19:20:16'),(20,61,27,'Id aspernatur maiores quia soluta reiciendis velit omnis. Repudiandae et in adipisci et.','1974-09-24 18:14:05');
/*!40000 ALTER TABLE `ban` ENABLE KEYS */;
UNLOCK TABLES;

--
-- Table structure for table `ban_reason`
--

DROP TABLE IF EXISTS `ban_reason`;
/*!40101 SET @saved_cs_client     = @@character_set_client */;
/*!50503 SET character_set_client = utf8mb4 */;
CREATE TABLE `ban_reason` (
  `name` varchar(100) NOT NULL,
  `uid` int(10) unsigned NOT NULL AUTO_INCREMENT,
  PRIMARY KEY (`uid`)
) ENGINE=InnoDB AUTO_INCREMENT=21 DEFAULT CHARSET=utf8mb4 ;
/*!40101 SET character_set_client = @saved_cs_client */;

--
-- Dumping data for table `ban_reason`
--

LOCK TABLES `ban_reason` WRITE;
/*!40000 ALTER TABLE `ban_reason` DISABLE KEYS */;
INSERT INTO `ban_reason` VALUES ('quia',1),('possimus',2),('nobis',3),('impedit',4),('enim',5),('molestias',6),('ex',7),('iste',8),('earum',9),('eius',10),('numquam',11),('hic',12),('occaecati',13),('est',14),('odio',15),('laboriosam',16),('et',17),('soluta',18),('non',19),('nihil',20);
/*!40000 ALTER TABLE `ban_reason` ENABLE KEYS */;
UNLOCK TABLES;

--
-- Table structure for table `chat_room`
--

DROP TABLE IF EXISTS `chat_room`;
/*!40101 SET @saved_cs_client     = @@character_set_client */;
/*!50503 SET character_set_client = utf8mb4 */;
CREATE TABLE `chat_room` (
  `uid` int(10) unsigned NOT NULL AUTO_INCREMENT,
  PRIMARY KEY (`uid`)
) ENGINE=InnoDB AUTO_INCREMENT=2 DEFAULT CHARSET=utf8mb4 ;
/*!40101 SET character_set_client = @saved_cs_client */;

--
-- Dumping data for table `chat_room`
--

LOCK TABLES `chat_room` WRITE;
/*!40000 ALTER TABLE `chat_room` DISABLE KEYS */;
INSERT INTO `chat_room` VALUES (1);
/*!40000 ALTER TABLE `chat_room` ENABLE KEYS */;
UNLOCK TABLES;

--
-- Table structure for table `comment`
--

DROP TABLE IF EXISTS `comment`;
/*!40101 SET @saved_cs_client     = @@character_set_client */;
/*!50503 SET character_set_client = utf8mb4 */;
CREATE TABLE `comment` (
  `uid` int(10) unsigned NOT NULL AUTO_INCREMENT,
  `date_time` datetime NOT NULL,
  `content` varchar(400) CHARACTER SET utf8 COLLATE utf8_unicode_ci NOT NULL,
  `post_id` int(10) unsigned NOT NULL,
  `author` int(10) unsigned NOT NULL,
  PRIMARY KEY (`uid`),
  KEY `post_id` (`post_id`),
  KEY `author` (`author`),
  CONSTRAINT `comment_ibfk_1` FOREIGN KEY (`post_id`) REFERENCES `post` (`uid`) ON DELETE CASCADE ON UPDATE CASCADE,
  CONSTRAINT `comment_ibfk_2` FOREIGN KEY (`author`) REFERENCES `user` (`uid`) ON DELETE CASCADE ON UPDATE CASCADE
) ENGINE=InnoDB AUTO_INCREMENT=201 DEFAULT CHARSET=utf8 COLLATE=utf8_unicode_ci;
/*!40101 SET character_set_client = @saved_cs_client */;

--
-- Dumping data for table `comment`
--

LOCK TABLES `comment` WRITE;
/*!40000 ALTER TABLE `comment` DISABLE KEYS */;
INSERT INTO `comment` VALUES (1,'1982-08-27 19:03:06','Repellat laboriosam alias sit qui itaque. Est debitis quia sequi. Eos sequi quas aut voluptates non. Magnam accusamus doloribus molestiae aut rerum ea. Officia culpa ipsa aperiam quia corporis.',1,1),(2,'2018-02-09 10:07:02','Commodi rem amet voluptatem aperiam ut rerum. Et laborum recusandae exercitationem nisi. Reiciendis facere pariatur adipisci laudantium aut aliquam ipsa.',2,2),(3,'2014-09-25 13:41:13','Voluptas voluptatem non eius sit et rerum qui. Repudiandae harum nesciunt nihil est exercitationem. Aut ab nihil ipsam facere non.\nUt aspernatur voluptates ut. Ex aut amet facere.',3,3),(4,'2017-06-10 23:49:17','Nemo ut explicabo suscipit dolores accusamus. Velit reprehenderit eaque et qui voluptatem sequi consequatur dolorum. Est a nostrum sit in consequuntur.',4,4),(5,'1994-04-11 12:49:27','Voluptatum laborum vitae at ut nisi. Reiciendis optio aut qui recusandae placeat ea. Hic consequatur asperiores impedit quo.',5,5),(6,'2017-06-12 02:35:11','Architecto omnis est doloremque at. Dignissimos ad consequuntur qui numquam cupiditate ut reiciendis accusantium. Dolores itaque sint optio cumque alias quia.',6,6),(7,'1979-12-31 02:03:23','Aspernatur hic nesciunt incidunt. Ipsa nihil dolor sunt nulla aut exercitationem. Sed sapiente dolorem atque saepe iusto.',7,7),(8,'1971-07-27 07:31:34','Quod quasi quis aliquam ullam. Commodi necessitatibus quia quod sed repellat.',8,8),(9,'2018-07-21 17:10:58','Aut et aut distinctio eum. Totam sit et adipisci vero velit est. Qui illum qui dolores excepturi.',9,9),(10,'1977-10-16 19:34:58','Voluptatem quia iusto quo unde ipsam impedit. Cupiditate ex qui ex. Modi maxime ex quibusdam est doloribus doloremque.',10,10),(11,'1997-02-13 01:21:20','Vel amet voluptate est asperiores nobis voluptate pariatur voluptates. Laboriosam ut laborum ex molestias. Consectetur soluta ut aliquid. Nihil et est sed.',11,11),(12,'1992-01-17 02:30:27','Aliquid doloremque ullam eligendi nemo. Aut omnis hic qui qui. Reiciendis iste voluptate dolor illo. Consequatur suscipit aut aut odio dolore neque maxime.',12,12),(13,'2008-11-02 11:52:38','Aut harum voluptatem incidunt facere vero nemo. Dolorem inventore officiis sit optio dolore. Pariatur asperiores et quae eum possimus nulla voluptas.',13,13),(14,'1994-11-02 19:48:01','Esse repellat neque itaque et. Asperiores architecto ut dolor assumenda eaque iusto mollitia. Optio eum modi et fuga ipsam tempore. Inventore unde itaque alias et corrupti.',14,14),(15,'1992-07-26 22:32:40','Consequatur saepe ut ea omnis. Voluptatem laudantium nihil accusantium dolores qui beatae modi. Nihil dolores ut voluptates accusamus eos error iste.',15,15),(16,'1971-02-28 23:13:06','Officiis et omnis repellendus delectus. Nisi hic dolorem omnis qui voluptas nihil eligendi. Sapiente dolores praesentium suscipit. Sit laboriosam est sit quia non.',16,16),(17,'2018-04-30 14:46:51','Similique voluptas consequatur porro. Et quisquam quia doloribus non ea ut occaecati. Illum cupiditate ratione aut beatae commodi quo. Quo quas et et deleniti magnam.',17,17),(18,'1998-10-31 00:00:05','Culpa qui qui quidem nihil et minima. Itaque ad in eum aut iusto laboriosam perferendis voluptas. Officiis sapiente laudantium aut qui. Quis rerum eligendi tempore rerum inventore.',18,18),(19,'1973-04-30 01:05:53','Sed temporibus aut ut et totam. Pariatur asperiores beatae odit et minima illum. Est labore voluptate dolor omnis quos.',19,19),(20,'2013-09-27 00:07:00','Quia voluptas temporibus aspernatur ut beatae. Quam molestiae consequuntur consequatur quaerat atque optio sequi. Numquam quas libero autem amet et est quas ratione.',20,20),(21,'1978-02-25 19:33:07','Suscipit saepe consequatur nostrum nihil soluta. Et rem similique laboriosam dolorem aut. Provident perferendis distinctio est consequatur.',21,21),(22,'1979-07-29 02:20:32','Aut sunt ipsum officia non est officiis. Vero amet possimus ea officia voluptatem. Facere aut quidem sed quidem molestiae labore. Eos incidunt rerum quasi tempore aut perferendis.',22,22),(23,'2014-05-30 18:42:59','Possimus dolor blanditiis qui quo. Error nulla dolores nulla praesentium. Debitis autem dolorem consequatur iusto sapiente.',23,23),(24,'1984-08-29 10:31:33','Modi quo cum omnis dolores et quod esse. Beatae eum eaque impedit voluptatem iusto autem aut. Blanditiis ducimus et repellendus qui debitis. Blanditiis in culpa corrupti.',24,24),(25,'1974-03-20 02:33:46','A sunt nobis et sit doloremque. Est unde officiis temporibus eaque quia. Id inventore dolor consectetur officiis quia. Ut eum similique delectus sed vel.',25,25),(26,'2002-02-13 17:42:23','Eos architecto porro quo maiores qui iure dolores. Facilis et et id. Dicta repellendus molestiae incidunt.',26,26),(27,'1985-07-27 18:29:28','Iusto iste labore similique voluptas possimus aliquam repellat. Est consequatur eligendi molestiae quis doloribus quia accusamus. Ea veniam est eius.',27,27),(28,'1987-04-27 20:32:41','Cumque molestiae magni qui dolor et illum. Laudantium sed officiis culpa architecto distinctio et. Fugit dicta dolorem aperiam. Nulla nam dolorem doloremque odio provident nam deleniti.',28,28),(29,'1990-03-28 12:58:15','Sed nam incidunt officiis quo neque quos. Omnis est assumenda tenetur tenetur consequatur ut. Odio ut fuga labore rerum. Dolorem facilis itaque molestias aut facere.',29,29),(30,'1977-12-08 19:55:52','Aliquam exercitationem deleniti in ut ea quia. Maiores officia quo voluptas. Vel esse illum nobis quia sunt repellendus.',30,30),(31,'1988-08-11 04:07:26','Sit ut dolorem et magni. Recusandae omnis fugiat sequi voluptates autem et animi provident. Eum maxime sed repudiandae officia. Reprehenderit laborum et iure possimus ut.',31,31),(32,'1992-12-29 17:18:43','Qui laboriosam assumenda et molestias esse. Occaecati distinctio qui quia officia officiis vel. Sequi odio iste magni non ratione quo. Dolores nostrum distinctio quis doloremque.',32,32),(33,'2006-05-03 16:50:15','Vero in aperiam odio quae praesentium officia optio. Amet maiores hic debitis non quis. Error sed eaque et labore corporis.',33,33),(34,'1997-12-06 20:39:46','Sunt at ea quia labore rerum accusantium. Maxime eum harum repellat sequi. Omnis aut incidunt labore dicta. Neque id non nobis.',34,34),(35,'1993-07-15 06:54:13','Suscipit et magni voluptas neque omnis placeat molestias. Et magnam ullam aut quasi tempore. Magnam provident et velit dolor architecto suscipit.',35,35),(36,'1979-07-08 03:38:20','Provident nam et dolores voluptatem est sed totam non. Non laudantium modi vel qui. Autem ducimus ea est tenetur excepturi cum. Ipsam ut aut quae dolorum odit eos adipisci est.',36,36),(37,'2005-09-04 17:05:57','Iste rerum quidem quo dolorum facilis est similique. Et suscipit ut est et. Impedit neque sed non quae quo et.',37,37),(38,'2009-12-09 03:29:20','Unde soluta veniam esse numquam. Aspernatur sint dolores sequi excepturi. Error itaque aspernatur dolore iusto exercitationem sint beatae et. Sit nisi ipsum quia ipsum repellat.',38,38),(39,'2015-03-15 20:21:32','Repudiandae laudantium aliquam et aliquid nemo iste. Nihil soluta ullam facere alias vitae eaque.',39,39),(40,'2013-01-12 19:27:55','Rem ex non voluptas. Quidem autem eum et sint et. Ut beatae ab corporis et necessitatibus expedita tempore.',40,40),(41,'1994-12-20 20:09:06','Esse numquam explicabo doloribus magnam maxime aut corrupti. Sequi et ad excepturi cupiditate qui. Dolor et voluptatem tempora est minima.',41,41),(42,'1971-12-22 04:33:22','Recusandae doloremque voluptatibus velit et voluptate repudiandae. Molestias quod quia illo laudantium magni aliquid. Qui nam architecto rerum voluptatum.',42,42),(43,'2005-10-27 23:27:12','Error itaque qui qui velit labore magni expedita. Velit officia quas eum corporis.',43,43),(44,'2010-12-15 16:17:30','Voluptatem rerum pariatur incidunt consequatur eum quisquam earum. Minima esse et numquam. Voluptas aut quia velit qui quia. Dolorem eius tempore omnis earum.',44,44),(45,'2007-07-30 17:08:44','Qui voluptate libero quo dolore quam magni. In omnis voluptatem natus voluptate incidunt et ullam.',45,45),(46,'1995-11-17 20:59:45','Ullam quos labore id vel ab impedit doloremque. Soluta ratione harum eum.',46,46),(47,'2011-07-07 00:26:27','Autem itaque enim eum facere est. Asperiores tempore quos earum in et rerum laborum. Quae at totam officiis consequatur.',47,47),(48,'1972-09-20 00:21:04','Ducimus nisi officiis et et accusantium dolore. Quis quia et quis nam cum excepturi. Ut autem alias modi dolorum illo id. Quas sunt reprehenderit quis reiciendis.',48,48),(49,'1997-10-09 03:34:52','Voluptatem ut quia et. Laborum facilis impedit eum architecto esse reprehenderit ut. Suscipit laudantium odit non non. Eos ut voluptas voluptatem sed quis hic.',49,49),(50,'1996-03-26 19:33:43','Sint cumque optio adipisci nesciunt quae aliquam. Quasi ut labore atque. Molestiae voluptates dolores cum molestiae.\nReiciendis iste aut doloribus ut. Sapiente nostrum consequatur est et iure.',50,50),(51,'2012-10-16 23:04:44','Officia eius et voluptate veniam perferendis quo rerum. Soluta temporibus consequatur animi harum animi aut repellendus. Odit soluta laborum quia dignissimos maiores ut et.',51,1),(52,'1970-09-21 07:07:45','At et voluptas eius eos. Autem quis dolorem id accusantium et. Perspiciatis corporis consequatur quod vel quos facilis similique. Vel veritatis dignissimos ex repudiandae quos.',52,2),(53,'2004-08-31 07:58:21','Sapiente sit eveniet et pariatur harum. Asperiores laborum sapiente aliquid. Facilis sed aut totam incidunt alias nulla.',53,3),(54,'1989-12-15 07:04:30','Saepe enim veritatis culpa veritatis ex quo et. Itaque sit voluptatem mollitia at voluptatem voluptatem tenetur. Sit esse fugiat perferendis. Soluta impedit voluptatum vitae ex et quo.',54,4),(55,'1982-11-04 21:36:00','Provident esse nobis officiis. Porro quo amet iste nisi quaerat.',55,5),(56,'1999-06-11 19:19:40','Eveniet repellat rerum rerum voluptas aut consectetur et nulla. A eos aperiam quis voluptas ipsum. Quibusdam saepe dolorum accusantium omnis eligendi.',56,6),(57,'1976-03-31 03:10:22','Voluptas beatae ad eum eligendi enim qui aliquam. Est ea earum ad quia necessitatibus commodi.\nUllam rerum sed est dolorem earum nam ut. Repellendus sunt in expedita. Dolor qui ut a magnam sapiente.',57,7),(58,'2016-04-12 02:13:03','Et animi quis velit eos. Qui suscipit ullam molestiae ex sint reprehenderit. Dolorem ea et qui at.',58,8),(59,'1980-11-09 13:03:39','Iure quam deleniti voluptatum doloremque voluptatibus debitis suscipit. Error autem ad non a ut. Possimus optio porro hic labore. Voluptatibus harum deleniti aut ex omnis.',59,9),(60,'1997-09-30 08:43:06','Dolorum fuga qui culpa. Sed repudiandae error culpa adipisci.',60,10),(61,'1978-12-19 11:23:06','Eos inventore qui praesentium aut error eaque. Cumque rerum recusandae commodi provident voluptas reprehenderit sit. Aut minus quas necessitatibus. Optio sequi aliquam et molestias omnis id et.',61,11),(62,'1983-03-01 07:54:24','Suscipit perspiciatis quo autem minus in. Quia aspernatur ea et labore ullam. Aut perferendis sapiente nulla autem cumque voluptate. Dignissimos recusandae voluptatem quam id.',62,12),(63,'2019-06-30 21:30:27','Possimus est laudantium nostrum quia. Nisi eos quibusdam quo. Mollitia quibusdam non quis quisquam ut.',63,13),(64,'2013-01-01 14:21:18','Similique qui eum sit provident et unde illum. Rerum sed maxime ut sit saepe. Occaecati ducimus sit quisquam soluta est natus mollitia. Numquam ex sapiente facere vel nisi vel cupiditate.',64,14),(65,'2013-09-13 16:26:44','Dicta sit nobis non sed. Delectus voluptates est nemo consequatur placeat. Nesciunt eum aperiam est voluptatem totam.',65,15),(66,'1992-03-06 07:18:14','Consequatur non quos tempore fugiat aperiam est. Eius velit id quaerat aut aut autem. Aut eum pariatur qui quia ea.',66,16),(67,'1985-04-09 23:44:29','Sunt et nesciunt rerum adipisci. Asperiores dolores deserunt velit occaecati. Enim voluptatem odio eligendi voluptatem. Est molestiae dolore modi et.',67,17),(68,'2019-07-14 05:06:14','Dolorum ipsa hic at voluptas dolore molestias suscipit. Qui eveniet sed dolor quia soluta dolores.',68,18),(69,'1997-07-06 04:00:32','Ex ut dicta non sapiente. Tenetur dolorum asperiores occaecati adipisci tempore. Mollitia mollitia quaerat qui tempore perspiciatis fugit. Ut perspiciatis eveniet labore facilis labore.',69,19),(70,'1973-10-28 05:01:36','Nulla id vel quibusdam in perferendis dolorem. Numquam omnis eligendi perspiciatis sit eius. Ea nihil sunt quasi rem ut. Enim ut voluptatem sequi nihil numquam aut.',70,20),(71,'1988-08-26 01:14:08','Amet repellat omnis voluptatem. Eum omnis rerum at expedita sed. Et sunt laboriosam soluta explicabo enim nihil.',71,21),(72,'1993-10-20 07:06:06','Quaerat autem quia facilis fuga neque. Inventore minus voluptatum eos ea dolor enim. Dicta tempora aliquid dolor aliquid. Ab nihil sed voluptatem.',72,22),(73,'1993-04-21 01:19:07','Rerum autem repellat reiciendis earum facilis animi. Eius animi ut aperiam illum. Animi et non aut saepe magnam eligendi dolorem. Corporis velit possimus nam corporis voluptatem.',73,23),(74,'1970-07-08 17:45:36','Quas molestiae aliquam atque nam odio blanditiis corrupti. Numquam optio explicabo id in in eos consequatur. Non consequuntur qui qui.',74,24),(75,'2003-08-23 02:15:21','Eos quasi magni deleniti cumque quo qui accusantium. Hic dolore dolore sed est. Ab ea voluptas dignissimos corrupti.',75,25),(76,'2014-01-22 00:12:09','Iste modi suscipit aut eum officia. Blanditiis itaque necessitatibus quo dignissimos esse eveniet et. Ut sapiente laboriosam vitae et et tempore.',76,26),(77,'1973-02-12 11:29:08','Ex deserunt consequuntur et accusantium autem quis praesentium doloribus. Et ea dicta sit. Sit laborum dolorum eligendi dolorum sapiente illum dolores excepturi.',77,27),(78,'1972-07-20 06:52:22','Voluptatem et porro tempore fuga consequatur enim dolorem placeat. Et nemo enim eum provident dolores sed. Id rerum assumenda a facere.',78,28),(79,'2006-05-27 15:21:30','Voluptatem facilis facere neque. Quis rerum id laboriosam consequatur quisquam consequatur. Dolorem id fugiat est laborum iste.',79,29),(80,'2008-07-16 02:31:47','Dolores voluptatibus id omnis corporis vitae. Excepturi est eligendi qui aut at quis autem. Vitae consectetur occaecati quisquam itaque est vel pariatur dolorem.',80,30),(81,'1985-08-17 22:57:13','Dolores assumenda nesciunt impedit aspernatur distinctio delectus. Incidunt nemo officiis sit iusto. Sapiente ut sed sapiente exercitationem mollitia magnam qui.',81,31),(82,'2018-08-15 23:04:40','Quia explicabo omnis aut esse accusamus provident. Unde occaecati harum tenetur quae. Sit accusantium nostrum voluptatum totam eligendi. Maxime reprehenderit et est perferendis quia fugiat rerum.',82,32),(83,'2002-05-23 20:59:32','Asperiores impedit iste voluptatem dicta vero nulla. Fugiat ut iste et sed quo exercitationem. Facilis neque qui animi sit vero illo.',83,33),(84,'1991-08-18 04:22:10','Saepe architecto suscipit distinctio dolorum iusto saepe debitis vero. Doloribus perferendis enim ducimus molestiae nam dolorem harum sed. Facilis impedit quod et tempora.',84,34),(85,'2015-05-18 16:19:32','Aut aut aliquam neque aut velit dignissimos a doloremque. Nihil debitis omnis sunt quod.',85,35),(86,'1988-05-17 10:33:30','Fugit et dignissimos cumque laboriosam. Earum modi culpa facere sunt occaecati nesciunt quia. Laborum hic saepe beatae omnis cupiditate sed. At eveniet nostrum dolorum dolorem ad deserunt totam.',86,36),(87,'1977-11-23 21:01:18','Et sed voluptas delectus voluptatem laudantium. Placeat exercitationem quo rerum dolor ad.',87,37),(88,'1990-02-09 05:03:56','Nemo provident tempora unde nihil. Ea assumenda eos iste ut rem. Facilis dolorem voluptates sint quia rerum odio non non.',88,38),(89,'2010-11-17 06:01:11','Ut numquam minima tempora odio in ullam rerum. Voluptates et laborum sunt nostrum similique. Facilis occaecati quia rerum.',89,39),(90,'2015-09-05 01:35:49','Delectus ut voluptatem odit debitis est est eius. Laboriosam accusamus distinctio rerum rem minima ea placeat. Quam impedit quibusdam molestiae nihil amet adipisci soluta.',90,40),(91,'1997-12-01 20:22:56','Aspernatur quia rem quis id corporis. Fuga laborum eos aliquam. Eos nisi ut et explicabo voluptatum.',91,41),(92,'2005-04-05 07:53:04','Voluptate dolore rerum sed qui inventore. Expedita sed repellendus ea aut unde sequi qui. Non neque et nesciunt nam dolor atque vero ea. Quidem quis iusto earum illum eveniet accusantium molestiae.',92,42),(93,'1982-09-10 05:47:44','Quis molestiae ut aliquam quos inventore sequi delectus enim. Expedita ut vel illo rerum. Iusto est facilis ullam tempore. Velit molestiae enim odit et molestiae.',93,43),(94,'1988-03-06 13:23:45','Voluptatibus ut ea beatae possimus atque reiciendis. Quod esse dolorem et quia rem voluptatem ea. Libero sed praesentium magni corrupti nihil harum. Magni nobis neque ut non placeat corporis aut sed.',94,44),(95,'2004-02-10 03:03:50','Aut ipsum minima qui id nesciunt ab. Laborum dolorum nam accusamus corporis. Dolor ad nesciunt voluptates tempora sit id enim. Veniam occaecati necessitatibus vitae et libero.',95,45),(96,'2014-06-13 15:49:22','Et autem quis iure aut nesciunt. Expedita ut natus ut facere. Autem et aliquid dignissimos nemo.',96,46),(97,'2008-04-09 17:35:08','Repellendus eum mollitia perferendis sequi unde qui quas. Reprehenderit eos velit incidunt aut ipsa. Quidem et odio voluptas velit veritatis. Accusamus suscipit ut fugiat ut.',97,47),(98,'2007-07-27 14:05:20','Et ipsum provident et et rem aperiam consequatur. Nulla autem debitis facere aut illo et totam. Qui dignissimos adipisci sit totam laudantium consequatur sit.',98,48),(99,'2007-01-18 15:48:35','Accusamus sequi asperiores quo laudantium aperiam unde. Exercitationem quia reprehenderit accusamus repudiandae aspernatur. Soluta itaque molestias ut sunt.',99,49),(100,'1975-01-14 06:18:00','Ullam quaerat aperiam quaerat. Voluptas mollitia ab quae odio vel optio. Voluptatum quos architecto dolores dolorum. Enim ab officiis eligendi et saepe minima.',100,50),(101,'1975-07-28 16:31:27','Molestias et et sunt quaerat. Aperiam nihil quo distinctio eaque hic. Ab delectus et qui quisquam facere maxime alias.',101,1),(102,'2012-08-28 12:11:47','Voluptas iure quia ad qui ipsum doloribus mollitia. Eius quia aut quas labore. Qui veritatis quis aut facere et alias.',102,2),(103,'1990-09-23 20:33:28','Deleniti exercitationem similique velit blanditiis fuga. Occaecati quia sunt sit excepturi. Aspernatur consequatur id numquam mollitia. Omnis molestias sed sequi modi aut.',103,3),(104,'1987-10-24 05:45:29','Natus sed quaerat voluptas est. Velit ducimus molestiae consequatur qui explicabo. Fugit nihil et quae quis et modi.',104,4),(105,'1981-02-04 08:12:29','Velit quaerat vel magnam alias et molestiae fugiat. Facilis omnis harum fugiat. Repudiandae necessitatibus at deserunt id assumenda corporis.',105,5),(106,'1977-06-12 00:23:18','Ea rerum enim saepe a dolorem rerum. Unde et id porro mollitia voluptatem placeat enim iste. Blanditiis et dolorum cupiditate distinctio fuga tempore unde.',106,6),(107,'2009-02-28 10:03:57','Rerum architecto ut fugiat molestiae ut eaque soluta in. Quos non qui incidunt numquam distinctio eos aut veniam.',107,7),(108,'1996-11-04 08:37:14','Ut eos natus voluptates explicabo. Impedit incidunt excepturi voluptates quia. In tenetur dolor voluptatem nemo voluptatem sit est.',108,8),(109,'1996-07-01 12:31:51','Quo dolores velit aut. Voluptates nemo porro in natus cum. Delectus iste numquam ut eius commodi quia id.',109,9),(110,'2000-12-04 15:19:57','Occaecati modi aut ut iusto accusamus itaque et numquam. Illum quidem ut ut in nobis ipsum. Voluptatem nesciunt tempore alias consequatur nemo ex. Ad est et ipsum distinctio consequatur a.',110,10),(111,'1995-03-09 12:37:23','Ab voluptas rerum magnam laudantium odit maiores aut. Quis vitae qui magnam dolorem iusto enim quia. Enim et cum et. Soluta qui officia consequuntur.',111,11),(112,'2016-08-06 16:23:18','Tenetur id accusantium voluptatem est consequatur repellat eum. Rerum ut nisi quis ut animi ducimus et. Omnis quos distinctio aut dolores. Iusto dolorem et suscipit aperiam suscipit.',112,12),(113,'2005-07-07 05:12:39','Accusantium at blanditiis dignissimos. Quia corporis voluptatem ut quasi. Occaecati autem modi optio sequi sed quaerat animi cumque. Voluptatem placeat inventore sit esse.',113,13),(114,'2017-11-11 01:05:03','Quia exercitationem et nihil sint excepturi assumenda. Ut enim aspernatur et facilis velit consequatur.',114,14),(115,'1988-02-16 14:36:27','Totam id mollitia nostrum. Possimus culpa nesciunt vel et. Ducimus aut laborum aut quisquam omnis doloremque necessitatibus.',115,15),(116,'1970-11-29 22:45:42','Asperiores expedita odio non quisquam voluptatem totam laudantium. Sapiente unde est soluta officia similique maxime.\nVeniam saepe est id. Rerum consequatur itaque vitae non dicta et est.',116,16),(117,'1970-04-16 20:03:58','Amet repellat iure sed. Et consequatur ut sed voluptas non. Architecto sed debitis quia dolores rerum repudiandae quod qui. Non beatae nemo aut eos aliquam.',117,17),(118,'1970-10-04 21:52:16','Sed eligendi sint ut nesciunt deserunt aut quisquam dicta. Quas et explicabo est molestias eos. Corrupti sed et asperiores eaque enim. Et quasi similique esse officia.',118,18),(119,'2016-05-29 20:57:04','Eum sed minima voluptatem placeat dolorum id voluptatem. Possimus laborum quibusdam impedit velit culpa odio. Sit et nam consequatur ipsum autem.',119,19),(120,'1987-07-13 06:25:34','Eum sequi et enim velit ea eum. Repudiandae suscipit dolores id possimus quis quos. Possimus sint et est sit sunt. Quo et qui fugit quam sunt.',120,20),(121,'1987-05-10 19:46:39','Consequatur vel quidem tempore temporibus. Eligendi ab commodi at natus iusto consectetur delectus. Voluptas ut ullam natus maiores ea esse repellendus nam.',121,21),(122,'1978-05-01 15:00:32','Aspernatur nulla voluptatem aut suscipit praesentium perferendis. Porro illo aut velit quae ad et ut. Cumque dolor consequatur est enim. Blanditiis enim sint dolorem facere quia sit aut nihil.',122,22),(123,'1971-12-12 21:12:49','Et eos temporibus occaecati harum. Consectetur quasi velit ut facere. Fuga cupiditate amet vel rerum mollitia inventore reprehenderit. Odio fugit et quasi et numquam non qui.',123,23),(124,'1984-06-02 03:28:02','Aspernatur corporis tempora ipsam voluptas. Pariatur voluptates perspiciatis voluptas voluptatibus tenetur. Quis rerum sit accusantium est ut.',124,24),(125,'1995-06-18 20:29:47','Aut ullam ullam aut corrupti enim. Harum quas qui est ea. Exercitationem ea omnis quo eveniet.',125,25),(126,'1981-12-26 16:33:18','Ut consectetur in laboriosam. Minima porro laudantium iure dolorem. Veniam eligendi voluptas nesciunt quisquam.',126,26),(127,'1993-04-26 06:12:54','Accusamus vero ut numquam sed voluptatem. Et officia asperiores assumenda. Voluptatem sit autem temporibus eligendi consequatur rerum.',127,27),(128,'2010-03-09 20:34:56','Commodi est ut vel ullam est magni sunt rem. Minima tempore sed explicabo error aut non illum cum. Ab sed voluptatem voluptates quis assumenda.',128,28),(129,'1993-08-17 16:13:14','Consectetur qui qui mollitia repellendus qui facilis. Ut saepe ut animi molestias ea et voluptatem consequatur. Aut error aspernatur aliquid exercitationem magnam.',129,29),(130,'2019-03-22 00:47:23','Voluptatem ab eum aut nulla labore temporibus. Error non amet aliquam nihil rem dolor. Aut eum rerum et omnis a assumenda. Sint adipisci natus rerum explicabo atque soluta.',130,30),(131,'1986-06-06 00:18:00','Aut ducimus soluta recusandae pariatur mollitia. Aut consectetur similique corrupti officia voluptas nihil blanditiis reiciendis. Aut vel ad culpa qui quibusdam a accusantium.',131,31),(132,'2002-03-31 04:22:28','Quia harum placeat rerum sed. Architecto et voluptatem recusandae suscipit exercitationem nostrum officiis ex. Soluta eum in dolorem eos. Et architecto quis facilis omnis quia cum qui.',132,32),(133,'2003-09-22 07:51:08','Dicta ut et voluptatem officiis et saepe. Mollitia odio beatae et et eligendi. Provident repudiandae et perspiciatis culpa quisquam reprehenderit aut.',133,33),(134,'1983-10-17 00:38:27','Repellat nisi ipsa et velit. Vero corrupti ea amet natus ratione. Deserunt fuga velit amet qui velit laboriosam. Dolore eum deleniti perspiciatis modi asperiores et.',134,34),(135,'2009-08-14 02:48:03','Quis sed aut facere numquam. Iusto voluptas voluptatibus autem iusto quod similique. Officiis qui commodi architecto exercitationem delectus possimus ut. Voluptas et possimus velit aliquam magni.',135,35),(136,'2012-04-25 01:17:38','Quam hic voluptas libero laudantium id. Error recusandae minus aperiam cupiditate. Nihil sit explicabo laborum quod expedita. Illo nihil quam optio ducimus nulla.',136,36),(137,'1977-01-16 05:20:56','Autem quia totam enim et. Vitae quis perferendis ipsum nulla fuga qui. Nam sint officia occaecati omnis iste accusantium debitis. Qui veritatis quo sit praesentium.',137,37),(138,'2008-05-02 04:00:56','Mollitia provident impedit doloribus natus ea non. Culpa ipsam minima consequatur maiores quas. Culpa qui quis reprehenderit.',138,38),(139,'1986-05-01 14:54:03','Nesciunt facilis eos ad esse totam magnam. Velit doloribus tenetur voluptatem at qui. Commodi impedit reiciendis reiciendis molestiae.',139,39),(140,'2014-10-19 00:07:34','Optio laudantium id nemo voluptas sit numquam. Suscipit itaque id et ad facere. Eos ut veritatis eveniet et sunt. Distinctio commodi quo earum sed illo.',140,40),(141,'1982-09-25 10:02:10','Corrupti voluptas et fuga totam. Ab magni enim est blanditiis consequatur voluptatibus soluta. Cupiditate labore id laborum eveniet illo. Culpa velit et dolorem quia ipsa quisquam est.',141,41),(142,'1989-08-11 15:18:51','Beatae odit totam et. Corrupti in aut aspernatur velit facere id consequatur.\nMaxime quia omnis ea iure ab sequi. Qui quaerat provident dolorem.',142,42),(143,'2003-06-22 14:29:13','Voluptas commodi enim dicta voluptatibus. Et tempore ex et incidunt itaque consequuntur quisquam. Ab quidem optio numquam at voluptatum labore.',143,43),(144,'1984-11-28 16:36:26','Necessitatibus iusto dolorum tempora magnam nihil. Sunt corporis rerum soluta laborum sint eius aut. Earum accusantium aut aut ullam quia illum dolorum. Quia repellat explicabo ea amet.',144,44),(145,'2012-07-12 05:51:51','Recusandae aut eligendi atque libero laboriosam exercitationem. Qui ipsum nesciunt laboriosam assumenda autem. Sit ut non pariatur. Quos id nihil ipsa.',145,45),(147,'2010-03-26 14:29:18','Ea minima et natus. Quia omnis harum repudiandae consequatur corporis et aut fuga. Alias quibusdam et est dolor. Velit minus quis libero ut est officiis.',147,47),(148,'1970-02-20 01:26:42','Deleniti odit sint explicabo nobis praesentium sit id. Quia et repudiandae assumenda. Accusantium est quod id et porro distinctio maxime.',148,48),(149,'1971-08-17 18:27:42','Blanditiis omnis impedit officiis velit commodi. Labore explicabo aliquid aut.\nEligendi et qui et. Autem delectus amet dignissimos et. Blanditiis magni eum ut doloremque aut est voluptatem.',149,49),(150,'1989-12-03 13:10:02','Cumque molestias dolores quia atque a. Dicta ab tempore quia. Saepe sint cum explicabo veniam.',150,50),(151,'2008-04-16 07:47:48','Totam minus labore quo provident eaque sed quasi. Debitis maxime in asperiores quidem maxime. Quas unde esse fugiat cum.',151,1),(152,'1996-02-04 08:00:57','Minima cupiditate vero aut voluptatem sint. Rerum maxime totam explicabo impedit. Unde nihil temporibus occaecati sequi velit aspernatur sit facere. Ipsum debitis deserunt id ab.',152,2),(153,'1992-09-25 23:36:33','Neque dolorem consequatur iusto eligendi beatae. Odio nihil autem enim in molestias quasi magnam.',153,3),(154,'2008-03-31 04:39:49','Et cupiditate in aut. Ut eius voluptas eum consequatur. Tenetur reiciendis est odit voluptatem delectus molestias.',154,4),(155,'1984-01-09 23:36:16','Possimus corrupti incidunt similique et harum reiciendis. Impedit dolorum est voluptas tenetur natus. Eum est temporibus cum consequuntur aspernatur vero. Impedit quaerat consequatur voluptas eos.',155,5),(156,'1981-08-24 00:43:08','Saepe dolor et rerum quam autem et. Quia architecto ipsa maiores est. Atque nesciunt quo laudantium. Beatae qui quam voluptates est.',156,6),(157,'1996-11-06 12:06:58','Explicabo fugiat totam dolor odio sapiente consequatur. Quam deleniti magni doloribus. Quasi vel consequatur sapiente ut praesentium sed. Quas sapiente consectetur consequatur occaecati minima.',157,7),(158,'1972-08-22 09:34:07','Omnis quia itaque nihil architecto. Et veniam non provident voluptas perspiciatis et rerum optio. Consequatur delectus laboriosam voluptatum nam non.',158,8),(159,'1975-01-03 10:37:33','Commodi quo et ex et deleniti. Id veniam minima quos consequuntur consequatur provident tempore quia. Sequi qui sed asperiores. Totam dolore consequatur sed et nihil.',159,9),(160,'1970-02-03 19:36:32','Rem eligendi sed veniam saepe ut molestiae voluptas. Qui sit aut harum modi ipsum facilis aut et.\nEt vel repellendus odit nisi praesentium. Quis aut eveniet est. Sunt architecto dicta et qui debitis.',160,10),(161,'2013-01-02 04:41:43','Similique quaerat totam velit et. Rerum enim et et non aliquam voluptatem adipisci.\nEveniet fugiat excepturi autem eaque nisi. Quo ut sunt ipsa temporibus inventore labore. Est dolorum ea cumque sed.',161,11),(162,'2007-06-30 17:11:33','Delectus dolor ullam cum est tenetur magni. Ut error sunt ullam. Repudiandae et rerum repellat aut fuga commodi sit.',162,12),(163,'1991-04-09 22:04:23','Sed inventore dolores voluptatibus earum libero. Iste harum est natus qui ut perferendis.\nFacere eum voluptas unde. Temporibus a magni perferendis sunt beatae. Qui et omnis aut eaque minima.',163,13),(164,'1987-01-21 13:56:48','Voluptatibus magni est consectetur harum qui odio. Voluptatum laborum molestiae accusamus consequuntur sint nisi. Reprehenderit dolor aut aperiam aliquam.',164,14),(165,'1984-08-17 10:30:51','Sint molestiae maxime quidem autem. Est id unde ipsum doloremque dolores quis. Non et eos velit. Voluptatum minima doloremque molestiae ratione iure at similique.',165,15),(166,'1987-07-05 10:07:50','Et labore facere dignissimos odio quia. Provident aut consequatur enim aliquid. Sed qui dolore temporibus doloremque corrupti voluptas ipsam.',166,16),(167,'1980-03-20 15:17:09','Et hic harum nobis dolores voluptatem voluptatem. Maiores sit et vel consequatur. Qui alias nemo sunt est distinctio recusandae distinctio.',167,17),(168,'2014-01-31 22:21:37','Aut qui dolores distinctio autem autem. Commodi et assumenda consequatur dolor doloremque cumque doloremque. Nesciunt dolor cupiditate quia sit rem illum beatae vel.',168,18),(169,'1991-07-10 13:23:56','Sed aut aut dicta unde. Quis et ut eius non voluptatem voluptates. Aliquid minima natus consequuntur quam.',169,19),(170,'1996-11-30 21:04:44','Non et quisquam sunt quam doloribus. Tempore quo quisquam et voluptates vitae animi. Nulla consequuntur ipsa laborum deserunt cupiditate est laborum sint.',170,20),(171,'1973-06-16 22:19:38','Reiciendis earum excepturi aliquid corrupti. Est et esse consectetur dolorem quae. Quisquam expedita aperiam quia ullam. Vel asperiores voluptas distinctio dolores culpa aut inventore.',171,21),(172,'1972-10-23 18:39:57','Dolorem velit accusamus mollitia earum. Ducimus voluptatibus aut voluptate aliquam non deserunt. Adipisci odio dicta culpa sunt.',172,22),(173,'1999-12-31 18:48:32','Amet sint qui totam ab beatae. Quibusdam deleniti et at ipsam. Nesciunt sapiente nulla numquam et quia commodi. Esse pariatur vel dolor deleniti nam.',173,23),(174,'2007-01-15 04:21:06','Aperiam alias eum eveniet saepe aut voluptates qui corrupti. Aut officiis odit rem harum. Iusto et sint quia. Alias dolores quam et doloribus et expedita.',174,24),(175,'2019-02-25 12:12:48','Autem mollitia sed doloribus animi est ad incidunt illo. Architecto ut sit dolor voluptatum. Doloribus voluptatem eum dolore soluta itaque porro.',175,25),(176,'1970-07-08 06:27:06','Nesciunt totam excepturi nisi a facilis. Quisquam ea fugit et voluptatum illo. Accusantium aperiam quibusdam vel necessitatibus et. Quia itaque labore dolores culpa et.',176,26),(177,'1987-09-09 08:53:00','Et dolorem voluptas et pariatur sunt dolorum. Et sed voluptatem accusantium possimus id. Optio ad ea exercitationem tempora et omnis libero.',177,27),(178,'1984-05-02 13:13:25','Quidem omnis a amet maxime. Voluptate velit inventore tempore. Vel sint voluptatem adipisci non quo.',178,28),(179,'2019-01-05 19:45:28','Eos beatae sed quis culpa. Tenetur ut est odit consequatur rerum aut vel. Quo soluta expedita rerum sit.',179,29),(180,'1970-04-12 18:05:22','Dolor praesentium sequi dolores. Necessitatibus cumque vel maiores animi est. Nulla itaque non quis voluptatem excepturi similique ut. Incidunt corporis odio nostrum enim quisquam eos.',180,30),(181,'2007-12-01 03:01:55','Facilis aut sint ut quis nostrum quis. Corporis harum maiores qui totam minus. Et ut sed omnis cum ut consequatur quas est. Non et qui excepturi doloremque et dignissimos consequuntur.',181,31),(182,'1988-08-22 17:36:43','Nihil tenetur modi beatae ut. Qui quia in et unde asperiores dicta voluptas. Hic praesentium vel aut repudiandae qui at.',182,32),(183,'1998-02-12 08:57:54','Ad minima sit quo molestiae quidem. Atque adipisci quos ad et numquam dolores. Placeat exercitationem aut eum minus.',183,33),(184,'1986-08-09 02:41:14','Assumenda enim quia molestiae maxime ipsa. Cum hic excepturi est voluptatum perspiciatis nulla est. Voluptas sit qui aut esse. Nihil error odio esse.',184,34),(185,'2009-09-08 12:37:45','Sequi iure facilis quis. Dolorem ut architecto sed modi atque. Cupiditate modi est sed vel et aliquam.',185,35),(186,'2012-07-27 04:06:18','Voluptas quisquam culpa accusamus ut magnam molestias. Perspiciatis officia optio ipsam voluptates blanditiis debitis animi. Commodi voluptatem accusantium earum et laboriosam corrupti fugiat.',186,36),(187,'1999-04-22 13:01:28','Occaecati doloremque necessitatibus magnam magnam sint id. Qui sunt est nulla itaque aspernatur inventore et. Eos rerum dolores delectus quis.',187,37),(188,'1993-11-22 09:10:04','Voluptas qui pariatur autem quibusdam qui at voluptatem. Nostrum voluptas exercitationem cupiditate aliquam totam. Deleniti non laborum beatae vel quaerat qui.',188,38),(189,'2007-12-21 12:43:50','Molestiae est eveniet exercitationem non molestiae. Alias molestiae fugit temporibus perferendis consequatur consequuntur. At soluta nihil eum adipisci est numquam ad.',189,39),(190,'1997-03-21 10:59:37','Vitae architecto distinctio soluta pariatur natus facilis. Sint deleniti ea maiores et. Quia fugiat quibusdam doloremque et consequuntur. Sunt veritatis in officia excepturi ut ut.',190,40),(191,'1979-05-28 15:50:11','Dolore facere rerum rem. Architecto odit occaecati qui sit culpa blanditiis modi. Amet laudantium aut laboriosam praesentium ut. Soluta magnam nemo voluptatem voluptas sed.',191,41),(192,'2016-02-05 09:18:04','Libero omnis voluptatum id quasi ut quibusdam alias. Ex aut reiciendis alias quos. Optio consequatur et numquam.',192,42),(193,'2003-08-17 11:18:47','Et sit eveniet magnam quo dolorem amet aspernatur. Debitis debitis cupiditate nam illum voluptates molestiae. Nihil tempore quae et beatae voluptate ipsa.',193,43),(194,'1998-07-01 23:45:13','Omnis est magni recusandae deserunt occaecati dolore. Illum officiis illum nihil. Laudantium qui esse atque quia consequatur.\nTemporibus aut beatae quae fuga. Aperiam sit culpa a in cum.',194,44),(195,'2012-12-10 23:27:37','Et est possimus totam corrupti rerum at est. Voluptatibus maxime est qui consequatur recusandae ut possimus sit. Aspernatur culpa officia est est et. Expedita iusto reiciendis perspiciatis qui.',195,45),(197,'2015-07-15 04:34:32','Aut sunt corporis distinctio dolores quia aut. Quis aut quia dolorem quis eum. Non id consectetur animi praesentium aut est doloremque.',197,47),(198,'1995-11-23 11:13:35','Enim a voluptatem voluptas nihil adipisci. Similique numquam laudantium veritatis quidem est odio. Blanditiis ex praesentium veniam voluptas officia sint.',198,48),(200,'2007-12-05 16:31:38','Illum ipsam ab consectetur eaque necessitatibus aperiam. Qui corporis et quibusdam modi tenetur. Neque eaque voluptate id et sapiente autem rem.',200,50);
/*!40000 ALTER TABLE `comment` ENABLE KEYS */;
UNLOCK TABLES;

--
-- Table structure for table `confirmation_token`
--

DROP TABLE IF EXISTS `confirmation_token`;
/*!40101 SET @saved_cs_client     = @@character_set_client */;
/*!50503 SET character_set_client = utf8mb4 */;
CREATE TABLE `confirmation_token` (
  `uid` int(10) unsigned NOT NULL AUTO_INCREMENT,
  `token` varchar(255) DEFAULT NULL,
  `create_date` datetime DEFAULT NULL,
  `user_id` int(10) unsigned NOT NULL,
  PRIMARY KEY (`uid`),
  KEY `user_id` (`user_id`),
  CONSTRAINT `confirmation_token_ibfk_1` FOREIGN KEY (`user_id`) REFERENCES `user` (`uid`) ON DELETE CASCADE ON UPDATE CASCADE
) ENGINE=InnoDB AUTO_INCREMENT=68 DEFAULT CHARSET=utf8mb4 ;
/*!40101 SET character_set_client = @saved_cs_client */;

--
-- Dumping data for table `confirmation_token`
--

LOCK TABLES `confirmation_token` WRITE;
/*!40000 ALTER TABLE `confirmation_token` DISABLE KEYS */;
INSERT INTO `confirmation_token` VALUES (67,'a05ee134-271d-4af3-a0d8-73edb604cdf2','2019-11-05 16:20:56',103);
/*!40000 ALTER TABLE `confirmation_token` ENABLE KEYS */;
UNLOCK TABLES;

--
-- Table structure for table `feedback`
--

DROP TABLE IF EXISTS `feedback`;
/*!40101 SET @saved_cs_client     = @@character_set_client */;
/*!50503 SET character_set_client = utf8mb4 */;
CREATE TABLE `feedback` (
  `uid` int(10) unsigned NOT NULL AUTO_INCREMENT,
  `date_time` datetime NOT NULL,
  `content` varchar(500) CHARACTER SET utf8 COLLATE utf8_unicode_ci NOT NULL,
  `author_id` int(10) unsigned NOT NULL,
  `forwarded_to_id` int(10) unsigned NOT NULL,
  PRIMARY KEY (`uid`),
  KEY `author_id` (`author_id`),
  KEY `forwarded_to_id` (`forwarded_to_id`),
  CONSTRAINT `feedback_ibfk_1` FOREIGN KEY (`author_id`) REFERENCES `user` (`uid`) ON DELETE CASCADE ON UPDATE CASCADE,
  CONSTRAINT `feedback_ibfk_2` FOREIGN KEY (`forwarded_to_id`) REFERENCES `user` (`uid`) ON DELETE CASCADE ON UPDATE CASCADE
) ENGINE=InnoDB AUTO_INCREMENT=101 DEFAULT CHARSET=utf8 COLLATE=utf8_unicode_ci;
/*!40101 SET character_set_client = @saved_cs_client */;

--
-- Dumping data for table `feedback`
--

LOCK TABLES `feedback` WRITE;
/*!40000 ALTER TABLE `feedback` DISABLE KEYS */;
INSERT INTO `feedback` VALUES (1,'2011-07-12 05:23:04','Reprehenderit occaecati debitis expedita aut. Animi vel vel repudiandae ipsam voluptates accusantium laudantium. Sequi nihil voluptatem quia dolores eos omnis.',1,1),(2,'1991-09-21 07:04:51','Iusto quas sunt soluta vel aut qui consequatur est. Vel deserunt natus est numquam qui. Voluptatum autem aliquam deleniti a aut qui. Adipisci ipsam non nesciunt aliquid magnam quis repellendus.',2,2),(3,'2007-07-07 04:15:40','Hic aut ea iusto dolorem dolores quibusdam. Ex qui veritatis magni. Id voluptatem aspernatur rem sed veniam. Autem odio pariatur in hic tempore.',3,3),(4,'2016-07-24 04:24:57','Et qui quos dolorem dolorem. Unde blanditiis qui dolores doloribus molestiae sunt. Voluptate hic quae voluptatibus ad vel neque.',4,4),(5,'1995-01-08 05:09:00','Sed sed assumenda vel fuga voluptatem aliquid in. Quas ab explicabo quia accusamus officia quam quo. Suscipit quisquam sapiente alias dolor corrupti non.',5,5),(6,'2003-10-16 23:30:55','Ducimus saepe cumque quia dolor. Illum quidem sint dolore nisi ea qui. Ut est ipsam iusto iure voluptatem.',6,6),(7,'2015-04-18 20:08:40','Reprehenderit voluptas voluptas minima. Repudiandae qui vero et cum officiis nihil. Animi sunt adipisci adipisci id dolores sequi. Quas maxime sed eum hic ut inventore consectetur.',7,7),(8,'1986-06-19 00:37:45','Est et amet est facilis. Architecto inventore aut est reiciendis eos. Quidem nulla voluptates quia quia totam ipsum.',8,8),(9,'1995-07-06 14:54:17','Distinctio ipsa quibusdam nihil sunt ut. Quia velit perferendis eligendi laboriosam voluptate enim voluptatibus. Enim est ad nesciunt laborum deserunt ullam totam. Eos minima et iusto dolores.',9,9),(10,'2009-08-05 21:11:25','Eos repudiandae illum aspernatur temporibus illo nostrum. Occaecati voluptatem sit doloremque in. Dolor dolorum iusto vitae provident repudiandae. Nisi autem sunt qui explicabo dicta sint.',10,10),(11,'1975-11-11 03:24:27','Deserunt consequatur rerum rem distinctio. Dolorem et in veniam et qui.',11,11),(12,'2008-11-16 17:28:04','Voluptatibus nemo dolorem corporis et aut. Quibusdam veritatis omnis et illo velit. Ullam et dolore et quia.',12,12),(13,'2003-12-21 09:10:22','Et cum pariatur aut rem minima tenetur eligendi omnis. Dolorem earum doloremque ipsa odit libero. Ad tempora nisi rerum sint.',13,13),(14,'2002-02-07 08:08:02','Omnis dolore dolorem assumenda sint exercitationem vel. Quasi accusamus eos ut ut. Numquam deleniti autem enim et dolores est. Quidem praesentium et laborum quidem.',14,14),(15,'2008-06-26 13:46:07','Aut et veritatis aut perferendis est sint. Asperiores ut ullam voluptatem qui dolor reprehenderit. Error velit eius nemo.',15,15),(16,'2011-10-23 06:21:28','Debitis maiores similique dicta corrupti. Eaque ut distinctio inventore illo blanditiis blanditiis. In cumque reiciendis laboriosam aut officia.',16,16),(17,'2003-06-07 10:51:44','Ut voluptas deleniti maxime sapiente. Possimus consequatur in praesentium aut. Voluptas rerum voluptatibus unde tenetur pariatur rerum facilis.',17,17),(18,'2006-12-21 15:49:11','Aut veniam animi tenetur saepe. Error eum illum magni voluptatem voluptas soluta eaque. Ducimus sed esse quidem. Doloremque delectus nam magnam pariatur.',18,18),(19,'2001-12-23 19:31:35','Molestias voluptatem explicabo dolor odit est et fuga. Aut porro sed animi autem. Numquam officiis aperiam quia quo architecto laborum. Autem odio voluptates sint quam nihil quis dolor.',19,19),(20,'2016-04-17 09:46:17','Et explicabo ut quibusdam libero nostrum. Fugit architecto at eum ut quisquam illum dolores sunt. Est in nulla consequatur quisquam. Id aut quis quod ratione qui.',20,20),(21,'2008-01-05 21:35:24','Fugiat veniam a rerum deserunt. Nam eius minima nisi nobis est illum nam. Quod ut officiis ea quae animi explicabo distinctio. Voluptatum autem facilis nam autem repellat aperiam quo tempora.',21,21),(22,'2011-10-26 07:38:32','Illum quos earum aliquid et consequatur. Accusamus debitis corporis qui. Cupiditate aperiam alias necessitatibus nulla est.',22,22),(23,'2011-10-28 00:47:03','Dolor expedita fuga qui omnis. Sunt excepturi est voluptates itaque error voluptas. Nostrum laborum nisi ipsam.',23,23),(24,'1987-04-23 09:37:27','Commodi rem ut illum dolorem rem et quidem sint. Eligendi quasi eos itaque amet amet eius.',24,24),(25,'2004-06-26 16:45:42','Veniam minus nesciunt suscipit odit adipisci. Quae est est pariatur et dolorum voluptatem est. Ducimus amet earum in at voluptas.',25,25),(26,'1971-01-31 22:06:19','Quasi ut dolorem possimus. Non porro quibusdam totam voluptatem. Facere ea numquam id temporibus dolor. Nesciunt nobis qui dolor eius sint.',26,26),(27,'1995-07-28 05:56:53','Doloremque doloremque doloribus ad dolorum tempora voluptatem. Dicta fuga molestias ut est facilis. Quis nesciunt veritatis dicta tempora. Expedita aut aperiam ea et ut quod.',27,27),(28,'1991-10-03 00:44:27','Officia inventore reprehenderit expedita. Perspiciatis perferendis voluptates architecto reprehenderit enim autem. Eum consectetur omnis non est ullam.',28,28),(29,'1980-04-03 00:03:20','Pariatur consequatur illo est voluptatum consequatur illum. Esse non in optio iusto. Odio earum ea aliquid assumenda mollitia explicabo qui. Eos pariatur aut quibusdam quia sapiente nobis deleniti.',29,29),(30,'1973-11-22 07:09:40','Quidem dolore minus voluptatem consequatur corporis. Non sunt qui minus reiciendis at expedita. Accusantium sunt cupiditate et saepe non. Voluptatum autem itaque hic eligendi laboriosam modi minus.',30,30),(31,'1988-04-09 15:03:03','Eum aut officiis labore tempore quia sint facere. Ut culpa officia voluptas aut.',31,31),(32,'1989-03-13 02:21:44','Non est inventore eum qui voluptas qui praesentium. Nesciunt et iste aliquam quo sapiente rerum non. Ad a consequatur iste adipisci molestiae tenetur. Consequatur vero occaecati et.',32,32),(33,'2016-10-31 11:01:53','Qui recusandae autem optio odio fugit nobis saepe. Provident necessitatibus quae assumenda doloribus nostrum. Veniam iste ratione enim non. Facere aut tempore minus.',33,33),(34,'2012-04-17 03:06:02','Enim et voluptate facere nihil. Temporibus iusto dolore tempore est qui error voluptatem. Et in perspiciatis vel sunt autem nulla.',34,34),(35,'2002-08-14 10:16:42','Ut quisquam in ipsum et aliquid ullam. Modi minus ratione nisi reiciendis. Eum sit et sunt qui ex temporibus. Aut soluta praesentium officiis ab odio rerum aut.',35,35),(36,'1999-11-22 13:46:18','Odio accusamus veniam deserunt culpa. A qui quis autem non excepturi ut consequatur. Sit ut repellendus dolorem enim fugit accusantium.',36,36),(37,'1981-03-12 04:22:31','Ut ipsa exercitationem consequatur dicta. Odio et aliquid fugiat sit impedit consequatur sapiente et. Aliquam aut rerum quasi aut praesentium ullam alias exercitationem.',37,37),(38,'1984-10-01 12:08:13','Ut distinctio quos exercitationem et hic voluptatem enim quas. Est repellat officiis incidunt error earum. Sapiente nam tenetur sit omnis.',38,38),(39,'1990-04-20 01:43:35','Repellat quia quidem voluptatibus. Sed eos natus id odio aut distinctio necessitatibus ea. Omnis et omnis neque ea. Inventore enim ipsa consequatur voluptatem.',39,39),(40,'2007-07-07 18:39:55','Similique corporis sit accusantium ipsa. Vero ea consequuntur laboriosam.\nEt atque non sunt tempore velit ex. Consequuntur eos animi incidunt ut temporibus praesentium sunt.',40,40),(41,'2018-04-18 07:59:06','Ad quibusdam sit et. Aut facilis dicta sapiente aut. Sed ipsam cupiditate quo et quia.',41,41),(42,'1993-03-22 02:45:48','Eaque autem est amet enim ut. Id numquam ipsam esse. Voluptatibus sapiente ab iste magnam sequi voluptate rem perferendis. Omnis eum ab commodi rem ducimus sed culpa sunt.',42,42),(43,'1988-07-28 02:04:37','Ipsum esse cum eos nemo ut. Consequatur quidem similique tenetur eum. Sint architecto neque inventore ipsam aut. Aliquid excepturi hic enim quo quae facere. Quos eum rem natus ea nemo.',43,43),(44,'2015-10-22 13:18:28','Incidunt in id odit. Veritatis nobis excepturi voluptas qui non placeat. Modi sit qui nihil. Dolor sint sunt sint cumque ad.',44,44),(45,'1983-09-29 06:49:02','Ut facere laudantium pariatur explicabo est voluptatem. Rerum repudiandae nemo asperiores qui sunt sunt aut consequuntur. Consectetur ducimus fugit et illo minima beatae in.',45,45),(46,'1976-07-19 20:45:59','Accusamus et praesentium eius sapiente quia nihil. Excepturi vero ea eveniet necessitatibus. Expedita quod occaecati sint. Nobis numquam quidem illo quaerat repellendus fugit omnis quis.',46,46),(47,'1981-10-08 08:39:23','Voluptatum odio quis earum sapiente. Laudantium dignissimos omnis voluptatem neque. Quidem eius atque dicta quo facilis.',47,47),(48,'1979-11-03 16:42:41','Ea quis autem provident in ipsam dolorem repudiandae dolor. Vitae consequatur odit eos temporibus. Officia debitis dolorem rerum tempore accusantium. Et perspiciatis labore et quod at qui.',48,48),(49,'1994-11-27 21:25:36','Dolore veniam maiores dolore. Laboriosam optio architecto sit in excepturi occaecati. Autem cumque nisi dolorem amet voluptate aut. Et dolorem est cum neque accusamus et porro.',49,49),(50,'1995-08-29 02:07:53','Et esse corrupti esse necessitatibus quidem. Sed nihil fuga consequatur quae aut. Et laudantium qui rerum veritatis consectetur.',50,50),(51,'1995-01-04 19:17:31','Dicta nisi quos vel consectetur quidem. Sint necessitatibus et quia repudiandae quis sed. Quo dolorem quo est et non ipsum.',1,1),(52,'2000-11-29 01:22:09','Distinctio ex magnam dolor maiores ut natus provident. Labore cum accusantium sunt voluptatem voluptatibus. Ab occaecati facilis ducimus velit illum doloremque vitae.',2,2),(53,'1998-02-10 07:04:20','Rerum ipsum dicta sunt enim odit iure. Sit dolorem quis qui hic et. Rerum autem fuga earum tempora dolor. Quia deserunt neque explicabo assumenda dolorum cupiditate distinctio.',3,3),(54,'1980-03-03 19:45:36','Qui quia voluptas sequi autem sint. Architecto aspernatur sint excepturi. Aspernatur eius quis quasi corporis. Et ea est ut pariatur.',4,4),(55,'1992-07-24 02:57:20','Impedit iure rem esse unde quae provident. Voluptatem ratione neque natus quia molestiae reiciendis. Quas tempore hic dolorem sunt labore.',5,5),(56,'1973-05-17 00:48:44','Ad et esse dolorem a. Suscipit quaerat eos ipsum vitae. Eos ipsam et occaecati omnis molestiae. Modi neque tempore provident quod. Dolores cum autem dolore.',6,6),(57,'1980-06-29 06:56:49','Id quasi nisi repellat voluptatem. Eum commodi eum consequatur aut laborum. Sapiente possimus eos non quia hic. Ad eius sit omnis qui magnam qui.',7,7),(58,'1977-08-04 20:04:25','Molestias molestiae eligendi dicta. Quo itaque tenetur quo eaque. Quod quod ut culpa accusamus.\nVoluptas rerum nisi qui mollitia. Tempora quod illum atque et. Amet sit vitae velit.',8,8),(59,'2018-09-17 08:04:43','Voluptas quasi molestiae et mollitia labore sit non. Alias suscipit minima qui soluta cumque ut. Quae quos officia eveniet culpa. Sed ea voluptas in aut deserunt recusandae.',9,9),(60,'1985-05-30 20:12:00','Est a est dolores provident. Architecto quidem voluptatum tempore vero provident dolorum aut. Totam doloremque consequatur sequi ut sed magnam.',10,10),(61,'2017-11-24 10:22:49','Veritatis corporis non reprehenderit. Vero eum deserunt molestias asperiores.',11,11),(62,'1974-06-07 11:37:50','Est perspiciatis sed provident vel nihil. Tenetur dolorem iste vitae. Sint at consectetur voluptas quod quibusdam molestias. In nisi aut ratione nisi.',12,12),(63,'1979-05-04 17:44:34','Consequatur dolores qui vitae necessitatibus est qui. Ad mollitia voluptatem sed debitis. Nostrum reiciendis et optio magnam. Quis laudantium non sed dolore tempora odio.',13,13),(64,'2002-06-12 16:57:05','Harum est repellat tempora architecto dignissimos reprehenderit earum. Dolores perferendis et perferendis vel qui sit. Officia suscipit nihil quo.',14,14),(65,'2007-02-19 13:10:31','Ut tempore quasi adipisci eos recusandae voluptatem possimus. Voluptas et iste quam quo nisi. Numquam dolores veritatis harum quos enim nobis consequatur aperiam. Aut doloremque quam est qui aliquid.',15,15),(66,'1983-11-10 10:26:04','Officiis odio sed excepturi sed vitae consequuntur omnis. Voluptatum eum animi aut a placeat est voluptatem. Repudiandae accusantium iure est temporibus quasi. Ex ipsam libero id nobis et.',16,16),(67,'2015-10-05 16:21:54','Perferendis similique ut id mollitia dolores aut dolor. Officiis maiores nostrum error impedit laborum. Consequatur nisi et aut a.',17,17),(68,'1982-02-03 14:58:55','Dolor fugiat voluptate modi aliquam quia. Saepe quasi magni quia nostrum nisi id.',18,18),(69,'2015-12-03 07:39:45','Officiis fugit libero rerum sed. Et ducimus velit repellat consequatur eligendi et et voluptatibus. Quo et aperiam blanditiis laboriosam dolorem aperiam.',19,19),(70,'2000-02-09 14:43:47','Minima dolor voluptatem amet qui molestiae nemo. Voluptatem officiis magnam ipsa ut praesentium. Suscipit occaecati numquam rerum iste alias. Nihil et in veritatis accusamus et earum.',20,20),(71,'1983-04-20 00:39:27','Eius magni nulla quis. Ipsum hic voluptas est ut. Sint corporis rem dolor omnis nam cumque. Culpa quis accusantium et deleniti et.',21,21),(72,'2002-08-01 22:50:12','Deserunt aut iure iste tempora. Non dolores blanditiis possimus assumenda quae odit. Deserunt ut vitae possimus aut. Et rerum qui enim delectus eaque officia. Ex provident illum explicabo in.',22,22),(73,'2015-12-31 03:08:45','Et vitae voluptatem rem quia maiores rerum doloremque. Aliquid ut ipsum qui error consequatur et esse cupiditate. Ea tenetur eos occaecati. Impedit velit est odit et voluptatem sint voluptate.',23,23),(74,'2000-03-20 05:21:43','Aliquam nam fugiat sit et aut rerum. Voluptas quia sed quaerat vitae. Qui blanditiis aut minima magni.',24,24),(75,'2006-08-03 14:18:34','Sit repellat magnam asperiores id sit distinctio. Sunt ipsa facere dignissimos est. Reprehenderit placeat ut et aut velit provident. Vel qui sunt saepe perspiciatis.',25,25),(76,'1984-08-18 23:04:45','Voluptatum sunt aut accusantium velit autem. Sint itaque quidem dolor earum architecto. Voluptatem inventore perspiciatis sequi eius deleniti deleniti repellat.',26,26),(77,'1991-02-12 00:13:08','Iure consequuntur nihil omnis in consectetur aut illo officia. Est possimus officiis sequi qui laboriosam nihil. Iste dignissimos eveniet pariatur.',27,27),(78,'1974-05-19 07:25:30','Fuga earum et omnis debitis aperiam rerum. Dolor et quia perferendis neque vel qui. Porro ut et eveniet dolores facilis veniam expedita.',28,28),(79,'1992-10-27 10:18:29','Rerum quaerat commodi quidem sint dignissimos. Ullam suscipit ut et non ut. Perferendis delectus illum dignissimos impedit rerum maxime repudiandae. Dolor eveniet ea asperiores odio.',29,29),(80,'1989-11-02 10:53:32','Expedita commodi hic velit et et. Est occaecati est veniam. Ipsam delectus odio reprehenderit impedit sed earum tenetur.',30,30),(81,'1997-01-24 13:54:07','Velit et voluptatem tempora dolor aut eum repellat. Eaque aut dolorem animi cum culpa quos quas. Fuga amet magni iure vero distinctio. Eaque assumenda ea ipsum voluptates sed.',31,31),(82,'2004-01-28 11:27:26','Eligendi magnam doloribus tempore odit vero illo ut nisi. Consequuntur quas quae id magnam. Rerum voluptatum iste provident sunt.',32,32),(83,'1978-03-05 00:24:58','Cum deleniti impedit provident dicta non mollitia. Consequatur id aspernatur non nostrum mollitia cupiditate. Ipsa adipisci aliquam voluptates ipsam omnis autem et.',33,33),(84,'1974-07-29 11:06:07','Neque eaque voluptatem quas veniam. Asperiores sed sed aperiam commodi placeat quo. Quod sint vel sit officiis molestiae exercitationem. Porro dolorem et aut inventore. Dignissimos in nam voluptates.',34,34),(85,'2011-02-10 04:31:06','Repudiandae et vel facilis rem. Illo repellat laudantium voluptas excepturi neque consectetur expedita. Aut qui ea esse nulla non voluptatum. Fugit fuga occaecati eum sit assumenda et ratione.',35,35),(86,'2010-12-31 10:23:21','In molestiae blanditiis et quaerat. Veniam fuga sed ipsa ut qui modi earum tempore.',36,36),(87,'1978-06-11 22:23:33','Molestias asperiores nesciunt aut nihil non rerum. Cum accusantium suscipit esse autem ut maxime similique. Eos vel voluptatem vitae dolorum. Et officia tempore id reiciendis quia.',37,37),(88,'1971-10-18 16:54:01','Earum adipisci et et ut nostrum ab. Laudantium ipsa doloremque et ea perspiciatis ut nemo. Iste quia vel ut maxime odio aut velit voluptatem. Ex temporibus quos eum illum non.',38,38),(89,'1978-10-03 10:35:22','Id voluptatum tenetur perferendis unde non est nulla rerum. Magnam numquam et minima sit eum illum suscipit. Optio nam corrupti quam necessitatibus maiores.',39,39),(90,'2013-05-08 08:58:30','Beatae tempora dolores qui quis. Aut expedita velit tempora quasi omnis ipsa. Aut voluptatum maxime nesciunt fuga.',40,40),(91,'1973-06-25 02:34:21','Est culpa veritatis doloremque. Dolor et quia fugit ipsam. Deleniti voluptatem maxime et reprehenderit est.',41,41),(92,'2003-07-09 22:09:14','Cupiditate ut ducimus rerum voluptas quia vero. Ut dignissimos quis placeat in. Blanditiis corporis vitae architecto et veritatis pariatur et quia. Nihil qui itaque reiciendis ut est natus provident.',42,42),(93,'1985-09-25 19:25:17','Est eos voluptas dicta corporis. Ratione et quisquam qui veniam perspiciatis eum. Alias quisquam quisquam sapiente nesciunt qui praesentium. Molestiae esse autem adipisci doloribus.',43,43),(94,'1990-12-10 02:05:27','Odit adipisci facere enim vel harum. Dicta ipsa molestias et illo. Libero quidem aut id eius ut quod. Pariatur ut soluta dicta ut.',44,44),(95,'2002-08-09 13:20:05','Eligendi quasi recusandae similique aut est debitis numquam. Possimus quis maxime dolor sit occaecati delectus fugiat maxime. Debitis dolor esse ipsum magni. Qui a vel rerum odit velit.',45,45),(96,'1987-12-21 02:07:48','Est mollitia et enim id dolorem in est. Sequi at ullam eos dolorem est et voluptas voluptatem. Doloribus qui harum a ab. Voluptatem non aut velit consequuntur tenetur est.',46,46),(97,'2010-09-10 22:19:11','Quod accusantium perspiciatis nemo laborum vel. Saepe odio modi similique asperiores ullam. Amet quo sunt iure omnis est iusto pariatur. Quia quod tempora officia velit.',47,47),(98,'2008-12-12 03:49:43','Debitis est deserunt itaque laudantium quas. Excepturi non sed praesentium ab et ducimus ipsam. Ratione dolorem eum laborum dolor ut natus.',48,48),(99,'2010-03-15 04:26:45','Molestiae explicabo minima tempore culpa qui sunt. Amet praesentium fugit dolor rem eum. Est omnis dolorum atque quia. Quisquam incidunt rem non sit unde dolorem eveniet.',49,49),(100,'1999-09-15 13:30:13','Nesciunt voluptatibus et quibusdam corrupti. Fuga qui mollitia et laborum. Exercitationem error eum saepe ut.',50,50);
/*!40000 ALTER TABLE `feedback` ENABLE KEYS */;
UNLOCK TABLES;

--
-- Table structure for table `filter_topic`
--

DROP TABLE IF EXISTS `filter_topic`;
/*!40101 SET @saved_cs_client     = @@character_set_client */;
/*!50503 SET character_set_client = utf8mb4 */;
CREATE TABLE `filter_topic` (
  `topic_id` int(10) unsigned NOT NULL,
  `filter_id` int(10) unsigned NOT NULL,
  PRIMARY KEY (`topic_id`,`filter_id`),
  KEY `filter_id` (`filter_id`),
  CONSTRAINT `filter_topic_ibfk_1` FOREIGN KEY (`filter_id`) REFERENCES `saved_filter` (`uid`) ON DELETE CASCADE ON UPDATE CASCADE,
  CONSTRAINT `filter_topic_ibfk_2` FOREIGN KEY (`topic_id`) REFERENCES `topic` (`uid`) ON DELETE CASCADE ON UPDATE CASCADE
) ENGINE=InnoDB DEFAULT CHARSET=utf8mb4 ;
/*!40101 SET character_set_client = @saved_cs_client */;

--
-- Dumping data for table `filter_topic`
--

LOCK TABLES `filter_topic` WRITE;
/*!40000 ALTER TABLE `filter_topic` DISABLE KEYS */;
/*!40000 ALTER TABLE `filter_topic` ENABLE KEYS */;
UNLOCK TABLES;

--
-- Table structure for table `followers`
--

DROP TABLE IF EXISTS `followers`;
/*!40101 SET @saved_cs_client     = @@character_set_client */;
/*!50503 SET character_set_client = utf8mb4 */;
CREATE TABLE `followers` (
  `followed_user_id` int(10) unsigned NOT NULL,
  `follower_id` int(10) unsigned NOT NULL,
  PRIMARY KEY (`followed_user_id`,`follower_id`),
  KEY `follower_id` (`follower_id`),
  KEY `followed_user_id` (`followed_user_id`),
  CONSTRAINT `followers_ibfk_1` FOREIGN KEY (`follower_id`) REFERENCES `user` (`uid`) ON DELETE CASCADE ON UPDATE CASCADE,
  CONSTRAINT `followers_ibfk_2` FOREIGN KEY (`followed_user_id`) REFERENCES `user` (`uid`) ON DELETE CASCADE ON UPDATE CASCADE
) ENGINE=InnoDB DEFAULT CHARSET=utf8mb4 ;
/*!40101 SET character_set_client = @saved_cs_client */;

--
-- Dumping data for table `followers`
--

LOCK TABLES `followers` WRITE;
/*!40000 ALTER TABLE `followers` DISABLE KEYS */;
INSERT INTO `followers` VALUES (30,1),(41,1),(43,2),(9,3),(19,3),(36,3),(58,3),(40,4),(31,5),(88,5),(39,7),(83,7),(74,8),(34,9),(38,9),(89,9),(12,10),(63,10),(6,11),(22,11),(32,12),(38,12),(45,12),(50,12),(69,12),(84,12),(47,13),(57,13),(77,14),(31,15),(59,16),(63,16),(15,17),(49,17),(86,17),(34,18),(52,18),(2,19),(11,19),(88,19),(18,20),(77,21),(15,22),(22,22),(38,22),(42,22),(47,22),(99,22),(89,23),(39,24),(6,25),(93,25),(9,26),(87,26),(37,27),(88,27),(90,28),(20,29),(95,29),(14,30),(31,30),(52,31),(75,31),(51,32),(59,32),(83,32),(2,33),(26,35),(97,35),(19,36),(60,36),(79,36),(35,37),(54,37),(57,37),(80,37),(19,38),(80,38),(31,39),(67,39),(11,40),(33,41),(42,43),(76,43),(83,43),(23,44),(56,44),(87,44),(21,45),(29,45),(47,45),(49,45),(28,47),(46,47),(28,48),(57,48),(92,48),(94,48),(1,50),(45,50),(60,50),(44,51),(67,51),(36,52),(57,52),(71,53),(71,54),(81,54),(100,54),(72,55),(65,57),(79,57),(44,58),(70,58),(41,59),(84,59),(78,61),(64,62),(100,63),(28,65),(37,65),(19,66),(61,66),(53,68),(92,68),(57,70),(62,70),(72,70),(79,70),(91,70),(6,71),(45,71),(91,71),(39,72),(42,72),(1,73),(27,73),(53,74),(30,75),(42,75),(50,75),(63,75),(48,76),(25,77),(37,77),(43,78),(21,79),(81,79),(92,79),(7,80),(19,80),(24,80),(62,80),(28,81),(100,81),(53,82),(64,82),(20,83),(25,83),(29,83),(93,83),(44,84),(96,84),(20,86),(9,87),(14,87),(53,87),(92,87),(19,88),(59,88),(86,88),(57,89),(84,89),(90,89),(39,90),(63,90),(66,90),(4,91),(18,91),(48,91),(48,92),(95,92),(42,93),(5,94),(1,95),(29,95),(32,95),(44,96),(49,96),(80,96),(86,96),(87,96),(85,97),(66,98),(6,99),(41,99),(12,100),(13,100),(46,100),(1,102),(3,102),(4,102),(5,102),(6,102),(8,102),(10,102),(49,102);
/*!40000 ALTER TABLE `followers` ENABLE KEYS */;
UNLOCK TABLES;

--
-- Table structure for table `language`
--

DROP TABLE IF EXISTS `language`;
/*!40101 SET @saved_cs_client     = @@character_set_client */;
/*!50503 SET character_set_client = utf8mb4 */;
CREATE TABLE `language` (
  `name` varchar(100) NOT NULL,
  `uid` int(10) unsigned NOT NULL AUTO_INCREMENT,
  PRIMARY KEY (`uid`),
  UNIQUE KEY `language_name_uindex` (`name`)
) ENGINE=InnoDB AUTO_INCREMENT=13 DEFAULT CHARSET=utf8mb4 ;
/*!40101 SET character_set_client = @saved_cs_client */;

--
-- Dumping data for table `language`
--

LOCK TABLES `language` WRITE;
/*!40000 ALTER TABLE `language` DISABLE KEYS */;
INSERT INTO `language` VALUES ('amet',8),('amety',12),('aut',7),('ea',11),('et',6),('etty',10),('ex',3),('impedit',9),('voluptate',5),('voluptatem',4);
/*!40000 ALTER TABLE `language` ENABLE KEYS */;
UNLOCK TABLES;

--
-- Table structure for table `meetup`
--

DROP TABLE IF EXISTS `meetup`;
/*!40101 SET @saved_cs_client     = @@character_set_client */;
/*!50503 SET character_set_client = utf8mb4 */;
CREATE TABLE `meetup` (
  `title` varchar(300) NOT NULL,
  `uid` int(10) unsigned NOT NULL AUTO_INCREMENT,
  `start_date_time` datetime NOT NULL,
  `finish_date_time` datetime NOT NULL,
  `place` varchar(500) NOT NULL,
  `registered_attendees` int(11) NOT NULL,
  `min_attendees` int(11) NOT NULL,
  `max_attendees` int(11) NOT NULL,
  `state_id` smallint(5) unsigned NOT NULL,
  `speaker_id` int(10) unsigned NOT NULL,
  `description` varchar(400) NOT NULL,
  PRIMARY KEY (`uid`),
  KEY `state_id` (`state_id`),
  KEY `speaker_id` (`speaker_id`),
  CONSTRAINT `meetup_ibfk_1` FOREIGN KEY (`state_id`) REFERENCES `state` (`uid`) ON UPDATE CASCADE,
  CONSTRAINT `meetup_ibfk_2` FOREIGN KEY (`speaker_id`) REFERENCES `user` (`uid`) ON DELETE CASCADE ON UPDATE CASCADE
) ENGINE=InnoDB AUTO_INCREMENT=55 DEFAULT CHARSET=utf8mb4 ;
/*!40101 SET character_set_client = @saved_cs_client */;

--
-- Dumping data for table `meetup`
--

LOCK TABLES `meetup` WRITE;
/*!40000 ALTER TABLE `meetup` DISABLE KEYS */;
INSERT INTO `meetup` VALUES ('Et non qui sed reprehenderit consectetur.',1,'1975-10-11 15:00:00','1980-12-30 22:15:09','15771 Dicki Park Apt. 342\nLake Roosevelt, WI 43814-8705',6,4,6,6,102,'Harum aut rerum qui molestias doloremque. Sed esse quidem labore eaque error autem ut. Libero aspernatur aut et in vitae.'),('Architecto deleniti distinctio aut praesentium.',2,'1985-10-09 12:00:00','2015-04-07 21:06:12','1707 Grayce Crescent Suite 214\nLesterland, IN 61827',4,5,20,6,102,'Amet odio repudiandae aut maxime molestias quos explicabo. Cum dolorum et deserunt eius. Labore velit qui aliquid sit qui voluptatem assumenda. Iure temporibus quisquam minima earum occaecati quibusdam accusantium non.'),('Minima eius est tenetur ipsa voluptatum est.',3,'2009-03-09 14:00:00','2015-09-11 20:37:09','00079 Ewald Club Apt. 562\nEast Roxanechester, NE 90011-1877',7,3,20,6,102,'Aut error et dicta aliquid neque dolor asperiores. Pariatur vel consequuntur quisquam voluptatem ipsum laboriosam et. Nihil modi mollitia ducimus aut soluta facere sit enim. Tenetur deserunt explicabo quibusdam rerum dolor porro necessitatibus.'),('Minus officia fuga consequatur quia.',4,'2019-10-28 20:00:00','2019-11-01 20:00:00','3072 Ivah Dam\nWest Lillianahaven, OR 97188-0921',4,1,17,6,102,'Beatae cumque hic dignissimos quidem in. Natus modi excepturi nemo nobis et. Consequatur pariatur incidunt et.'),('Accusamus dolorem laborum corrupti ea nostrum odit reiciendis.',5,'2020-02-18 04:00:00','2020-04-05 01:55:22','2664 Bailey Flat Apt. 469\nLake Lyric, ND 75363',4,2,4,2,102,'Et omnis nemo odit. Ut animi nulla deleniti excepturi. Ullam repellendus id eum autem non et.'),('Blanditiis animi a facilis sit veniam sit et.',6,'1990-09-26 00:00:00','2013-07-21 18:40:40','885 Mckayla Ranch\nNickfort, WY 40152',5,3,20,5,102,'Esse nihil necessitatibus quam magni aut voluptatibus. Nisi consequatur tempora nihil perspiciatis illum. Ea dicta aut molestiae id cum.'),('Tempora aspernatur omnis enim distinctio.',7,'1976-05-27 15:00:00','1995-08-24 13:01:30','5024 Guido Avenue Suite 920\nNew Eveline, CA 30996-5316',4,2,13,6,102,'Dolorem est est saepe aliquam ad. Animi aut aut rerum recusandae ipsam distinctio. Adipisci velit et ab voluptatem sit ut tenetur.'),('Placeat nihil omnis architecto.',8,'1990-06-07 04:00:00','1999-04-08 15:27:42','6773 Joy Green Apt. 001\nSouth Bill, VA 94213-6414',5,3,5,6,102,'Eveniet dolores architecto suscipit omnis. Ratione voluptatem labore facilis ut voluptatem ex consectetur. Eaque ipsum quia sunt eaque sequi sapiente sit aliquid. Odit aut nesciunt non perferendis magnam illum similique.'),('Voluptatem iste porro placeat adipisci necessitatibus repudiandae itaque.',9,'2007-02-21 18:00:00','1976-07-03 03:09:54','819 Maritza Ranch Apt. 050\nPort Thomasbury, RI 89808',6,2,20,6,102,'Eius aut consequatur excepturi maiores suscipit voluptatem. Quidem dolorum accusantium voluptatibus commodi consequatur. Soluta et ratione tenetur ut ad doloremque. Voluptatum doloribus ab nulla culpa.'),('Dignissimos et nam sint minima voluptas et similique.',10,'1972-10-05 12:00:00','1987-08-27 18:40:09','6921 Katherine Freeway Suite 243\nDinaland, NC 19332-3510',3,3,10,6,102,'Ea quas dignissimos ipsam fuga ratione rem blanditiis. Est voluptas sequi quis possimus sunt est omnis.'),('Necessitatibus alias vitae suscipit eius et.',11,'1983-11-05 09:00:00','1970-08-26 02:55:04','779 Vanessa Road\nNorth Garth, IA 13015',4,4,11,6,21,'Quibusdam et quam consectetur aut aspernatur. Libero ut est ipsum ab. Quia dolor mollitia quaerat libero. Eos a nobis veniam magnam repellendus ab.'),('Suscipit nulla earum eos cum.',12,'1977-11-04 09:00:00','1986-07-08 02:42:42','3376 Ian Keys Suite 986\nGorczanyshire, DE 88759-0838',4,3,8,6,79,'Eveniet dolor qui placeat commodi porro. Commodi quo dolores consequatur quia ipsum. Aut harum aperiam recusandae cupiditate praesentium. Quo esse eos minus consequatur. Aperiam eius sint veritatis natus error ea.'),('Nisi est sed vitae numquam.',13,'1979-09-01 09:00:00','1988-03-24 19:07:35','86223 Ozella Shore Apt. 548\nSouth Agustinabury, KS 80131',2,5,15,6,32,'Vel quasi reiciendis adipisci ea sit dolores aut. Ut quae tenetur eligendi eos corrupti.'),('Eum non recusandae laboriosam eligendi est et sint id.',14,'1978-07-06 00:00:00','2003-09-25 14:16:26','2996 Friesen Inlet\nJaniyaton, DE 85008-6759',2,2,10,5,27,'Aliquam alias eos quam eius et laborum enim. Voluptatem omnis quis assumenda beatae quaerat nostrum. Debitis est ducimus quo occaecati.'),('Quis vitae rerum dolor consequuntur libero.',15,'2005-08-08 00:00:00','2001-07-07 04:52:44','872 Smith Branch\nCortneyland, AR 98540-5316',5,4,8,3,92,'Qui accusamus deserunt dolores a. Veniam dolorum magnam aut sint. Voluptate nihil ratione neque dolore. Maxime iste excepturi aspernatur quod.'),('Debitis tempore impedit iusto aut quidem.',16,'2018-10-09 15:00:00','1975-05-24 07:19:03','68556 Moore Ports Suite 514\nErnserview, ME 46602',5,5,10,6,35,'Nemo repellendus et totam beatae. Tempora nemo eaque neque in explicabo. Beatae omnis rerum qui eveniet. Nobis minima reprehenderit impedit error ratione cumque.'),('Atque nesciunt omnis officiis nobis aut nobis omnis.',17,'2013-01-30 00:00:00','2000-10-18 16:57:23','45771 Toy Junctions Suite 552\nGreenchester, SC 88506-5156',3,4,12,5,38,'Et odit perspiciatis aliquam et culpa similique mollitia. Accusamus animi maxime adipisci in. Sit quibusdam vitae unde sit eveniet.'),('Culpa ad qui beatae tenetur ut neque labore accusantium.',18,'1985-01-26 09:00:00','1988-07-23 11:53:05','2129 Laverne Knoll\nEast Deshawntown, CT 53071',3,2,9,6,94,'Aut dolorem molestiae consequuntur corrupti quis aut fugit. Officia molestiae vel pariatur modi dolorem. Ut qui harum molestiae consequuntur voluptate illo.'),('Id enim assumenda placeat est et quis.',19,'1988-01-20 00:00:00','2019-06-13 15:28:30','0125 Grimes Cliff\nHaneview, OR 37769',3,3,9,3,72,'Dolore ullam provident numquam nesciunt expedita quisquam. Laudantium commodi neque labore est necessitatibus sed ut. Nihil dolores sequi quas quo sit. Cum adipisci officiis amet.'),('Magnam nesciunt sunt sapiente.',20,'1997-08-08 00:00:00','2007-02-12 07:05:41','350 Mills Meadows\nPort Chaya, RI 18715-8456',2,1,7,3,99,'Ut accusamus ab similique. Voluptatum eaque qui neque enim aut aliquam cupiditate. Rem facere adipisci suscipit vel. Ducimus quidem sunt dolorem ad nostrum.'),('Sit molestiae magnam sequi cumque.',21,'2010-11-30 00:00:00','1999-05-23 12:55:20','263 Bernhard Parks\nPort Emmittchester, CO 03054',3,5,9,3,18,'Quis fuga perferendis aut. Vero dolorum ipsa atque possimus. Nemo distinctio magni earum qui esse. Fuga dignissimos numquam asperiores necessitatibus quos repudiandae. Rem vitae et officiis qui.'),('Error omnis dolor pariatur.',22,'1979-04-20 09:00:00','1972-02-04 22:43:59','6147 Wehner Mall\nLake Ceasarport, AK 07839-2838',0,1,5,6,28,'Quaerat tenetur possimus error qui. Eveniet quae hic hic rem id id. Doloremque hic nisi nesciunt est et perferendis. Numquam labore beatae debitis neque molestias.'),('Sint molestias sit repellat sunt iste.',23,'2007-03-26 09:00:00','2006-06-18 02:05:15','150 Eleanore View\nHankchester, VA 19726-6254',4,5,17,6,41,'Aspernatur dolore libero sint amet ducimus et. Neque eveniet quisquam fugiat assumenda sequi odio voluptatum eos. Suscipit nesciunt occaecati in atque quae.'),('Ipsum voluptatem necessitatibus autem illo.',24,'2006-01-01 14:00:00','2017-05-17 17:59:48','7451 D\'Amore Track\nNew Gabefurt, WI 04102-3639',2,5,17,6,100,'Voluptas maxime qui expedita nulla. Repudiandae ut aut assumenda quae vitae exercitationem quo. Odit repellendus minima voluptatem aut.'),('Omnis facere est quo omnis et placeat facilis occaecati.',25,'2002-10-25 09:00:00','2007-02-19 11:00:50','87607 Okuneva Highway Apt. 149\nPort Laneyport, NE 27047',7,2,20,6,60,'Asperiores aut aut facilis laudantium voluptas recusandae cum. Error quaerat consequatur delectus quod ut. Minus et nulla dolorum ducimus dolores.'),('Est culpa mollitia nihil eum et.',26,'2012-12-20 16:00:00','2017-03-11 11:54:08','78966 Lukas Branch\nSouth Tysontown, KY 22311-5789',2,2,19,6,22,'Necessitatibus ullam amet eos optio dolores doloremque. Ullam laudantium eos numquam labore. Sit harum consequatur non vitae accusamus.'),('Dicta porro inventore quo dolor rerum tempora.',27,'2011-07-12 00:00:00','2001-11-23 09:28:57','80435 Herta Well\nOceanemouth, IN 58739-9808',6,4,9,5,99,'Vero ducimus cupiditate et veniam dolorem qui qui. Quia recusandae voluptatem sunt rerum. Quia quam facilis modi velit dolor.'),('Vero aut perferendis velit corporis quo sed quo.',28,'2001-07-26 09:00:00','2010-09-24 18:49:16','395 Halvorson Course\nBabychester, WV 73121-4068',0,1,18,6,87,'Ullam aut asperiores saepe. Quos eum pariatur qui fuga. Ut est ratione repellat.'),('Magnam perferendis ad est maiores.',29,'2010-05-14 09:00:00','1994-11-13 01:30:48','57056 Oleta View Suite 204\nSouth Aaliyah, MI 49465-4158',5,5,11,6,75,'Dolor commodi quam aspernatur quia non et. Error aut animi quo non totam occaecati. Sit hic sit aliquam vel.'),('Sit beatae ut non.',30,'1983-02-14 09:00:00','2001-09-15 16:07:20','4148 Sawayn Street\nGlenfurt, UT 86777-6689',2,5,5,6,68,'Assumenda molestiae nihil non eaque doloribus sit officiis. Nihil et molestias sed voluptatem aut cumque.'),('Ratione aut voluptas vitae repellat dolor.',31,'1999-11-07 16:00:00','2013-09-04 11:20:13','019 Arlo Locks\nLake Stanfordshire, TX 04832-6239',5,4,20,6,97,'Id doloribus unde nesciunt corporis ut vitae. Aut corrupti ad iste eos impedit dicta molestias dolorum.'),('Repellendus nostrum possimus sunt aut veniam rem.',32,'1988-08-08 04:00:00','1975-12-02 23:11:14','8727 Gutmann Unions\nPort Josiannetown, WA 40614-8709',8,3,14,6,36,'Aut sunt quo eius ut voluptates qui molestiae velit. Autem vitae cumque qui voluptatem odio alias mollitia. Magnam laboriosam voluptates quae assumenda et. Rem natus libero temporibus sunt molestiae consequuntur nulla.'),('Veritatis ipsam accusamus rerum id mollitia temporibus.',33,'2017-07-17 00:00:00','2017-05-29 23:51:43','281 Hilll Route\nNorth Alayna, GA 43344-5574',1,1,7,3,3,'Mollitia ut dolorem quasi consectetur aut veniam rem. Consequuntur alias ratione laborum dolor aut. Minima praesentium sed eum quia.'),('Voluptates sed doloremque maxime accusamus vel itaque nihil.',34,'1974-10-19 09:00:00','1985-11-29 23:57:12','41212 Keshawn Lodge\nKianaland, MT 60492-9347',5,2,13,6,102,'Ut sit quidem earum soluta est. Molestias quis aut est et. Vel qui iste molestias est.'),('Dolore sapiente nulla enim voluptatibus iusto inventore.',35,'1970-10-12 00:00:00','1995-10-16 20:16:03','634 Quigley Mount\nEast Sagemouth, HI 02625',9,4,14,5,102,'Consequatur dolorum odio eaque quos voluptatem. Ab impedit occaecati molestiae commodi qui.'),('Temporibus delectus quam eos saepe soluta ut sed.',36,'1976-11-11 00:00:00','1970-07-03 20:39:06','0887 Torphy Brook\nEast Majorland, OH 75000',4,1,16,5,12,'Corporis ut voluptatem dolore laudantium adipisci. Et consectetur minima quia nemo hic vero. Eum ut voluptatem quia excepturi ex. Optio perferendis molestiae accusamus similique et.'),('Necessitatibus blanditiis officia recusandae officia rerum cupiditate.',37,'2015-12-16 18:00:00','1970-05-05 08:23:36','90914 McDermott Fords\nPort Chrisbury, MI 82189',3,3,6,6,2,'Est quis nobis eveniet ratione optio quis. Harum officiis impedit et nobis in. Quo voluptatem voluptatem tempore qui delectus dolores sit. Qui consequatur quis corporis voluptatem repellendus numquam maiores.'),('Dolorum perferendis vel quisquam.',38,'1993-04-19 00:00:00','2016-11-19 21:43:59','051 Meaghan Isle\nBlockshire, NJ 63376-7370',5,3,9,3,98,'Deleniti omnis cupiditate suscipit qui. Libero vero excepturi esse cupiditate. Sunt beatae necessitatibus molestiae maxime omnis voluptas quidem.'),('Et maiores reprehenderit fugiat aut nihil.',39,'2019-11-09 08:00:00','2019-11-09 08:00:00','33427 Bosco Islands\nJuliotown, NJ 74912',7,5,7,2,102,'Eius ad fugit dolor alias. Animi nihil dolores culpa porro amet qui. Sed sit optio minima quos. Id aut est laboriosam dolorum natus rerum eaque.'),('At autem omnis dolorem ut nesciunt omnis consectetur.',40,'1990-11-07 15:00:00','1981-07-15 19:01:12','608 Samara Pine Apt. 202\nTamaramouth, WY 65848-9690',3,4,11,6,63,'Sed neque totam fugit ea architecto ex. Illo corrupti maiores laboriosam quaerat distinctio. Temporibus quia vel deleniti voluptas non. Illum molestiae qui explicabo ea quaerat et natus.'),('Commodi at perspiciatis maxime sequi qui ad omnis et.',41,'2009-10-23 09:00:00','1981-01-08 08:50:54','38221 Feeney Shoals Apt. 034\nEast Stacey, GA 85901-5951',4,3,14,6,63,'Mollitia accusamus voluptas corrupti fugit voluptatum et. Ut iusto nihil eius excepturi porro in ullam. Molestiae quia atque sed velit minus nesciunt tenetur. Laudantium quod quo consequatur impedit.'),('Corrupti maxime earum non nobis qui id.',42,'1996-02-28 18:00:00','1974-12-15 01:58:15','5326 Salvatore Brooks Suite 061\nChanelshire, MT 48778-4938',0,4,10,6,82,'Pariatur natus natus laudantium aut explicabo odio officiis provident. Amet ipsam et et numquam consequuntur. Voluptate est accusamus et maxime.'),('Ducimus et provident vel sed et fugit doloremque.',43,'1990-04-29 08:00:00','2000-10-07 00:23:58','1368 Jordi Crest\nEnochmouth, LA 76969',9,2,14,6,85,'Alias eaque eveniet quaerat nihil laboriosam fugiat numquam. Placeat vitae eligendi saepe et voluptatem deleniti ut sit. Error eligendi omnis ut inventore aspernatur quis. Cum ut molestiae tempora adipisci.'),('Id voluptas in qui culpa placeat placeat.',44,'2005-06-23 00:00:00','1972-08-07 02:54:52','685 Koepp Shore\nPort Geoffrey, AZ 97580-7872',5,1,8,5,91,'Rem ut fuga eveniet id. Quam laudantium iusto neque fugiat fuga dolor possimus. In vel unde numquam maxime corporis dolor numquam. Ut ratione omnis quo et tempora.'),('Dolore in nobis modi assumenda ab.',45,'1987-10-22 12:00:00','1972-10-12 21:45:44','07057 Mathilde Plains Apt. 860\nNaderfurt, CA 71246-2857',2,1,16,6,81,'Eum maiores aut ut dolorem sed. Tempore nulla consequatur consequatur molestiae officiis. Suscipit et illo totam omnis in et a. Provident nihil quo quia. Vitae ad explicabo illo eum unde at excepturi error.'),('Voluptatem cumque corporis earum blanditiis.',46,'1985-04-17 08:00:00','2016-05-13 15:20:27','0317 Darian Valley\nChelsiemouth, MN 41256',3,3,9,6,24,'Molestiae et dolore fuga aut nesciunt aut iure. Velit quis omnis laudantium animi commodi sed amet.'),('Excepturi quidem minus exercitationem alias.',47,'2017-07-12 00:00:00','1982-07-20 19:39:10','95343 Miller Courts\nKutchburgh, KY 60105',3,1,6,5,60,'Qui et aperiam maiores doloremque tempora. Vel perspiciatis neque blanditiis et. Neque quasi molestiae aliquid officiis. Ullam optio delectus iure numquam animi ullam.'),('Dolore et id hic praesentium non qui illum.',48,'1993-09-26 16:00:00','2004-02-02 14:36:08','0040 Stracke Loop Suite 840\nStehrburgh, MS 65967-9529',6,5,8,6,12,'Id ut voluptas quia doloribus cupiditate laboriosam. Vitae totam incidunt aspernatur perferendis. Placeat cumque est excepturi enim nostrum sed neque. Ea quod ut exercitationem ex.'),('Ut vel maiores ipsa sunt eius distinctio.',49,'2006-05-24 12:00:00','2001-09-07 01:36:45','439 Tremblay Road\nColefort, WA 58419',3,1,16,6,90,'Distinctio eum aut odit saepe laudantium architecto quae. Accusamus sequi dolor quam qui. Tenetur rem aut et tempora et et.'),('Praesentium in consequatur voluptatibus suscipit laudantium explicabo.',50,'1979-08-21 15:00:00','1998-09-12 03:12:22','132 Botsford Mill\nWolffberg, TX 17687',3,2,20,6,36,'Quidem vel tenetur dolorem asperiores veritatis debitis nihil consequatur. Sed tempore rerum similique minima enim perspiciatis dolor. Aut est aut et voluptates est vel amet.'),('Test123',53,'2019-11-29 22:00:00','2019-12-02 22:00:00','location',0,0,10,1,102,'123123'),('123',54,'2019-11-09 08:03:00','2019-11-16 08:03:00','123',0,0,12,1,102,'213');
/*!40000 ALTER TABLE `meetup` ENABLE KEYS */;
UNLOCK TABLES;

--
-- Table structure for table `meetup_attendees`
--

DROP TABLE IF EXISTS `meetup_attendees`;
/*!40101 SET @saved_cs_client     = @@character_set_client */;
/*!50503 SET character_set_client = utf8mb4 */;
CREATE TABLE `meetup_attendees` (
  `meetup_id` int(10) unsigned NOT NULL,
  `user_id` int(10) unsigned NOT NULL,
  PRIMARY KEY (`meetup_id`,`user_id`),
  KEY `user_id` (`user_id`),
  CONSTRAINT `meetup_attendees_ibfk_1` FOREIGN KEY (`user_id`) REFERENCES `user` (`uid`) ON DELETE CASCADE ON UPDATE CASCADE,
  CONSTRAINT `meetup_attendees_ibfk_2` FOREIGN KEY (`meetup_id`) REFERENCES `meetup` (`uid`) ON DELETE CASCADE ON UPDATE CASCADE
) ENGINE=InnoDB DEFAULT CHARSET=utf8mb4 ;
/*!40101 SET character_set_client = @saved_cs_client */;

--
-- Dumping data for table `meetup_attendees`
--

LOCK TABLES `meetup_attendees` WRITE;
/*!40000 ALTER TABLE `meetup_attendees` DISABLE KEYS */;
INSERT INTO `meetup_attendees` VALUES (3,1),(6,1),(17,1),(32,1),(47,1),(15,2),(27,2),(43,2),(9,4),(21,6),(48,6),(29,7),(44,7),(4,8),(8,8),(12,8),(35,8),(36,8),(32,9),(35,9),(21,10),(32,11),(43,12),(9,13),(25,13),(29,13),(35,13),(9,14),(38,15),(43,15),(7,16),(8,16),(48,16),(17,18),(44,18),(38,19),(1,20),(3,22),(26,22),(27,22),(19,23),(27,23),(34,23),(35,23),(25,24),(39,24),(43,24),(8,25),(11,25),(32,25),(41,26),(49,27),(9,28),(15,28),(35,28),(39,28),(2,30),(10,30),(44,30),(16,32),(43,32),(50,32),(21,33),(31,33),(6,34),(7,34),(40,35),(25,36),(41,36),(13,37),(34,37),(37,37),(6,38),(30,38),(32,38),(7,39),(36,39),(39,39),(43,39),(35,40),(39,40),(16,41),(48,41),(5,42),(29,44),(1,45),(9,45),(36,45),(3,46),(25,46),(30,46),(45,46),(50,46),(23,48),(38,48),(48,48),(2,49),(26,49),(2,50),(4,51),(5,51),(8,51),(46,51),(12,52),(14,52),(15,52),(39,52),(47,52),(11,53),(39,53),(10,54),(20,54),(25,54),(24,55),(25,55),(34,55),(6,56),(16,56),(27,56),(38,56),(40,57),(31,58),(4,60),(1,61),(18,62),(37,62),(43,62),(23,63),(31,63),(10,64),(13,64),(20,64),(27,64),(5,65),(23,65),(11,67),(12,67),(32,69),(19,70),(43,70),(46,70),(16,71),(40,71),(43,71),(2,72),(15,72),(27,72),(18,74),(47,74),(16,76),(44,76),(49,76),(14,77),(32,77),(35,77),(41,78),(35,79),(39,79),(24,80),(34,81),(34,82),(45,82),(48,82),(11,83),(44,83),(3,84),(18,84),(29,84),(46,84),(17,85),(31,85),(37,85),(23,86),(38,86),(25,87),(49,88),(3,89),(48,89),(12,91),(19,91),(36,91),(35,92),(1,94),(9,94),(31,94),(32,94),(8,95),(29,95),(33,97),(15,99),(41,100),(50,100),(1,102),(3,102),(4,102),(5,102),(6,102),(7,102),(1,103),(3,103);
/*!40000 ALTER TABLE `meetup_attendees` ENABLE KEYS */;
UNLOCK TABLES;

--
-- Table structure for table `meetup_language`
--

DROP TABLE IF EXISTS `meetup_language`;
/*!40101 SET @saved_cs_client     = @@character_set_client */;
/*!50503 SET character_set_client = utf8mb4 */;
CREATE TABLE `meetup_language` (
  `language_id` int(10) unsigned NOT NULL,
  `meetup_id` int(10) unsigned NOT NULL,
  PRIMARY KEY (`language_id`,`meetup_id`),
  KEY `meetup_id` (`meetup_id`),
  CONSTRAINT `meetup_language_ibfk_1` FOREIGN KEY (`language_id`) REFERENCES `language` (`uid`) ON DELETE CASCADE ON UPDATE CASCADE,
  CONSTRAINT `meetup_language_ibfk_2` FOREIGN KEY (`meetup_id`) REFERENCES `meetup` (`uid`) ON DELETE CASCADE ON UPDATE CASCADE
) ENGINE=InnoDB DEFAULT CHARSET=utf8mb4 ;
/*!40101 SET character_set_client = @saved_cs_client */;

--
-- Dumping data for table `meetup_language`
--

LOCK TABLES `meetup_language` WRITE;
/*!40000 ALTER TABLE `meetup_language` DISABLE KEYS */;
/*!40000 ALTER TABLE `meetup_language` ENABLE KEYS */;
UNLOCK TABLES;

--
-- Table structure for table `meetup_topic`
--

DROP TABLE IF EXISTS `meetup_topic`;
/*!40101 SET @saved_cs_client     = @@character_set_client */;
/*!50503 SET character_set_client = utf8mb4 */;
CREATE TABLE `meetup_topic` (
  `topic_id` int(10) unsigned NOT NULL,
  `meetup_id` int(10) unsigned NOT NULL,
  PRIMARY KEY (`topic_id`,`meetup_id`),
  KEY `meetup_id` (`meetup_id`),
  CONSTRAINT `meetup_topic_ibfk_1` FOREIGN KEY (`topic_id`) REFERENCES `topic` (`uid`) ON DELETE CASCADE ON UPDATE CASCADE,
  CONSTRAINT `meetup_topic_ibfk_2` FOREIGN KEY (`meetup_id`) REFERENCES `meetup` (`uid`) ON DELETE CASCADE ON UPDATE CASCADE
) ENGINE=InnoDB DEFAULT CHARSET=utf8mb4 ;
/*!40101 SET character_set_client = @saved_cs_client */;

--
-- Dumping data for table `meetup_topic`
--

LOCK TABLES `meetup_topic` WRITE;
/*!40000 ALTER TABLE `meetup_topic` DISABLE KEYS */;
INSERT INTO `meetup_topic` VALUES (15,1),(55,1),(98,1),(100,1),(13,2),(16,2),(46,2),(65,2),(68,2),(56,3),(72,3),(4,4),(14,4),(66,4),(95,4),(22,5),(54,5),(27,6),(39,6),(53,6),(40,7),(53,7),(62,7),(84,8),(65,9),(18,10),(27,10),(53,10),(67,10),(50,11),(59,11),(80,11),(96,11),(12,12),(27,12),(49,12),(83,12),(42,13),(3,14),(30,15),(40,15),(70,15),(69,16),(6,17),(66,17),(17,18),(27,18),(37,18),(65,18),(68,18),(83,18),(88,19),(23,20),(42,20),(64,20),(16,22),(32,22),(58,24),(9,25),(40,26),(81,26),(90,26),(52,27),(66,28),(71,28),(71,29),(89,29),(90,30),(47,31),(55,32),(5,34),(41,34),(52,34),(63,34),(21,35),(59,35),(82,35),(83,35),(87,36),(8,37),(38,37),(75,37),(60,38),(59,39),(18,40),(27,40),(73,40),(38,41),(100,41),(50,42),(15,43),(96,44),(26,45),(18,46),(41,46),(52,46),(42,47),(84,48),(8,49),(39,49);
/*!40000 ALTER TABLE `meetup_topic` ENABLE KEYS */;
UNLOCK TABLES;

--
-- Table structure for table `message`
--

DROP TABLE IF EXISTS `message`;
/*!40101 SET @saved_cs_client     = @@character_set_client */;
/*!50503 SET character_set_client = utf8mb4 */;
CREATE TABLE `message` (
  `uid` int(10) unsigned NOT NULL AUTO_INCREMENT,
  `date_time` datetime NOT NULL,
  `content` varchar(256) CHARACTER SET utf8 COLLATE utf8_unicode_ci NOT NULL,
  `from` int(10) unsigned NOT NULL,
  `to_user_id` int(10) unsigned DEFAULT NULL,
  `to_room_id` int(10) unsigned DEFAULT NULL,
  PRIMARY KEY (`uid`),
  KEY `from` (`from`),
  KEY `to_user_id` (`to_user_id`),
  KEY `to_room_id` (`to_room_id`),
  CONSTRAINT `message_ibfk_1` FOREIGN KEY (`from`) REFERENCES `user` (`uid`) ON DELETE CASCADE ON UPDATE CASCADE,
  CONSTRAINT `message_ibfk_2` FOREIGN KEY (`to_user_id`) REFERENCES `user` (`uid`) ON DELETE CASCADE ON UPDATE CASCADE,
  CONSTRAINT `message_ibfk_3` FOREIGN KEY (`to_room_id`) REFERENCES `chat_room` (`uid`) ON DELETE CASCADE ON UPDATE CASCADE
) ENGINE=InnoDB AUTO_INCREMENT=4 DEFAULT CHARSET=utf8 COLLATE=utf8_unicode_ci;
/*!40101 SET character_set_client = @saved_cs_client */;

--
-- Dumping data for table `message`
--

LOCK TABLES `message` WRITE;
/*!40000 ALTER TABLE `message` DISABLE KEYS */;
INSERT INTO `message` VALUES (1,'2019-11-06 10:15:50','asdasd',102,1,1),(2,'2019-11-06 10:15:52','asdasd',102,1,1),(3,'2019-11-06 10:15:53','asdasd',102,1,1);
/*!40000 ALTER TABLE `message` ENABLE KEYS */;
UNLOCK TABLES;

--
-- Table structure for table `notification`
--

DROP TABLE IF EXISTS `notification`;
/*!40101 SET @saved_cs_client     = @@character_set_client */;
/*!50503 SET character_set_client = utf8mb4 */;
CREATE TABLE `notification` (
  `uid` int(11) NOT NULL AUTO_INCREMENT,
  `date_time` datetime NOT NULL,
  `is_read` tinyint(1) NOT NULL,
  `receiver_id` int(10) unsigned NOT NULL,
  `template_id` int(11) NOT NULL,
  PRIMARY KEY (`uid`),
  KEY `receiver_id` (`receiver_id`),
  KEY `template_id` (`template_id`),
  CONSTRAINT `notification_ibfk_1` FOREIGN KEY (`receiver_id`) REFERENCES `user` (`uid`) ON DELETE CASCADE ON UPDATE CASCADE,
  CONSTRAINT `notification_ibfk_2` FOREIGN KEY (`template_id`) REFERENCES `notification_template` (`uid`) ON UPDATE CASCADE
) ENGINE=InnoDB DEFAULT CHARSET=utf8 COLLATE=utf8_unicode_ci;
/*!40101 SET character_set_client = @saved_cs_client */;

--
-- Dumping data for table `notification`
--

LOCK TABLES `notification` WRITE;
/*!40000 ALTER TABLE `notification` DISABLE KEYS */;
/*!40000 ALTER TABLE `notification` ENABLE KEYS */;
UNLOCK TABLES;

--
-- Table structure for table `notification_template`
--

DROP TABLE IF EXISTS `notification_template`;
/*!40101 SET @saved_cs_client     = @@character_set_client */;
/*!50503 SET character_set_client = utf8mb4 */;
CREATE TABLE `notification_template` (
  `uid` int(11) NOT NULL AUTO_INCREMENT,
  `name` varchar(100) NOT NULL,
  `html_text` varchar(700) NOT NULL,
  `plain_text` varchar(400) NOT NULL,
  PRIMARY KEY (`uid`)
) ENGINE=InnoDB DEFAULT CHARSET=utf8mb4 ;
/*!40101 SET character_set_client = @saved_cs_client */;

--
-- Dumping data for table `notification_template`
--

LOCK TABLES `notification_template` WRITE;
/*!40000 ALTER TABLE `notification_template` DISABLE KEYS */;
/*!40000 ALTER TABLE `notification_template` ENABLE KEYS */;
UNLOCK TABLES;

--
-- Table structure for table `post`
--

DROP TABLE IF EXISTS `post`;
/*!40101 SET @saved_cs_client     = @@character_set_client */;
/*!50503 SET character_set_client = utf8mb4 */;
CREATE TABLE `post` (
  `uid` int(10) unsigned NOT NULL AUTO_INCREMENT,
  `title` varchar(150) CHARACTER SET utf8 COLLATE utf8_unicode_ci NOT NULL,
  `date_time` datetime NOT NULL,
  `content` varchar(2000) CHARACTER SET utf8 COLLATE utf8_unicode_ci NOT NULL,
  `author_id` int(10) unsigned NOT NULL,
  PRIMARY KEY (`uid`),
  KEY `author_id` (`author_id`),
  CONSTRAINT `post_ibfk_1` FOREIGN KEY (`author_id`) REFERENCES `user` (`uid`) ON DELETE CASCADE ON UPDATE CASCADE
) ENGINE=InnoDB AUTO_INCREMENT=205 DEFAULT CHARSET=utf8 COLLATE=utf8_unicode_ci;
/*!40101 SET character_set_client = @saved_cs_client */;

--
-- Dumping data for table `post`
--

LOCK TABLES `post` WRITE;
/*!40000 ALTER TABLE `post` DISABLE KEYS */;
INSERT INTO `post` VALUES (1,'Nobis neque voluptatem nulla architecto quia est.','2009-05-02 07:48:55','Voluptate vel vero officia sit dolore vel. Et nostrum quis corrupti et.',1),(2,'Dolore nulla ut dignissimos impedit.','1995-08-12 01:05:31','Est quis voluptates ut. Natus officia ex non perspiciatis. Est labore adipisci id molestiae. Tempore ducimus voluptas non explicabo sit dignissimos non.',2),(3,'Dolorum quia magnam ullam voluptatum ut nulla.','2019-02-06 06:55:05','Mollitia labore adipisci iure porro delectus molestiae at. Ut reiciendis possimus harum quas soluta ut. Dignissimos aut est ut non.',3),(4,'Fugit ab aliquid aut dolor incidunt aspernatur et.','2008-09-10 23:18:14','Qui et unde dolorum ut est omnis. Nihil ut et excepturi.',4),(5,'Dignissimos nobis dolorum sed quisquam sed qui ut.','1971-05-11 11:42:53','A quis ducimus unde quo fugiat. Ducimus eos quisquam sed dolorem. Quia qui reprehenderit ea non voluptas dolores. Voluptate pariatur rerum aut est.',5),(6,'Rerum culpa cumque sit similique temporibus.','1998-01-01 19:57:19','Nemo optio recusandae eum corporis facere. Quisquam eum eligendi doloremque voluptatem consequatur. Nam qui omnis et perspiciatis repellat quae hic.',6),(7,'Ex repudiandae eos sint deleniti dolorem deleniti recusandae.','2007-09-09 16:57:08','Qui consectetur aut facere voluptas aliquid dolorem porro explicabo. Ea voluptatibus id ipsa soluta. Delectus sit nam ea quam earum vel nulla amet. Unde repellat qui animi eum.',7),(8,'Culpa et ut veritatis magni eaque omnis quis.','2006-03-16 16:45:34','Veritatis doloremque quod consequatur maxime qui ut. Quia sit aut expedita maxime necessitatibus vel tempora. Ad ullam amet in dignissimos cupiditate rem. Sed consequatur aut quis repellendus odio.',8),(9,'Enim quasi qui vitae qui optio.','1995-08-01 15:07:16','Impedit aperiam id velit enim. Quisquam tempore veniam fugiat molestiae est. Accusantium qui earum aut autem reiciendis omnis.',9),(10,'Dolore porro dolorum expedita vel.','2008-07-10 18:26:54','Incidunt ea praesentium accusantium animi libero. Voluptas expedita consequuntur pariatur. Non architecto nostrum voluptas ut nemo quia provident. Tempora aut nulla excepturi.',10),(11,'Tenetur non veritatis velit.','2004-10-13 23:35:32','Explicabo animi dolorum voluptatem facilis. Excepturi laborum atque consequuntur rerum. Repudiandae aliquam tenetur velit provident totam placeat.',11),(12,'Et qui ullam fugiat vel laborum est.','2013-08-23 02:06:25','Atque veritatis incidunt et est et voluptas. Iste laudantium vero est inventore qui earum pariatur. Qui earum aut consequatur laborum cum officiis et dignissimos.',12),(13,'Ducimus doloribus voluptate esse.','2010-07-23 12:28:00','Et voluptatibus officiis reprehenderit omnis animi tenetur consequatur. Assumenda aut quis eos vitae. Labore sed quod nemo commodi laborum consectetur.',13),(14,'Velit sed quos et est ea.','1971-04-06 21:23:44','Quaerat temporibus consequatur tenetur et. Velit eum iusto sint tenetur. Eum autem cum et sunt voluptatem ea. Quia voluptas illum qui doloribus omnis alias.',14),(15,'Rem eos nulla et sed id.','2000-05-15 08:46:17','Aut expedita voluptas eos esse. Qui odio nostrum et iusto laboriosam animi ea. Assumenda id ab inventore repellendus repellat ad.',15),(16,'Quia sed occaecati debitis est vel provident vel.','2012-05-14 19:47:27','Delectus omnis optio adipisci odio nam. Vel dolorem aut veritatis quasi distinctio eligendi iste. A delectus quo dolor. Porro fugit modi non iste autem blanditiis consectetur.',16),(17,'Tenetur consequatur totam ut non.','1990-03-26 06:59:42','Sed veritatis cumque temporibus sit. Quibusdam molestias nulla a nisi. Est debitis est rem facere accusamus aliquid eum et.',17),(18,'Est ut maxime velit aut magni et.','1977-11-09 09:59:41','Repellat tempore sunt eligendi dolor ullam sit. Vero sunt velit sit. Aut voluptatem fugit impedit velit consequatur.\nIpsum et tempora sint rerum enim in qui. Iste eos ea consequatur aut id autem.',18),(19,'Nesciunt ut porro exercitationem atque ut aut.','1983-05-06 00:16:33','Dolor et corporis sit dolore sunt tempora quam. Quam dolores modi ut architecto tempora aut. Rerum porro aut corporis iste magnam.',19),(20,'Fuga dolore a maiores quod deserunt magni.','2000-11-13 10:18:01','Perspiciatis veniam illum quos qui. Ea molestias enim consequatur. Sit tenetur doloribus ratione aliquid.',20),(21,'Velit fugiat nihil sit dolore molestiae consequatur.','1988-04-25 10:32:50','Consectetur velit corporis in. Magni ut dolorem et numquam. Sit aliquid perferendis eveniet distinctio nesciunt. Voluptatem iure accusamus voluptate laudantium qui blanditiis.',21),(22,'Voluptatibus perspiciatis nulla sit.','2007-11-10 06:06:29','Distinctio quod sunt doloribus eius nemo autem quo voluptates. Adipisci non voluptas quas voluptates. Praesentium vero consequatur quae quia suscipit labore.',22),(23,'Voluptatem qui quis quis ullam.','1976-12-06 22:58:01','Consequatur perferendis eum minus modi. Est minima unde quo qui facilis. Ipsam dolorem voluptatem accusantium ut.',23),(24,'Commodi sed repellendus consequatur non ea sit ullam.','2018-05-09 07:16:29','Molestias maiores ea deserunt exercitationem. Minima similique ipsa dolorem necessitatibus incidunt. Perferendis voluptatem consequuntur non et et ut.',24),(25,'Quis molestias ut consequatur accusantium.','2013-02-12 16:08:12','Et ipsum et nihil sed. Consequatur quia eius porro porro facere quia. Dignissimos architecto expedita amet corrupti.',25),(26,'Possimus aut nihil voluptates aspernatur tempora consequatur est.','2017-09-25 23:36:03','Qui doloribus ducimus sequi dolore quia fugit aliquam. Necessitatibus ipsum ut accusamus dignissimos. Iusto aut recusandae asperiores veniam.',26),(27,'Quia voluptate sunt voluptates fugiat.','1974-08-24 20:06:46','Quasi quo eum sint repellendus commodi ipsam. Reiciendis nesciunt eveniet molestiae explicabo.',27),(28,'Autem aliquid accusantium tenetur omnis totam.','1975-02-02 03:20:37','Est maxime minima ad. Id aut accusamus omnis et. Suscipit dolore qui assumenda voluptatem qui voluptatem.',28),(29,'Et voluptatibus ut sint.','2010-11-18 19:24:07','Fuga aut sed eum consectetur libero. Molestiae nam possimus consequatur placeat et magni. Debitis et quas ipsam modi.',29),(30,'Numquam veritatis asperiores doloremque delectus in a.','2012-03-28 18:04:25','Debitis et asperiores neque pariatur. Error inventore voluptate rem dolorem saepe. Qui recusandae nihil eum deleniti.',30),(31,'Et quia sit sed expedita.','1992-07-01 00:21:13','Ut et necessitatibus quo nihil. Temporibus molestiae doloribus soluta sapiente numquam eius. Dolorem vero et et nobis. Fuga unde qui itaque autem facilis dolores.',31),(32,'Reprehenderit quae omnis distinctio.','2006-09-30 10:12:08','Quaerat nam non aliquid sit molestias. Quia delectus placeat error vitae numquam corporis sint qui. Beatae impedit cupiditate itaque sint veritatis.',32),(33,'Aut omnis aut repellat ullam voluptatem.','1987-09-16 12:26:17','Minus deleniti dolor qui. Labore distinctio magni totam doloremque amet. Perferendis sunt sed esse quo et.',33),(34,'Officiis sit incidunt dolorem quis quos atque.','1971-04-19 14:08:17','Sint deserunt quaerat expedita natus eveniet animi provident. Non voluptatum porro voluptatem consequatur sed illo. Debitis omnis tempora mollitia qui voluptatem. Tempore quo provident eum aut.',34),(35,'Reprehenderit natus quod pariatur odit facilis unde.','2013-08-28 21:14:46','Labore saepe sequi qui quas. Ut illo est atque fugiat.\nAliquid ut et porro rem. Minus sapiente ad qui nostrum. Iste tenetur nostrum soluta veniam consequatur.',35),(36,'Et ut pariatur quaerat dolorem incidunt iure quod voluptatibus.','1980-05-23 18:32:46','Rerum sint qui ea enim unde optio. Id commodi fugiat distinctio optio a. Tempore architecto illum saepe voluptas.',36),(37,'Sunt consequuntur dolor dicta tempore et occaecati.','1998-04-11 10:35:33','Eum molestiae minima nesciunt deserunt error. Modi omnis quia sunt sed et neque alias. Enim aut aperiam occaecati aliquam rerum perferendis voluptatibus possimus.',37),(38,'Repellendus ducimus autem ea tenetur odio soluta iste.','1974-09-22 22:48:44','Et et aliquam officia in. Velit in voluptatem tenetur. Aut aliquid perspiciatis velit nihil et. Excepturi eum enim facere qui laboriosam quo autem molestiae.',38),(39,'Veniam fuga nobis ex culpa.','2006-04-23 13:49:50','Laboriosam fugiat velit ut occaecati esse culpa ut culpa. Laudantium qui non et dolor aut. Asperiores at quisquam quia.',39),(40,'Id et voluptates consequatur.','1980-03-19 04:55:06','Facilis non aperiam consequatur qui eaque veritatis est. Sed incidunt corrupti ipsum officiis. Doloribus dolorem enim repudiandae reprehenderit. Perspiciatis est aut sit soluta quis et.',40),(41,'Non et aut aliquid.','2012-07-07 22:46:33','Eaque ab occaecati nulla harum corrupti consequuntur. Voluptatem laborum consequatur accusantium praesentium quia. Non reprehenderit saepe eum et quis dolore provident.',41),(42,'Maxime quo iste ea accusantium non mollitia.','1989-04-27 17:58:22','Distinctio est quis unde ut aliquam. Aut eos doloremque est quod unde id. Rerum voluptas quam repellat non esse occaecati mollitia. Facilis velit necessitatibus porro.',42),(43,'Adipisci sit velit molestiae autem at dolorum sit.','2010-06-19 14:02:58','Qui sequi distinctio tempore dolorem ut aut provident. Ex explicabo earum voluptatum vel libero animi.',43),(44,'Ab quis sit et corporis voluptates.','2009-08-27 02:11:48','Iusto tempore maiores voluptatem similique id. Tempore mollitia quia aut aut laborum incidunt. Exercitationem et qui aut cupiditate consequatur quae nisi. Rerum aliquid aut aut officiis totam.',44),(45,'Nemo similique rem distinctio modi sed.','1974-11-06 12:16:24','Quidem a et doloremque autem. Ratione dolores est eveniet aut quasi.',45),(46,'Ut veniam quas omnis ex esse.','1995-04-04 17:11:24','Libero est omnis earum neque quos consequatur qui sit. Numquam ut iste in et aliquid quo non beatae. Est laudantium possimus dolor. Sunt et eos quisquam occaecati repudiandae qui quo ratione.',46),(47,'Ipsa hic iure impedit deserunt eos.','1984-03-06 07:42:09','Non voluptatibus reiciendis quod consequatur quia necessitatibus. Nesciunt enim et quibusdam aperiam ut earum non ut. Consequuntur ullam ipsam consequatur.',47),(48,'Recusandae fuga eligendi quod quos rerum molestias qui.','1987-02-27 02:37:07','Officiis temporibus velit nemo voluptas animi. Voluptatum provident quidem architecto voluptatem est rem. Velit sit iusto sit ut.',48),(49,'Libero voluptatem sed ad porro praesentium tenetur quod.','1975-04-04 09:29:14','Sit omnis voluptatem molestias ut quisquam voluptatem velit. Molestiae rerum sed quisquam sint. Nesciunt maiores eveniet itaque animi quasi.',49),(50,'Provident pariatur corrupti rerum ea et necessitatibus iusto error.','2002-08-08 05:59:36','Vel consequatur id odio non exercitationem sed hic. Minima deserunt aliquam quaerat quas. Autem consectetur aut est et esse nulla animi. Quas velit ipsum non dolores velit.',50),(51,'Odio numquam quia nesciunt explicabo quas vel ratione.','2011-07-09 13:57:40','Qui expedita eius excepturi et repellat assumenda autem. Voluptas iste eveniet et sint. Dicta non aliquam doloribus.',1),(52,'Sit quia blanditiis odit soluta.','1995-10-29 18:12:14','Rerum explicabo molestiae nisi dolorem ex veniam cumque ut. Neque voluptas quia minima ipsum ratione totam corporis. Totam itaque mollitia quaerat.',2),(53,'Modi nisi libero error.','2003-09-15 07:40:33','Aut dolor excepturi maiores impedit voluptate. Quia a veniam sit repellendus. Ut sit in sed omnis qui inventore. Iusto provident eius quod nobis.',3),(54,'Nobis veritatis aperiam minima totam laborum laborum.','2004-01-01 01:53:54','Omnis aut impedit soluta ea alias libero est. Similique ut officia id eligendi eveniet eum. Velit consequatur dolores quos numquam id.',4),(55,'Sed eius eaque magni sed distinctio laborum alias.','1993-07-02 02:14:47','Sit velit labore consequuntur velit temporibus repellat. Quos dolorem ipsum quas dolore. Autem autem atque voluptatem alias deserunt.',5),(56,'Corrupti perferendis et sequi aut voluptatum et.','1999-06-10 05:48:36','Fuga ex cumque sequi fuga dicta ea. Dolores corrupti minima illo dignissimos. Dolorem nesciunt consequatur optio quasi consequuntur porro asperiores.',6),(57,'Sapiente at ullam ut.','1979-08-09 10:02:22','Culpa minus quis eum nisi voluptas earum dolores. Vero nemo ut quia dolor iusto aut. Blanditiis voluptatum ut fugit et veritatis et. Exercitationem voluptatem est saepe explicabo quo dolorum.',7),(58,'Quaerat assumenda expedita sit illum.','1991-04-07 12:29:00','Odio sit magnam sunt quae facere rerum dolor ipsum. Architecto deserunt nam consectetur dolor aut. Repellat consequatur nam sunt nobis sint.',8),(59,'Quam saepe magnam sunt natus nemo quos eius.','1990-07-10 07:07:59','Nulla quo necessitatibus voluptas magni reprehenderit quibusdam. Soluta quaerat eum fuga quod et deleniti. Iste quia et perferendis quaerat ad.',9),(60,'Enim dolorum ut voluptas.','2003-07-22 21:54:22','Sunt expedita sint illo aliquid aliquam in. Tempore libero perferendis enim unde. Fugit aut enim autem dolorem aperiam.',10),(61,'Voluptatem sit omnis tempore debitis facere.','2010-12-17 18:19:33','Laudantium est velit velit nihil est molestias saepe rem. Nobis repellendus sint officia dolorem. Illum natus cumque quis.',11),(62,'Pariatur dolore deserunt quod.','1991-08-13 22:26:06','A sint aut ut nobis voluptate qui at saepe. Eum omnis corrupti suscipit laborum. Ut qui temporibus voluptas.',12),(63,'Ut sequi molestiae asperiores labore sunt est perspiciatis quis.','2005-05-11 04:23:46','Voluptates vitae laudantium harum assumenda facere est est. Voluptatem rerum aut neque officia odit architecto id. Impedit at est ab ducimus ad vero voluptas.',13),(64,'Rerum sunt voluptatibus voluptatem labore et quisquam.','2007-07-24 10:34:21','Vel quibusdam beatae dolores et sit. Facilis non ea ut est ea iste voluptas. Expedita asperiores at quia inventore et consequatur fugit quisquam. Et est enim assumenda ab delectus quaerat.',14),(65,'Et voluptates ea omnis laboriosam voluptatibus.','1970-07-04 22:37:56','Non voluptatem corporis ipsam quo. Qui velit provident dolorem ea. Perspiciatis dignissimos quidem et ad alias amet. Laboriosam adipisci distinctio occaecati laboriosam.',15),(66,'Neque quam ratione soluta qui soluta.','1987-05-13 00:11:51','Eos ut praesentium voluptas nemo voluptatem esse. Fugiat inventore iste omnis itaque soluta. Dicta sit molestiae laborum qui. Est minus eos quis tempora nihil.',16),(67,'Dolorem sunt sit aut enim pariatur rerum.','1983-10-29 07:42:17','Corrupti aut aut est quos soluta. Voluptate quia nihil eveniet eligendi nostrum a officia. Sapiente laboriosam ex nesciunt dolore. Unde sit labore deleniti atque aut.',17),(68,'Sit debitis ex modi sint nostrum qui sequi.','2007-05-13 04:56:47','Quasi qui harum blanditiis. Ipsa et est earum aliquid sunt aut. Reiciendis vitae asperiores sunt aperiam doloribus error aut.',18),(69,'Vero recusandae soluta eos dolores quaerat officiis laudantium.','1977-08-21 16:54:04','Adipisci ea sit veniam quas facere beatae porro. Rerum qui fugit id molestiae nemo id. Quia modi voluptatibus consequatur impedit nostrum repellat.',19),(70,'Rerum qui quibusdam numquam alias ut.','1973-02-08 13:04:09','Quis qui suscipit optio consequatur qui quidem quia. Dolor et facere asperiores consectetur. Dolore non non laudantium ut quod. Quia repellat et vel dolores sed fugit quod esse.',20),(71,'Et ipsam quasi saepe sed rerum.','1972-06-13 07:29:02','Non nihil itaque nemo necessitatibus vitae inventore. Est molestiae sed officia hic dicta et. Magni porro quia qui veritatis ut sit aut magni. Repellat voluptate consequatur qui qui unde.',21),(72,'Laborum neque ipsa voluptatibus et occaecati.','2006-10-29 14:25:41','Molestiae ipsum aperiam dicta tempora et quasi. Qui voluptatem consequuntur dolor est voluptas alias in.',22),(73,'Velit iste praesentium minima dolorum itaque expedita aut vero.','2004-05-16 01:21:46','Dolor illo laborum quibusdam voluptas et. Omnis eum ab recusandae quia est expedita. Eum libero corrupti quo nihil esse veniam.',23),(74,'Rerum aut ut ipsum consequuntur vitae laborum qui.','1993-06-06 20:20:26','Nihil consectetur suscipit cum modi dolores est. Et animi ab placeat quam beatae at. Recusandae est ipsam nostrum sed. Nam aut et doloremque consequatur saepe explicabo.',24),(75,'In aut similique et reiciendis earum voluptatem.','2010-11-22 20:46:55','Corporis laudantium maxime omnis rerum. Sed adipisci illo est ipsum rem. Blanditiis fugit corrupti odio tenetur. Nemo accusantium quia beatae sint.',25),(76,'Ipsam expedita natus ut fugit.','1974-02-05 22:07:54','Reprehenderit molestiae non et ipsa reiciendis. Non perspiciatis quibusdam sed doloremque ut quo fugiat ut.\nPerferendis reiciendis ratione ipsum sit. Et aut omnis pariatur sunt consequatur omnis.',26),(77,'Accusamus natus architecto quasi corrupti quidem.','2013-08-31 11:37:51','Praesentium qui quis excepturi voluptatum eligendi deleniti et atque. Perspiciatis qui impedit maiores ea. Quod velit porro consequatur error quam eius omnis. Veniam adipisci neque qui nihil qui.',27),(78,'Dicta quos eius quia esse.','2008-10-26 17:37:21','Rerum nemo est quo qui voluptas ducimus et. Delectus et voluptatem voluptatem. Voluptatem culpa sed non itaque in ut. Aperiam et dolores hic quis voluptas.',28),(79,'Est exercitationem qui ut voluptas.','2013-10-04 15:22:26','Quis est voluptatem aliquam quasi. Et nulla ducimus rerum tempora aperiam. Unde qui non consequatur.',29),(80,'Cupiditate eum nihil fugit minus ut esse neque.','2008-04-26 05:12:31','Omnis alias maiores et. Dolores rerum dolores rerum consequatur. Voluptatum consectetur rerum molestiae amet itaque. Officiis incidunt commodi aut alias dicta nam earum.',30),(81,'Eos eius commodi error nobis enim tempore veritatis illo.','1970-08-17 00:53:40','Omnis voluptatem occaecati tenetur maxime odit sit fugit. Illum voluptas unde dolores distinctio non similique. Adipisci et quos cum deserunt autem dicta.',31),(82,'Quos repellendus earum illo temporibus distinctio adipisci quo error.','2014-10-14 18:39:21','Incidunt maxime voluptatem mollitia reiciendis dicta sunt minima. Enim atque debitis ipsam. Temporibus repellat et voluptatem iste. Non ut et suscipit est deserunt hic sequi sint.',32),(83,'Magni asperiores ut voluptatem vero.','1992-01-19 02:24:15','Eos quia et minus qui molestiae eum voluptatem. Aut tenetur earum consectetur et. Aut quos suscipit et voluptas assumenda ab. Voluptas ea in quia minus facilis vitae quidem.',33),(84,'Omnis rerum minima vitae praesentium quae odio excepturi dolorem.','1973-12-17 03:36:25','Recusandae consequuntur et corporis veritatis qui dolorem. Asperiores nemo rerum voluptatem repellendus voluptate soluta velit ullam. Blanditiis unde doloremque quia.',34),(85,'Repudiandae excepturi eum atque sequi.','2018-01-14 20:15:23','Et officiis consequatur ducimus ea et. Sint ipsam quasi et et. Sequi praesentium doloremque velit voluptas maxime. Quam accusantium dolor placeat aut.',35),(86,'Iste consequuntur fuga rem rem aut.','2016-11-24 14:52:32','Corrupti est at fuga veritatis deleniti. Inventore amet ut molestias et porro sint qui consectetur. Necessitatibus sit perspiciatis doloribus in. Maiores illo debitis fugit quidem magni.',36),(87,'Molestiae rerum voluptatem odio et illum atque autem dolores.','1970-07-02 12:26:05','Rerum accusamus necessitatibus qui ut dolor. Dolorem facilis cum quo est qui tempore ducimus. Nostrum et omnis nihil ipsam.',37),(88,'Quod voluptatem reprehenderit placeat praesentium omnis molestiae.','1988-03-09 02:58:58','Inventore ipsa explicabo ea. Qui rerum corrupti aut amet. Sit dolores quis sint quod et unde. Quos vero hic dolor dolores dolor. Nam perferendis consequatur beatae ducimus illo dolores.',38),(89,'Quam rerum exercitationem delectus et vero doloribus itaque.','1985-03-24 17:51:39','Consectetur qui voluptates corrupti expedita distinctio. Minus eveniet molestiae tempore. Non possimus sint harum saepe accusamus natus deserunt.',39),(90,'Quia nesciunt quibusdam eaque totam odio inventore.','1992-06-14 14:18:50','Saepe molestiae laudantium quod quis veritatis quia. Qui quos amet sunt quia quisquam dignissimos. Fuga tempore consequatur eius consequatur eum vero.',40),(91,'Deserunt perferendis sit aut.','2018-09-30 22:03:26','Modi esse aliquid harum aut sit voluptatem sint. Est eius voluptates qui et repellat suscipit exercitationem. Repudiandae consectetur asperiores qui excepturi atque.',41),(92,'Vel doloribus fuga tempore nam aut.','1975-03-03 19:34:09','Voluptas qui est facilis ut perferendis laboriosam. Aliquid similique ullam alias nesciunt voluptates et. Qui repudiandae occaecati quia reprehenderit amet vero officiis.',42),(93,'Dicta consequuntur enim maxime quae.','2000-04-18 20:57:21','Harum aliquam quia maiores illo et rem aperiam. Ut sunt facilis id sed deleniti. Rerum sequi pariatur vero laboriosam. Adipisci libero in quia ea.',43),(94,'Necessitatibus cum et enim eos molestiae quam qui.','2015-12-01 19:44:13','Consequatur ad aut accusantium ut dignissimos voluptate dolorum. Fugiat architecto adipisci id commodi in esse dolorum. Qui quia impedit laborum omnis.',44),(95,'Et exercitationem molestiae sapiente velit.','1979-12-07 08:22:45','Dolor occaecati reiciendis neque dolorum quia natus. Excepturi libero debitis beatae commodi dolorum. Odio quisquam voluptatum aspernatur autem earum ab qui.',45),(96,'Omnis sit dicta repudiandae iure.','1994-07-11 09:10:35','Distinctio assumenda voluptate facilis veritatis quia animi. Voluptatem minus nulla ut ad animi. Et temporibus quod dolores a libero dignissimos illum.',46),(97,'Nulla error corrupti molestiae alias sunt pariatur.','2006-04-27 15:50:29','Voluptatibus odit asperiores officia eos. Aut beatae ex sed ut vitae sint. Quo ut et saepe voluptas sunt ut.',47),(98,'Doloremque id deleniti minus debitis.','1991-08-31 03:42:06','Exercitationem dolorum in soluta illum. Cupiditate dolorum laboriosam aliquid dicta consequatur ex placeat. Et alias repudiandae quisquam fugit consectetur. Minima omnis totam est.',48),(99,'Assumenda quis consequatur omnis enim aut sint earum.','1988-07-07 12:26:16','Aliquam ut non excepturi aut hic. Est id hic est veniam omnis neque magni laborum. Nisi velit ad dolor repudiandae provident aut sit.',49),(100,'Rerum ut facilis voluptatum ipsa est excepturi odio.','2006-02-06 02:14:20','Est non quae repudiandae voluptates molestias quia. Dolorem quo velit fuga. Adipisci cum et ad qui. Illum dignissimos sit quae ut rerum corporis nostrum.',50),(101,'Dignissimos expedita quia corporis quaerat eaque sit voluptas.','1979-02-05 15:20:34','Dicta harum qui incidunt molestiae. Ut vero animi rerum consequatur ut similique doloremque. At fugiat labore repudiandae qui impedit. Consequatur aliquid maiores autem doloribus et.',1),(102,'Inventore omnis saepe deserunt aperiam iure error.','2017-05-20 16:35:43','Quo deleniti sit a aut est non reprehenderit. Aperiam error aspernatur cupiditate libero dignissimos vitae. Voluptatibus magni beatae explicabo eius modi. Nam aut dicta tempore hic est nam vel.',2),(103,'Quas odio occaecati doloremque dolore.','2001-01-15 23:02:39','Veniam nihil dignissimos enim et nobis ea culpa. Et voluptates sint neque est. Ea tenetur rerum possimus qui deleniti aut dolor. Ut officia aut sed quia cum qui.',3),(104,'Commodi nisi dolor ut rerum magnam quia quo.','1975-02-05 11:36:59','Ipsam laborum fugit quaerat qui. Explicabo nesciunt dignissimos temporibus nisi qui adipisci. Totam nobis facere nulla rerum. Amet tempore aut fugit quis error est.',4),(105,'Non id repellat tempore provident aut in.','2015-09-22 17:02:17','Quia a omnis reprehenderit qui omnis reprehenderit est. Velit mollitia et repellat.',5),(106,'Aperiam modi perspiciatis accusamus tempora minus at.','1980-05-28 17:43:19','Ullam ea labore eos libero consequatur et et hic. Tempore sequi ut quidem nihil et voluptates. Expedita eos odit consequuntur ex qui nisi. Amet inventore qui sint repellendus iusto et minima.',6),(107,'Inventore tempore ad ut cupiditate est quia.','2004-03-17 09:39:28','Accusantium nisi quos asperiores ut dolorem. Ut et nulla voluptatem est. Ea error voluptates dolorum repellat eos.',7),(108,'Totam facilis asperiores ut provident quae ipsam.','2012-07-12 12:20:41','Cumque ipsam dolores et praesentium eveniet optio delectus. Quis accusamus praesentium molestiae assumenda dolor quo. In voluptatibus voluptatem enim minus.',8),(109,'Odio tempora doloribus esse ea delectus aspernatur hic.','1996-06-20 19:05:39','Nesciunt officia incidunt et eveniet corrupti similique quia. Nesciunt vel excepturi est et. Ea fuga cum voluptatibus esse.',9),(110,'Cumque et dolore quia tempore ab blanditiis ut.','2009-05-08 11:21:26','Officiis velit minima laboriosam quasi exercitationem. Adipisci earum quia omnis ea.\nEveniet alias eius in et qui eos. Quis velit velit vel iure dolorem ex qui. Excepturi architecto dolor ratione.',10),(111,'Minima impedit corporis reiciendis veniam sunt ut voluptatum ut.','1976-10-12 23:47:58','Mollitia velit atque molestiae vel rem officia. Voluptatem quia quis aut cumque laboriosam facilis. Officiis ut deserunt beatae vitae. Blanditiis id sit laboriosam itaque et ut.',11),(112,'Voluptas debitis sit inventore in molestiae odio.','1990-01-12 08:31:12','Rem ad et dolorum iusto. Deleniti tempora quod qui beatae ea. Fuga non odio repellendus et.',12),(113,'Reprehenderit voluptatem laudantium enim natus id.','1985-03-10 23:27:08','Quidem nostrum suscipit et dolores odio quae possimus excepturi. Exercitationem ullam id provident esse vel et impedit officia. Ratione porro soluta et libero.',13),(114,'Nulla laboriosam ea optio laborum nesciunt aut distinctio.','2006-01-20 18:57:33','Dolorem esse ad quidem voluptate cupiditate harum. Molestiae rerum aliquid est odit excepturi cum laboriosam. Non perferendis voluptatem beatae qui minima architecto voluptatem.',14),(115,'Blanditiis et eum velit recusandae reprehenderit.','1971-06-15 09:57:15','Et voluptas adipisci est mollitia quia id. Omnis quia facere quos sit quae. Iste sit amet est velit et. Facere fugit adipisci modi aliquid optio odit quia eos. Eius repudiandae hic iure ea.',15),(116,'Labore veniam tempora quia voluptatem non.','1993-11-08 23:28:25','Voluptas dolores et est eos sed ratione est. Ut tempora maiores necessitatibus quam. Odit omnis optio dolor eius temporibus.',16),(117,'Corrupti architecto aliquid ipsa.','1995-04-09 11:26:20','Officia optio sequi ut doloremque blanditiis. Temporibus tempora quis quae est nobis voluptas. Optio unde natus autem est.',17),(118,'Ut tempore omnis minima sed autem et totam.','2004-07-27 06:30:48','Enim non ratione saepe. Quo et nobis natus quos sint ut assumenda. Ullam eaque quidem autem harum et. Pariatur ad ut aut sunt dolor.',18),(119,'Illum aperiam et saepe repellat nesciunt qui consequatur in.','2001-07-26 08:34:23','Itaque illum tempora mollitia officia sit deleniti eos. Voluptate earum et voluptatem possimus facere aliquid omnis sit. A natus quis exercitationem accusamus impedit.',19),(120,'Harum est et voluptas numquam eaque perspiciatis.','1999-07-15 06:14:32','Aut aut nobis quia et dolores. Possimus id ad accusamus maiores enim. Aut illo ullam odit exercitationem. Eius dicta inventore et nam aut ex ratione.',20),(121,'Et dignissimos rem et quo.','1984-09-13 20:49:11','Placeat illum sint quam tempora voluptatem sapiente. Voluptatem voluptas et ut. Dolor qui ea molestias quod.',21),(122,'Aut autem qui atque rerum iusto incidunt.','2013-12-27 05:52:56','Possimus et ea sunt accusantium error ipsa. Quod delectus quasi deleniti aut aut quia possimus. Sint sit maxime magni incidunt qui voluptatem aliquid.',22),(123,'Laboriosam sed libero sapiente sapiente.','1998-10-11 10:24:21','Natus ipsum maxime qui natus odit rerum officiis. Soluta nisi cumque sit fugiat distinctio. Officia omnis eum minima in fugit ut.',23),(124,'Iusto libero atque odit perferendis.','1976-09-22 13:17:47','Et ratione molestias quasi cupiditate quas et tenetur. Velit laborum ea eum delectus aut nostrum natus. Omnis a omnis qui modi nisi libero.',24),(125,'Harum natus unde error.','1983-02-14 01:31:49','Incidunt ut perspiciatis quia corporis. Quo voluptas molestiae accusamus. Ullam esse sint sunt unde quidem ex. Distinctio fuga consequatur itaque praesentium accusantium.',25),(126,'Veritatis soluta non aperiam.','2014-10-11 10:20:13','Aut eaque aut minima tempora quia officia unde. Voluptatem dolore voluptas magnam et iure iusto. Officia sunt fugit iste eveniet laborum.',26),(127,'At molestias ad nesciunt reprehenderit ipsum ut et.','2001-07-25 06:16:45','Dolor quas voluptas qui sit similique. Quo earum et mollitia. Voluptates praesentium dicta ut magnam. Consequuntur veritatis aut dignissimos ut distinctio molestias debitis.',27),(128,'Eum dolores eveniet et inventore nostrum quis.','2018-10-16 23:09:30','Quas minus id magni nostrum neque eligendi quisquam. Consequatur et officiis eum magni libero dolorem.',28),(129,'Dignissimos labore accusantium velit perferendis.','2013-09-22 01:36:40','Suscipit minima pariatur maxime qui aut illum nisi. Consectetur ut in qui doloribus quam exercitationem sequi.',29),(130,'Rerum saepe fugiat quos est maiores.','2019-02-07 09:42:47','Neque accusamus animi ut. Nihil voluptatum et est quo. Ad sint molestiae nisi assumenda.\nAut et quia qui et. Animi ut voluptatem consequatur.',30),(131,'Inventore eos quam ut nobis quas explicabo reiciendis.','2013-01-18 02:35:47','Itaque ea cum velit ut aut est. Quia ut omnis sequi esse architecto molestias nihil.',31),(132,'Quo pariatur dolor alias ut atque porro.','2000-01-27 16:41:28','Omnis molestias soluta accusamus similique nesciunt velit. Vero et architecto eaque non deleniti a. Fugiat recusandae dolor labore eum esse.',32),(133,'Qui ratione sed aspernatur nobis perferendis est.','1991-02-11 04:49:17','Optio et cumque quis magnam voluptas. Hic nesciunt rerum suscipit rerum totam. Expedita esse qui eaque animi assumenda officiis hic minus.',33),(134,'Ipsa enim dolore nesciunt aut.','2005-03-07 03:23:37','Nulla eius et quia. Quas ratione quis enim. Et assumenda est et sequi quisquam. Quaerat omnis enim magni at praesentium. Similique qui accusamus quidem.',34),(135,'Ipsa minus autem id quos sit laborum sunt.','2006-06-25 11:24:08','Reiciendis aut laboriosam delectus deserunt eaque quo autem. Et voluptatem totam suscipit inventore iste et. Voluptatem placeat nesciunt ipsam autem. Consectetur enim quasi quia.',35),(136,'Quidem blanditiis odit iusto nobis qui nemo.','1997-01-05 13:23:50','Quis quod sequi dolore voluptatum dolor aut aperiam. Iste non mollitia eos. Labore facere consequuntur consequuntur sit.',36),(137,'Velit aut voluptatem sint voluptatem molestias.','2011-03-01 11:22:27','Provident sit nobis voluptas. Suscipit odio voluptatem dicta temporibus unde. Quae soluta illo possimus et aperiam doloribus praesentium. Incidunt voluptatem voluptas ut veniam.',37),(138,'Voluptatibus voluptatibus cupiditate culpa molestias.','1981-01-13 12:02:12','Et perspiciatis sit amet accusamus. Enim est voluptate at. Aliquid culpa voluptatibus nisi ut. Recusandae iste alias magnam voluptatem.',38),(139,'At aut id inventore earum quia et veritatis.','2001-08-15 14:51:44','Quibusdam doloribus vero vel cumque. Id sequi consequatur repellat itaque nihil est ullam. Quaerat ea quia ipsum delectus.',39),(140,'Qui dolores cupiditate qui nostrum explicabo.','1998-02-28 03:32:47','Harum voluptates consequatur odio occaecati possimus. Atque nostrum reprehenderit nemo perspiciatis sit in nam. Voluptas perspiciatis qui occaecati similique.',40),(141,'Dolor provident iusto numquam.','1991-12-05 19:20:32','Dicta quos itaque cupiditate sit molestiae fugit sit. Autem non dicta cupiditate repudiandae totam dolor cupiditate. Odit recusandae id tempore sapiente quae aut.',41),(142,'Eveniet harum fugiat aliquam inventore qui ullam adipisci.','1994-08-25 18:13:19','Enim repellendus tempore est unde. Minima quam quis provident et porro laudantium illo. Voluptate omnis dolores minima. Aut laborum dolorum omnis laborum eius deleniti aliquam.',42),(143,'Voluptas iusto et voluptatem fugiat animi.','1992-06-24 07:29:17','Consectetur sint tempore reiciendis nostrum voluptatem nobis. Voluptas odio et culpa ut at. Dolores et quam sequi molestiae tempore ducimus. Distinctio ut accusamus sint omnis impedit vitae.',43),(144,'Voluptatum et iusto perspiciatis ea illo culpa et.','1982-01-02 13:47:36','Et molestiae officia assumenda voluptas qui sunt est. Deleniti et in earum amet maxime dicta.',44),(145,'Delectus qui perferendis similique enim velit voluptatum fuga.','2005-04-09 01:40:24','Et modi voluptatem et quibusdam et. Autem dolore a nesciunt odit rerum alias. Aut debitis rerum exercitationem voluptas. Corrupti minima in est maiores blanditiis omnis.',45),(147,'Delectus iusto vel error nihil qui quos.','1989-02-18 06:05:42','A enim animi enim cumque nisi hic rerum. Aut id magni commodi fugiat consequatur vero. Cumque rerum voluptate sed consequuntur reprehenderit ea harum.',47),(148,'Suscipit veritatis et rerum sapiente.','2015-06-19 15:03:36','Distinctio aut esse natus amet minus vitae est. Praesentium quam architecto voluptas. Quasi quaerat culpa voluptatem.',48),(149,'Voluptatum commodi fugiat eius ratione et amet.','1974-01-13 15:15:24','Ullam tempora vel quia vero quis sint veniam. Beatae atque consequatur quia sit libero et veniam. Ea quis ut nisi iusto.',49),(150,'Omnis consequatur dolore voluptas labore laboriosam quod rerum sit.','2018-01-15 06:19:59','Et eos rem unde nam. Laboriosam a recusandae optio. Vitae in commodi mollitia illo non eos tempore. Et occaecati quibusdam est omnis. Ut molestiae odio dignissimos fugiat.',50),(151,'Excepturi quisquam qui sed laudantium eveniet.','1982-06-02 22:12:29','Enim omnis vitae sit quis voluptatibus. Voluptatem omnis nemo voluptas dolorem. Ut perferendis ut enim esse repellat.',1),(152,'Ducimus dignissimos quam facilis voluptatem.','1984-01-15 05:37:45','Id voluptas ut fugiat natus quam consequatur et. Et minus ea rem ut et est recusandae.',2),(153,'Praesentium consectetur omnis architecto repudiandae explicabo iste minima.','2018-05-20 16:46:31','Minima expedita porro officiis reprehenderit. Deleniti libero facere deleniti cumque qui ut et. Tempora molestias nemo at et ad.',3),(154,'Distinctio temporibus accusamus voluptas expedita.','1980-07-10 09:57:27','Rerum aliquid molestias ut et. Pariatur nisi eaque doloribus excepturi aliquam.\nUt nulla non aperiam et qui odit soluta. Eaque consectetur occaecati dolorem quos expedita id.',4),(155,'Magni ipsum reiciendis ut consequuntur quidem.','1980-08-06 05:49:54','Repellat sint quasi repellat dolorem accusamus voluptatem eos. Laboriosam enim deserunt ut nisi et. Consequuntur enim quo nam aut tenetur a. Labore dolorum qui vel nisi id sunt.',5),(156,'Ipsum possimus harum blanditiis porro.','1973-02-08 04:35:47','Praesentium est qui ratione eum repellendus repellat ut. Dolor quod deleniti non. Sed voluptas molestiae quia.',6),(157,'Cupiditate provident numquam eos maiores dolore nulla.','1976-05-23 18:45:11','Repellendus exercitationem est et sint porro. Amet voluptas deleniti aut voluptate quos ducimus. Nostrum rerum ut qui aliquam occaecati. Sed deleniti laborum vero ut.',7),(158,'Unde facilis facilis nulla alias.','1970-08-16 06:27:09','Minus non dolor ipsam et. Aliquid nobis rerum ut non. Et quidem molestias voluptatem sunt sunt fuga.',8),(159,'Qui repellendus sint cum in dolor.','2008-04-11 04:10:04','Error assumenda voluptates quo eum accusamus quis. Consequatur ex sequi et. Dolorum ducimus architecto ab veritatis accusamus et sed. Ratione dolores debitis quia incidunt vero amet non.',9),(160,'Nesciunt dolor animi autem ex laboriosam.','2009-03-10 23:27:13','Omnis dolores incidunt sapiente. Similique nihil cumque quae. Aut et consequatur nesciunt tempore. Nihil et enim sed consequatur quas est.',10),(161,'Voluptatum tenetur totam maiores molestiae.','1971-01-29 04:48:10','Voluptatum maiores quas vel ut accusamus eligendi molestiae. Autem neque quidem nam dolore. Cumque quidem ipsum vero et. Dolorem harum distinctio optio incidunt doloribus recusandae numquam.',11),(162,'Mollitia fuga excepturi voluptatem unde optio eos.','1984-09-14 03:07:03','Ipsa necessitatibus dolor a omnis aut voluptas aut. Debitis provident veniam et vero. Ea voluptas cum distinctio iusto sunt.',12),(163,'Est optio unde quo doloribus quas dolores quia soluta.','2019-02-15 21:46:22','Possimus laborum qui laborum qui. Et molestias quaerat porro magnam. Harum laborum similique voluptatem ut.',13),(164,'Aut nihil quasi sed.','2003-07-25 04:14:48','Laboriosam ea nobis dolores ea sed est ad rerum. Est ducimus aliquid impedit quae. Sint soluta quam magnam tempora tempora ea.',14),(165,'Esse debitis et est sapiente sed ratione.','2001-06-21 13:09:45','Unde quas sunt dolorum nam autem. Necessitatibus enim cumque quia ut sunt nam. Maxime saepe non quo officia explicabo ut.',15),(166,'Sit facere commodi quia ut.','1971-09-20 19:32:05','Rem illum omnis est error et magnam ipsa. Ut odio est nostrum vel error. Sunt repudiandae magni et deserunt. Ut et corrupti occaecati commodi.',16),(167,'Voluptates et deserunt qui est iure iste.','1986-07-29 16:13:01','Quas id fuga et minima. Distinctio rerum error laudantium dolorem.',17),(168,'Saepe aut ea nihil suscipit necessitatibus culpa labore.','1999-06-17 13:19:45','Ipsa porro molestias illum est necessitatibus ut. Non libero porro fuga autem eos qui. Minima nihil aut et qui. Perferendis reprehenderit sequi sit ut aut dolore.',18),(169,'Odio porro voluptas nobis temporibus.','1976-10-12 11:10:36','Voluptas sunt sit ipsam voluptatem quo consequatur. Occaecati molestiae ut repellendus sunt totam. Iusto est molestiae at est.',19),(170,'Cum praesentium ipsam excepturi.','2017-05-04 16:01:00','Optio quos voluptas aliquid. Et et numquam non molestiae. Dolore ut laborum iure. Consequatur deleniti id dolorem sint quia minima architecto.',20),(171,'Quis aliquid exercitationem inventore magni et sit quia.','1993-04-24 06:30:39','Aut deleniti aut sed molestiae. Deserunt sed similique dolor dolorem tempora rem. Amet qui nulla qui qui. Dolor dolor perspiciatis consectetur numquam illo. In ipsa animi consequatur culpa autem.',21),(172,'Praesentium corporis aliquam odit autem et voluptatem.','1990-09-04 13:52:48','Ipsam nam fugiat aliquid harum eos. Sit voluptates illum doloremque qui in aut molestiae et. Earum reprehenderit dolorem sed tempora fuga voluptas.',22),(173,'Deserunt eum ad velit nam dolorem excepturi necessitatibus.','2013-02-11 11:06:06','Doloribus quas repellendus dolor harum ut dolor exercitationem. Voluptatem nulla cupiditate vel et accusamus doloremque. Iste numquam vero sapiente ut repudiandae. Quia omnis minus quia cumque sed.',23),(174,'Molestias dignissimos voluptas odit fugiat qui.','1971-12-19 04:21:06','Vero ad quisquam atque quia facilis porro. Molestiae esse maxime aut hic nemo iste. Ullam ducimus ut voluptate incidunt eos.',24),(175,'In quidem ipsa est sapiente modi.','1985-10-30 19:34:25','Expedita in sequi illo nulla dolor id voluptas. Recusandae dolor sunt quae esse impedit ex. Et voluptate debitis soluta culpa.',25),(176,'Et quasi nostrum aut architecto neque.','2004-11-20 20:17:25','Ut quasi quo aut quia ut. Nemo cum aperiam aut eos non. Ut delectus laborum distinctio sint ut.',26),(177,'Dignissimos nobis natus corporis fugiat.','2011-10-24 01:43:56','Dignissimos consequatur eos vel. Incidunt ipsa hic facere et. Sit iusto reiciendis rerum ipsa sint illum.',27),(178,'Modi et quia quia dolor quam consequatur in.','2016-08-26 07:33:37','Beatae voluptate exercitationem et et. Voluptates et laboriosam dolorem ipsa porro laborum.',28),(179,'Ut sunt qui quas facilis.','2004-11-14 19:44:28','Dolore quia vitae dolorem accusantium. Facilis voluptas magni nulla eum. Quas maiores corrupti est qui perspiciatis quis quia. Et aut sint ipsum commodi qui maxime asperiores.',29),(180,'Culpa omnis aliquam voluptas reiciendis pariatur.','1972-03-08 14:42:18','Quia et vero consequatur omnis. Ut qui hic excepturi. Voluptatem molestiae ea et voluptate illo.',30),(181,'Est quia minus unde quis ducimus nesciunt.','2000-07-12 20:12:45','Assumenda debitis placeat omnis et atque doloribus odit. Vel asperiores tenetur quae cum. Enim autem nulla fuga sunt maiores reiciendis. Alias rerum suscipit numquam qui vel magnam.',31),(182,'Nobis aliquam facilis excepturi placeat et.','1974-07-07 06:39:12','Et beatae eligendi ut est. Debitis sunt omnis sapiente amet officiis. Sit aliquid nemo et iste porro. Qui et at quia autem consequatur et quis.',32),(183,'Sed et quia aut voluptas sit ad.','1970-05-24 14:23:16','Temporibus ea impedit ea voluptates quis. Sequi recusandae vitae explicabo tempore eum facere ab. Dolorem ut vel nemo earum ducimus quos molestiae. Officiis et qui quod ut.',33),(184,'Ut consequuntur delectus et nihil inventore.','2001-04-10 22:49:58','Aspernatur cum repudiandae sed animi debitis est repellendus. Ut ut perspiciatis quisquam beatae et quidem. Excepturi id et odit corporis velit id.',34),(185,'Molestiae quisquam exercitationem et et.','1970-03-02 07:56:22','Et qui sit eaque minima sed consequatur. Ad laborum esse hic non doloribus similique. Ex nisi sit in quas ea optio voluptatem facilis. Est nostrum quidem repellat ut aliquid.',35),(186,'Eum qui excepturi aut.','2004-03-11 09:49:20','Voluptatibus eos tenetur tenetur nobis distinctio sed expedita. Quibusdam ipsum nisi vel iste molestiae eligendi nihil explicabo. Nihil veritatis in tempora tempore.',36),(187,'Ducimus quo quia provident impedit vero unde et.','2017-10-27 04:51:29','Fugiat molestias rem voluptatem eum harum ipsum non. Dolores hic et eius officia accusamus. Quia in labore aut ea ut ut sit. Magni repellat illo neque.',37),(188,'Nihil nulla laudantium numquam.','1983-11-02 05:41:02','Est quasi sint corporis quae quidem. Aspernatur in eos qui eos enim. Illo deleniti est qui harum maiores ut. Maxime ut saepe enim eveniet temporibus.',38),(189,'Sint vel quis ut voluptas aspernatur numquam.','1985-08-12 03:51:11','Omnis ut quo neque totam quidem consequatur dolorem. Quibusdam et reprehenderit voluptatibus recusandae numquam illo. Illum qui sint et quaerat. Enim cum quia animi aperiam perferendis non.',39),(190,'Aut ut id et magni maxime.','1991-11-01 07:36:54','Hic optio perferendis asperiores odio occaecati. Magni labore rerum excepturi vitae id. Est rem ut rem itaque deserunt ea consequuntur.',40),(191,'Ullam nihil in iste qui maxime corrupti voluptas.','2013-05-04 06:45:48','Eos laboriosam tempore velit rerum cum. Quaerat qui distinctio hic sed. Tempora est ullam reprehenderit recusandae fugiat suscipit deleniti distinctio.',41),(192,'Et laboriosam aut in tenetur.','2004-12-24 10:10:28','Vero ut velit molestiae neque non aut. Enim ex consequatur rerum deserunt. Soluta totam id rerum dolor possimus. Iste aut eveniet sed quaerat velit itaque voluptatem.',42),(193,'Asperiores quisquam minima tenetur voluptatum quae.','1989-08-09 18:19:17','Voluptatem sit laudantium dolores tempora suscipit aut voluptatem nisi. Aut aut aut excepturi reiciendis id. In sequi reprehenderit impedit.',43),(194,'Ducimus dolores fugiat quia in mollitia.','1973-08-09 00:01:45','Consequuntur quod dolorem qui aperiam. Deleniti voluptatem aut qui et aliquam.',44),(195,'Vel molestiae et qui veniam vel voluptate suscipit.','2012-05-12 00:32:16','Et tenetur esse est quo nostrum ut. Reprehenderit officiis ipsam esse odit. Aut ea neque et reprehenderit consectetur. Modi qui quis ea possimus modi.',45),(197,'Labore dolorem earum non voluptas.','1989-06-12 06:05:29','Sapiente minima eum qui exercitationem quia voluptatem omnis. Exercitationem a voluptas commodi dolorem nostrum exercitationem laborum. Laudantium vel et cum autem animi aut.',47),(198,'Magnam cupiditate occaecati eius voluptas ea rerum.','1972-05-21 19:15:54','Voluptas consequuntur eius atque ipsa. Libero iusto non harum quisquam officia. Necessitatibus eum velit blanditiis. Non molestiae ex earum deleniti molestiae quos quaerat.',48),(200,'Aut natus aliquid voluptatem iste non voluptatem soluta.','1979-09-07 06:33:36','Blanditiis aperiam quidem aut id quia eos qui. Incidunt quidem ullam placeat aut. Eligendi dolores atque ut pariatur repellat odit. Consequatur in ut sunt reprehenderit itaque.',50);
/*!40000 ALTER TABLE `post` ENABLE KEYS */;
UNLOCK TABLES;

--
-- Table structure for table `rating`
--

DROP TABLE IF EXISTS `rating`;
/*!40101 SET @saved_cs_client     = @@character_set_client */;
/*!50503 SET character_set_client = utf8mb4 */;
CREATE TABLE `rating` (
  `rated_user_id` int(10) unsigned NOT NULL,
  `rated_by` int(10) unsigned NOT NULL,
  `value` smallint(6) NOT NULL,
  `date_time` datetime NOT NULL,
  PRIMARY KEY (`rated_user_id`,`rated_by`),
  KEY `rated_by` (`rated_by`),
  KEY `rated_user_id` (`rated_user_id`),
  CONSTRAINT `rating_ibfk_1` FOREIGN KEY (`rated_by`) REFERENCES `user` (`uid`) ON DELETE CASCADE ON UPDATE CASCADE,
  CONSTRAINT `rating_ibfk_2` FOREIGN KEY (`rated_user_id`) REFERENCES `user` (`uid`) ON DELETE CASCADE ON UPDATE CASCADE
) ENGINE=InnoDB DEFAULT CHARSET=utf8 COLLATE=utf8_unicode_ci;
/*!40101 SET character_set_client = @saved_cs_client */;

--
-- Dumping data for table `rating`
--

LOCK TABLES `rating` WRITE;
/*!40000 ALTER TABLE `rating` DISABLE KEYS */;
INSERT INTO `rating` VALUES (1,23,4,'2016-06-05 13:05:36'),(2,2,0,'2018-01-21 02:41:25'),(2,52,2,'1986-10-05 15:46:14'),(3,10,5,'2006-12-15 22:36:36'),(3,77,2,'2007-08-28 21:02:38'),(5,53,3,'1989-05-19 09:03:45'),(5,65,0,'2011-03-19 00:08:48'),(5,95,3,'1980-05-20 20:53:46'),(6,30,0,'1995-08-28 19:35:42'),(6,32,4,'1986-02-25 16:15:58'),(7,10,2,'1998-02-17 16:44:50'),(7,27,2,'1989-07-10 05:21:09'),(8,51,1,'1978-06-20 05:38:21'),(8,77,0,'2004-08-07 15:51:14'),(8,93,3,'1977-04-25 04:25:49'),(9,35,4,'1992-09-24 06:08:29'),(9,38,1,'2006-05-06 14:18:04'),(9,46,1,'1985-09-22 01:03:54'),(10,70,1,'1986-05-18 03:08:44'),(11,27,4,'1971-12-06 11:26:44'),(11,100,4,'1995-07-21 21:10:52'),(13,19,3,'2010-04-16 19:19:01'),(14,10,3,'1989-06-21 10:11:47'),(14,51,3,'2006-05-14 19:40:57'),(14,56,3,'1981-10-03 15:15:16'),(15,8,5,'2002-10-13 01:27:44'),(15,11,1,'1974-11-25 10:59:50'),(15,43,5,'1976-08-17 21:24:41'),(16,21,2,'1982-09-11 11:40:33'),(16,33,0,'1975-03-15 18:27:07'),(16,54,4,'1974-07-13 06:38:36'),(16,96,4,'1980-03-11 08:47:39'),(17,31,1,'2008-02-10 00:12:37'),(17,62,2,'2018-04-23 09:43:26'),(18,16,2,'2003-08-29 14:23:09'),(18,36,5,'1991-09-23 07:05:45'),(19,91,4,'1989-05-21 17:10:15'),(20,62,4,'1978-04-07 11:32:25'),(20,69,3,'2007-02-21 05:39:40'),(20,85,1,'2013-09-10 17:06:08'),(21,53,2,'2010-09-14 07:30:27'),(21,78,0,'2015-04-19 09:16:16'),(22,43,1,'2011-11-27 04:31:09'),(23,39,5,'1991-11-17 21:10:22'),(23,75,5,'2015-01-26 05:51:14'),(23,99,0,'1979-09-15 11:48:45'),(24,17,0,'1976-02-02 20:31:28'),(24,27,3,'1978-04-06 10:06:49'),(24,91,4,'2014-12-12 08:29:39'),(24,95,4,'2011-01-01 05:11:49'),(24,100,5,'1989-07-23 15:08:04'),(25,11,2,'2009-08-21 01:23:00'),(25,34,5,'2003-09-01 08:55:53'),(25,59,2,'2004-02-06 11:00:36'),(25,75,1,'1990-04-14 10:37:15'),(25,77,5,'2010-08-04 22:05:34'),(26,16,2,'1982-02-04 19:08:19'),(26,53,2,'1981-08-14 10:13:20'),(26,74,2,'1999-05-07 17:32:20'),(27,26,3,'2016-11-17 11:25:35'),(27,39,0,'1990-07-21 01:38:50'),(27,62,3,'1971-07-05 11:14:39'),(28,18,2,'1980-08-16 14:55:27'),(28,40,2,'1984-07-31 03:33:54'),(28,74,0,'2011-01-30 03:50:24'),(28,87,1,'1993-07-09 15:23:10'),(29,40,2,'2010-03-16 06:56:21'),(29,90,4,'2004-12-11 12:19:21'),(29,91,0,'1970-12-11 03:40:56'),(30,29,1,'1983-11-14 09:49:38'),(30,32,2,'1982-06-15 00:34:33'),(31,100,5,'1973-04-17 11:33:05'),(32,31,1,'2012-04-05 02:10:01'),(32,97,5,'1972-04-15 23:18:27'),(33,61,2,'1993-11-18 05:56:20'),(34,44,4,'1991-08-30 13:35:30'),(34,64,0,'1989-11-20 12:07:33'),(35,57,3,'1999-09-24 05:32:46'),(35,69,3,'2014-05-22 09:21:25'),(36,25,5,'2010-01-08 19:37:58'),(37,58,1,'2014-11-16 08:33:20'),(38,53,3,'2005-02-11 19:21:53'),(38,83,0,'2013-09-30 02:25:27'),(39,64,3,'1999-01-05 11:12:29'),(40,35,0,'1977-06-01 12:51:23'),(40,65,3,'2015-10-04 18:43:57'),(40,81,4,'2009-01-18 22:17:33'),(41,53,5,'2002-08-08 07:40:18'),(41,79,2,'1970-11-21 21:28:19'),(42,47,2,'1970-10-06 00:58:39'),(42,51,1,'1995-09-06 19:39:38'),(42,67,5,'1970-08-24 10:39:44'),(43,94,5,'1995-05-06 10:40:17'),(44,74,0,'2014-09-22 22:36:08'),(45,50,5,'1974-07-11 09:51:13'),(45,66,4,'1977-06-01 15:45:30'),(45,79,4,'1997-04-27 00:41:45'),(46,6,4,'2006-10-29 01:36:47'),(46,26,3,'1974-07-10 11:51:16'),(47,46,5,'2006-04-27 21:08:51'),(47,50,0,'1994-01-21 20:35:09'),(47,64,4,'1991-01-10 12:17:49'),(47,78,2,'1988-02-11 01:59:24'),(48,59,5,'1970-09-06 16:22:56'),(48,86,3,'2013-07-11 17:16:22'),(49,50,5,'2000-06-04 06:33:22'),(50,30,2,'1983-07-06 10:00:45'),(50,57,2,'1983-08-30 13:03:11'),(51,15,4,'1987-10-02 03:15:41'),(52,48,3,'1970-05-15 16:30:38'),(52,62,2,'1999-09-22 06:11:35'),(53,11,1,'2011-07-24 03:00:21'),(53,100,5,'1989-08-23 17:01:49'),(54,27,2,'1976-04-08 13:56:58'),(55,33,3,'1973-04-11 05:02:25'),(55,42,0,'2002-04-01 16:29:04'),(55,51,3,'2011-12-16 03:32:16'),(56,32,2,'2015-02-16 22:05:42'),(56,84,4,'1995-11-20 05:49:38'),(57,16,4,'1981-02-16 15:12:26'),(57,82,1,'1979-11-05 06:37:02'),(57,90,0,'1971-09-08 13:41:27'),(58,28,2,'1978-02-13 19:23:57'),(58,67,4,'2009-09-15 03:07:39'),(59,52,0,'1978-03-22 18:53:31'),(60,66,5,'1997-04-20 16:59:03'),(61,31,1,'2016-08-13 16:14:23'),(61,89,3,'1994-12-22 03:05:31'),(62,14,4,'1989-02-10 13:41:18'),(62,83,4,'1978-08-23 06:36:13'),(63,13,2,'1975-04-12 15:24:50'),(63,15,3,'1987-08-15 02:38:18'),(63,23,3,'2003-04-13 02:49:53'),(63,46,4,'1991-09-07 05:27:44'),(64,15,5,'1999-06-08 23:51:34'),(64,51,5,'2001-02-21 08:47:45'),(65,70,2,'1973-07-31 08:41:22'),(65,90,2,'2005-02-01 16:11:59'),(66,65,2,'2006-04-04 14:59:11'),(66,71,2,'1974-01-29 23:05:25'),(67,48,0,'1970-10-21 03:13:01'),(69,51,5,'1992-08-17 05:34:48'),(70,59,3,'2011-07-22 18:02:44'),(71,4,5,'2018-03-11 00:57:53'),(72,68,0,'2017-11-17 02:12:48'),(72,74,5,'1973-06-11 12:08:37'),(73,18,0,'1993-03-01 13:17:55'),(73,94,5,'1982-06-13 04:41:15'),(74,43,2,'1996-04-20 14:12:06'),(75,5,5,'1975-05-18 20:18:15'),(75,89,3,'2000-11-29 11:42:07'),(76,38,3,'2005-01-23 17:35:55'),(77,66,0,'2017-02-23 01:09:23'),(77,83,5,'2011-01-20 00:01:35'),(79,38,0,'2003-12-21 17:25:28'),(79,62,0,'2018-10-31 11:32:58'),(79,81,2,'1978-09-12 05:41:24'),(80,8,4,'2012-12-22 20:55:33'),(80,58,4,'2016-07-17 21:46:37'),(80,91,1,'2012-07-31 02:20:45'),(81,4,3,'2005-10-02 23:36:19'),(81,12,1,'2018-09-23 10:55:45'),(81,89,5,'2011-03-31 07:01:15'),(83,57,3,'1982-05-10 14:04:45'),(84,34,4,'1994-06-09 21:28:57'),(86,42,2,'1988-05-31 21:29:40'),(86,99,0,'1978-02-16 22:58:57'),(88,45,3,'2000-06-08 08:14:29'),(88,49,2,'1977-11-02 01:06:02'),(88,64,1,'1976-12-12 01:54:20'),(88,70,3,'1979-06-27 05:39:07'),(89,19,5,'2002-05-15 14:02:52'),(89,90,1,'1994-10-20 13:02:49'),(90,2,2,'2019-05-17 15:29:54'),(90,30,5,'1974-04-27 05:45:07'),(90,57,4,'1985-01-25 22:04:43'),(91,71,5,'1983-08-11 22:09:08'),(91,84,4,'2018-09-23 17:17:11'),(91,88,3,'2017-03-11 17:37:59'),(92,41,0,'2012-03-03 07:12:43'),(92,76,2,'2014-10-27 04:23:41'),(92,79,1,'2007-03-31 01:04:14'),(92,88,1,'2018-04-22 23:02:25'),(92,97,3,'2013-06-11 02:22:16'),(94,75,1,'1983-10-21 00:47:30'),(95,42,2,'1996-02-24 10:29:21'),(95,48,3,'1994-05-14 04:02:55'),(95,84,2,'2005-01-16 05:37:00'),(97,24,1,'1980-07-26 03:38:50'),(97,93,4,'2014-02-27 02:02:39'),(98,81,5,'2008-03-03 21:53:54'),(99,13,1,'1972-09-16 21:48:12'),(99,28,2,'1979-11-05 21:04:10'),(99,40,0,'2004-12-19 16:36:31'),(99,77,0,'1996-08-03 10:23:33'),(100,8,1,'2016-01-07 01:24:09'),(100,31,4,'1998-02-01 11:29:18'),(100,43,1,'2010-04-30 02:17:25');
/*!40000 ALTER TABLE `rating` ENABLE KEYS */;
UNLOCK TABLES;

--
-- Table structure for table `role`
--

DROP TABLE IF EXISTS `role`;
/*!40101 SET @saved_cs_client     = @@character_set_client */;
/*!50503 SET character_set_client = utf8mb4 */;
CREATE TABLE `role` (
  `name` varchar(45) NOT NULL,
  `uid` int(10) unsigned NOT NULL AUTO_INCREMENT,
  PRIMARY KEY (`uid`),
  UNIQUE KEY `name` (`name`)
) ENGINE=InnoDB AUTO_INCREMENT=5091999 DEFAULT CHARSET=utf8mb4 ;
/*!40101 SET character_set_client = @saved_cs_client */;

--
-- Dumping data for table `role`
--

LOCK TABLES `role` WRITE;
/*!40000 ALTER TABLE `role` DISABLE KEYS */;
INSERT INTO `role` VALUES ('admin',2),('user',1);
/*!40000 ALTER TABLE `role` ENABLE KEYS */;
UNLOCK TABLES;

--
-- Table structure for table `saved_filter`
--

DROP TABLE IF EXISTS `saved_filter`;
/*!40101 SET @saved_cs_client     = @@character_set_client */;
/*!50503 SET character_set_client = utf8mb4 */;
CREATE TABLE `saved_filter` (
  `uid` int(10) unsigned NOT NULL AUTO_INCREMENT,
  `name` varchar(100) NOT NULL,
  `date_time_from` datetime DEFAULT NULL,
  `date_time_to` datetime DEFAULT NULL,
  `owner_id` int(10) unsigned NOT NULL,
  `rating_from` float DEFAULT NULL,
  `rating_to` float DEFAULT NULL,
  PRIMARY KEY (`uid`),
  KEY `owner_id` (`owner_id`),
  CONSTRAINT `saved_filter_ibfk_1` FOREIGN KEY (`owner_id`) REFERENCES `user` (`uid`) ON DELETE CASCADE ON UPDATE CASCADE
) ENGINE=InnoDB AUTO_INCREMENT=2 DEFAULT CHARSET=utf8mb4 ;
/*!40101 SET character_set_client = @saved_cs_client */;

--
-- Dumping data for table `saved_filter`
--

LOCK TABLES `saved_filter` WRITE;
/*!40000 ALTER TABLE `saved_filter` DISABLE KEYS */;
INSERT INTO `saved_filter` VALUES (1,'Sport','2019-11-09 12:49:21','2019-11-12 12:49:28',102,3,5);
/*!40000 ALTER TABLE `saved_filter` ENABLE KEYS */;
UNLOCK TABLES;

--
-- Table structure for table `state`
--

DROP TABLE IF EXISTS `state`;
/*!40101 SET @saved_cs_client     = @@character_set_client */;
/*!50503 SET character_set_client = utf8mb4 */;
CREATE TABLE `state` (
  `name` varchar(20) NOT NULL,
  `uid` smallint(5) unsigned NOT NULL AUTO_INCREMENT,
  PRIMARY KEY (`uid`),
  UNIQUE KEY `name` (`name`)
) ENGINE=InnoDB AUTO_INCREMENT=52 DEFAULT CHARSET=utf8mb4 ;
/*!40101 SET character_set_client = @saved_cs_client */;

--
-- Dumping data for table `state`
--

LOCK TABLES `state` WRITE;
/*!40000 ALTER TABLE `state` DISABLE KEYS */;
INSERT INTO `state` VALUES ('Booked',2),('Canceled',3),('In progress',4),('Passed',6),('Scheduled',1),('Terminated',5);
/*!40000 ALTER TABLE `state` ENABLE KEYS */;
UNLOCK TABLES;

--
-- Table structure for table `topic`
--

DROP TABLE IF EXISTS `topic`;
/*!40101 SET @saved_cs_client     = @@character_set_client */;
/*!50503 SET character_set_client = utf8mb4 */;
CREATE TABLE `topic` (
  `name` varchar(100) NOT NULL,
  `uid` int(10) unsigned NOT NULL AUTO_INCREMENT,
  PRIMARY KEY (`uid`),
  UNIQUE KEY `topic_name_uindex` (`name`)
) ENGINE=InnoDB AUTO_INCREMENT=101 DEFAULT CHARSET=utf8mb4 ;
/*!40101 SET character_set_client = @saved_cs_client */;

--
-- Dumping data for table `topic`
--

LOCK TABLES `topic` WRITE;
/*!40000 ALTER TABLE `topic` DISABLE KEYS */;
INSERT INTO `topic` VALUES ('alias',88),('aliquid',29),('aperiam',19),('aperiamm',26),('architecto',82),('assumenda',83),('at',85),('aut',60),('autem',87),('autt',93),('consequatur',2),('culpa',52),('cumque',72),('deleniti1',74),('deleniti2',11),('deleniti3',14),('distinctio',81),('dolor',96),('dolorem',39),('dolores',9),('doloribus',57),('ea1',47),('ea2',66),('ea3',84),('eaque',23),('enim',49),('enim1',94),('eos',8),('est',12),('et',71),('et1',42),('eum',16),('eum1',98),('eveniet',92),('ex',67),('exercitationem',100),('facere',18),('fuga',91),('fugit',95),('id',78),('illum',73),('impedit',5),('ipsam',6),('itaque',30),('iusto',37),('magni',50),('maiores',54),('minima',20),('minima1',3),('minus',43),('minus1',44),('nemo',56),('nemo1',63),('neque',46),('neque1',68),('nihil',22),('non',77),('non1',27),('non2',59),('non3',62),('nostrum',1),('occaecati',24),('occaecati1',28),('odit',45),('odit1',33),('omnis',48),('omnis1',13),('perspiciatis',36),('perspiciatis1',89),('placeat',17),('possimus',41),('quaerat',40),('quasi',4),('qui',65),('quidem',86),('quis',99),('quis1',35),('quo',21),('quos',38),('rerum',32),('saepe',15),('sed',80),('sequi',64),('similique',25),('sit',58),('sunt',61),('suscipit',55),('tempora',70),('tenetur',34),('unde',31),('ut',76),('veritatis',51),('voluptas',10),('voluptas1',69),('voluptas2',53),('voluptatem',90),('voluptatem1',79),('voluptatem2',75),('voluptatem3',97);
/*!40000 ALTER TABLE `topic` ENABLE KEYS */;
UNLOCK TABLES;

--
-- Table structure for table `user`
--

DROP TABLE IF EXISTS `user`;
/*!40101 SET @saved_cs_client     = @@character_set_client */;
/*!50503 SET character_set_client = utf8mb4 */;
CREATE TABLE `user` (
  `uid` int(10) unsigned NOT NULL AUTO_INCREMENT,
  `email` varchar(200) NOT NULL,
  `password` varchar(61) NOT NULL,
  `firstname` varchar(100) NOT NULL,
  `surname` varchar(100) NOT NULL,
  `registration_confirmed` tinyint(1) NOT NULL,
  `is_deactivated` tinyint(1) NOT NULL,
  `allow_notifications` tinyint(1) NOT NULL,
  `role_id` int(10) unsigned NOT NULL,
  `photo` varchar(300) DEFAULT NULL,
  `description` varchar(500) DEFAULT NULL,
  `location` varchar(500) DEFAULT NULL,
  PRIMARY KEY (`uid`),
  UNIQUE KEY `email` (`email`),
  KEY `role_id` (`role_id`),
  CONSTRAINT `user_ibfk_1` FOREIGN KEY (`role_id`) REFERENCES `role` (`uid`) ON UPDATE CASCADE
) ENGINE=InnoDB AUTO_INCREMENT=108 DEFAULT CHARSET=utf8mb4 ;
/*!40101 SET character_set_client = @saved_cs_client */;

--
-- Dumping data for table `user`
--

LOCK TABLES `user` WRITE;
/*!40000 ALTER TABLE `user` DISABLE KEYS */;
INSERT INTO `user` VALUES (1,'alec31@example.com','27f1f31e2ed49dd30ccb0700d9ea14958b78c215','Keith','Hermann',1,0,0,1,NULL,'Modi alias et accusantium. Repellat est recusandae aut est qui iure ea. Tempore accusamus et corrupti ipsam in temporibus culpa.','Mullerborough'),(2,'demario.medhurst@example.com','396d764addead2dfff90bc327739a7401c773246','Greta','Krajcik',1,1,1,1,NULL,'Perferendis voluptate quis non debitis temporibus. Quos cum voluptas nihil. Nesciunt libero non voluptas magnam sit.','Herminiaport'),(3,'roderick.ferry@example.net','41c156e54595de5263a80a62d44b61de512e8bd2','Curtis','Hane',1,0,0,1,NULL,'Iusto qui aliquid magni corporis ex non eveniet perferendis. Ipsa id ducimus ut est officia quibusdam architecto. Ipsam ex nihil consequatur sed magni at magnam.','Keeblerport'),(4,'gwalker@example.org','006c8d2f80574038189ccc1706e934c7c5e2c9d1','Angelica','Labadie',1,0,1,1,NULL,'Et rerum voluptas vel. Quas distinctio sunt doloremque cum ipsam non quas culpa. Ut harum rerum est nihil porro rerum. Quidem occaecati praesentium consequuntur perferendis.','Port Brainhaven'),(5,'russel.stanton@example.com','80e0a3574fc0c9757c1b2d5de8996047166e62f3','Nick','West',1,0,0,1,NULL,'Ut consequuntur nemo iusto perspiciatis provident aut quo. Est sapiente dolorem eum saepe. Unde voluptas ipsum ea suscipit quasi veritatis.','Mayaside'),(6,'murazik.johnathon@example.org','fcd7f55db6c5a0b32511972bcf9d8342da76c4f4','Muriel','Stehr',1,0,1,1,NULL,'Suscipit sunt vel praesentium dignissimos quia rerum nemo saepe. In occaecati voluptatem qui doloribus.','Erdmanside'),(7,'imogene.harvey@example.com','4961a619c1bab0a4df98179916fe4e0c4d532f76','Nikolas','Schuster',1,0,0,1,NULL,'Cumque velit aut quibusdam dolor reiciendis impedit similique. Dolorem doloremque aut dicta rerum id minus unde sed. Eius culpa nihil consectetur. Voluptatem sunt alias eligendi nam alias dolorem voluptatibus.','North Emeliabury'),(8,'josue.spencer@example.com','7e1877257f77838d3fc5bc928d762d3b4a5cd71b','Jordane','Towne',1,0,0,1,NULL,'Ea qui culpa iure dolores nobis. Provident itaque voluptatem et adipisci quaerat reprehenderit. Ratione ea officia vitae sapiente sint consequatur. Perspiciatis voluptatem voluptas distinctio culpa quisquam minus.','East Ali'),(9,'guido69@example.com','9bb2a053263b932dab57fbf347f04a26160ac972','Jose','Breitenberg',1,0,0,1,NULL,'Consequuntur esse assumenda excepturi libero ut. Perspiciatis autem qui omnis voluptate laborum voluptates quia. Iste culpa ipsum adipisci ea harum deleniti nemo.','Diannatown'),(10,'agustin.shanahan@example.org','512247f87655b78b58021d572b808a8dcf50ba5b','Allison','Trantow',1,0,1,1,NULL,'Rerum quam saepe aliquam. Eius ipsam laudantium cupiditate. Est nostrum quasi dolore architecto veritatis labore quisquam. Ut qui tempore deserunt fugiat occaecati autem.','Gislasonside'),(11,'west.kiel@example.org','7869ba88cd2215482f14b69ca389912f67bd6acc','Bella','Hand',1,1,0,1,NULL,'In quibusdam excepturi mollitia suscipit dolor voluptatibus. Ut saepe iure facere delectus excepturi. Facilis assumenda a dolore nobis architecto beatae. Doloremque eligendi assumenda voluptas tenetur aut consequatur.','Stokesshire'),(12,'mina.schinner@example.org','a8c9678fb2c057639882792a966b61239bfd315b','Percival','Gerlach',1,0,0,1,NULL,'Ipsa quae delectus voluptatem sunt eligendi. Est occaecati in sequi nobis. Animi reprehenderit vel suscipit sint. Dolorem aut neque asperiores commodi.','Kendallborough'),(13,'bobby49@example.com','0b3826aff642be591fe038665c4123fc44373900','Alford','Nitzsche',1,0,0,1,NULL,'Sit dolorem quod a eos omnis asperiores. Tenetur consequatur eaque quaerat. Eum quam optio in tempora itaque quas natus. Quibusdam unde repudiandae et a.','New Myron'),(14,'dustin18@example.net','257319d2eeeac68d2b9a433ce1d90a68fe8c6531','Karli','Jacobs',1,0,1,1,NULL,'Quo doloremque dolor tempore magnam nisi. Praesentium dolorem et reprehenderit aut distinctio quas. Ratione recusandae ipsum saepe explicabo nam.','South Wendell'),(15,'lbalistreri@example.net','4e0c72a492c01132ffdc34dfb40b283c64aa1e7f','Salvador','Blick',1,0,0,1,NULL,'Voluptatem non quasi ut iure eos qui. Enim quas ab iste. Esse doloribus deserunt sint alias sit dolorem quis.','Barbaraborough'),(16,'jacobson.demarcus@example.net','ea7b553734919a0501c12cf31cf24ca4faf812e2','Myrtie','Parisian',1,0,1,1,NULL,'Praesentium maxime incidunt commodi veritatis est. Rerum ullam maiores architecto officiis doloribus omnis quis nam. Enim quo minima eveniet non voluptas. Sed optio impedit iure sed voluptas quisquam et. Molestiae consequuntur eum dolores doloremque earum est facilis.','Danikaborough'),(17,'shanna.wilkinson@example.com','7233e841f34feb535e68991e640e8f400eded446','Darwin','Bartell',1,0,1,1,NULL,'Quod voluptas provident omnis ratione cum est eos. Tempora voluptatem perspiciatis cumque occaecati nulla voluptatem impedit. Voluptate porro numquam nisi nesciunt. Distinctio nostrum consectetur autem non corporis vitae.','North Alyssonside'),(18,'ajohns@example.org','c7654bb5009838e51de591d18302391512fd9f4e','Alicia','Gibson',1,0,0,1,NULL,'Delectus sed neque assumenda mollitia dolores nihil in quam. Minima ut eos mollitia. Ipsam consequuntur amet consequatur et expedita.','Hoppefurt'),(19,'karolann.grant@example.com','25582e71d8e68b6fa36c9a8ca2607962ec7046ad','Josue','Padberg',1,0,0,1,NULL,'Tempora dolores maiores enim voluptatibus quas numquam. Accusamus cum quia laboriosam beatae dolorem corrupti ut. Eos similique rerum numquam quod libero odit consequuntur explicabo. Odit et omnis et consequatur aut quam.','North Joannyland'),(20,'stehr.josie@example.net','0d47ac92c7bca08f814466e1d09d95024540c77c','Jolie','Green',1,0,1,1,NULL,'Esse rerum in veniam illum consequuntur beatae. Dolores sed et vel. Voluptas officia quia ut voluptatem repellat dolor. Odio quo facilis consectetur ipsum.','Port Flofurt'),(21,'jaskolski.brandt@example.net','a6b4be9f80c0cfbfd0c836d91061c7a7c7faf9b0','Tito','Cremin',1,0,1,1,NULL,'Est eos et voluptatibus itaque fugiat quia porro. Rem deleniti officiis alias at distinctio quae. Assumenda itaque autem eum sit. Reiciendis velit non deserunt ab.','East Dylan'),(22,'adeline.willms@example.org','bb4fc5203a2a848447601e63b9be2394c396edfe','Hallie','Pfeffer',1,0,1,1,NULL,'Sunt veritatis perferendis ut alias occaecati voluptate inventore nihil. Sunt minus porro dolorum omnis eum. Tenetur nihil aut doloribus ratione voluptas. Dolore voluptatum commodi vel consequatur maiores enim repellendus.','Yasmeenstad'),(23,'trever.steuber@example.net','719af13c6c38d660e0783c9da139d0631871d98a','Damon','Turner',1,0,0,1,NULL,'Ea dolor distinctio dolores tenetur doloribus. Molestiae et omnis quasi voluptatem mollitia nihil beatae. Nulla natus soluta voluptatem et delectus dolorem expedita.','East Loubury'),(24,'hattie38@example.net','c25dcfe036d8d319a58b7f5a013e4d5a5f1a51c0','Torrance','Jaskolski',1,0,0,1,NULL,'Voluptatem soluta nesciunt laudantium necessitatibus velit porro natus. Maxime ut necessitatibus modi earum omnis dolor. Illo magni tempora soluta qui dolores accusamus consectetur.','New Terrance'),(25,'vprohaska@example.org','df5e285620f00b2280d750b1bc88903071942fb4','Liliana','Ankunding',1,0,1,1,NULL,'Et animi repellendus consequatur porro et. Optio exercitationem quidem et dolore. Dolorum quia est sed illo neque porro debitis. Voluptas in nobis accusamus aut necessitatibus perferendis suscipit similique.','Port Margretstad'),(26,'billy30@example.com','3b6e4c22de4480b1c8e5666736f677653b961130','Therese','Bednar',1,0,0,1,NULL,'Quam aliquam ut minus dignissimos. Nisi consequatur fuga reiciendis. Magnam velit doloribus eos autem est eaque iure.','Port Felicia'),(27,'sfadel@example.com','e9eef4ed1deeeac1825e9d4ad980d79cb629fbbd','Raymond','Crist',1,0,1,1,NULL,'Dolorem enim nisi fugit ut dolor quae quam. Itaque qui officiis id velit velit dignissimos. Ea quasi quaerat ad numquam eligendi dolor dignissimos. Repellat praesentium dolorem sit.','Lake Gerdahaven'),(28,'uherzog@example.net','0ba99a83cee175b7d8ba33c1b307d20585b2c700','Zoe','Fay',1,0,0,1,NULL,'Est eligendi ea maxime aut. Sit dolores praesentium sunt officiis saepe id ratione. Eveniet praesentium in cupiditate nemo labore et ab. Quaerat pariatur consequatur similique natus nam aut id. Facere praesentium quia quibusdam dolores quisquam numquam quis et.','North Eulabury'),(29,'rath.cydney@example.com','16f008f0a0622695146d4b047c72369d64de82f0','Elyse','Schiller',1,0,0,1,NULL,'Accusantium beatae eaque et. Voluptas ex numquam consequatur doloremque vitae. Illum voluptatum expedita qui et soluta quod enim. Dolore ratione in ea omnis eum id.','Swaniawskibury'),(30,'sgusikowski@example.com','a3d83ccf92a4d6e3dfe592c1b8a6363c84f19e25','Rosella','Kuhic',1,0,0,1,NULL,'Accusamus ut fuga illo iusto sequi aut ex. Vitae nihil molestiae hic est. Ut qui dignissimos facilis tempora quas.','Wintheiserton'),(31,'mzboncak@example.net','dfd03b2d7ead28ca2e3bd81f0311fa04d75bb1f7','Camron','Olson',1,0,1,1,NULL,'Maiores sed veniam non repudiandae dolore. Sit est qui dolorem non. Similique ullam nesciunt debitis. Adipisci blanditiis cum aliquam praesentium nostrum ipsam nobis.','Lake Jarretmouth'),(32,'shanel04@example.net','97e3fe588a1246d82c106640f51112f906e5766e','Elaina','Miller',1,0,1,1,NULL,'Debitis veritatis quos sequi. Laboriosam voluptatibus sit veniam vel sed ex sed et. Cupiditate nobis est tenetur sapiente eveniet. Ut temporibus fugit beatae minima culpa eveniet eum.','East Ozella'),(33,'kcollier@example.org','5d4d0063d7b02187bdee621e1ed070f828cc78c7','Lane','Erdman',1,0,0,1,NULL,'Odit illum inventore ad error. Rerum omnis enim autem perferendis qui et nihil.','Port Isaiahmouth'),(34,'rigoberto60@example.net','1e6f0b5932d491efa1fa353e501fb10c413910ef','Earnestine','Wilderman',1,0,0,1,NULL,'Nulla et earum animi ullam numquam. Nobis nihil a sapiente. Aperiam dolorum facilis aut ut debitis qui.','Wizafurt'),(35,'vstroman@example.com','a0bfb98cfde6e6c51686658be748302442c45cba','Marcelo','Emmerich',1,0,1,1,NULL,'Corrupti autem quaerat optio omnis accusamus consequatur. Eaque facere impedit occaecati voluptatum tempora enim qui. Et magni eum aspernatur tempore. Commodi non a eum asperiores neque.','New Manley'),(36,'luettgen.jameson@example.net','47dd53fef3efe63dfe4d8601afae9072b6b4e3d4','Meaghan','Brakus',1,0,0,1,NULL,'Sapiente porro omnis aperiam id. Voluptatem molestiae veritatis fugit commodi.','Kesslerland'),(37,'raleigh38@example.org','022d8411a5a6058e32b1c09c8de6d124d21bc2d2','Christy','Grimes',1,0,0,1,NULL,'Et sed sapiente magnam asperiores dicta. Alias quos sint corrupti perspiciatis. In possimus impedit at eum et eos. Ipsa deserunt sed labore.','Rempelbury'),(38,'tierra44@example.org','58faad8fb8ea049fa6228f34978f9991ee7debc8','Glen','Goyette',1,0,0,1,NULL,'Cupiditate a saepe asperiores quia quis aut. Eius est voluptates dolorem. Fugiat iste unde ducimus. Minima vel quia adipisci sunt ut laborum.','Gretaborough'),(39,'lonie46@example.org','fcdc2cadd65c534ea842a996ad11902d9ab6510d','Miracle','Kautzer',1,1,0,1,NULL,'Voluptas et quia accusantium aliquid dolorum beatae. Earum nihil assumenda quis vero. Sed odio commodi temporibus libero dolorum. Vero fugiat voluptas et voluptatem omnis. Corporis eos in earum voluptas.','Port Tevin'),(40,'sbahringer@example.com','420e4e9dab1598c2a4a0a3fade7eacf28af92579','Declan','Walter',1,0,0,1,NULL,'Sit natus saepe molestiae voluptatem earum amet. Ea quaerat at voluptas id. Rerum ratione laborum eligendi dolores maxime. Rerum aspernatur aut enim et.','New Antwanborough'),(41,'okuneva.jazmyn@example.org','2fe2af0d4469929660f460fe337e4a6000d44a99','Yasmin','Brakus',1,0,0,1,NULL,'Velit saepe maiores aut ea cumque voluptas illum. Officia nobis est sed aut quasi error aut. Vel error quia cumque non similique ipsam culpa non.','Dangelobury'),(42,'jbailey@example.org','4bfae71d4b576352256c9cc7ea165ba2eda5d9d7','Santiago','Smitham',1,0,0,1,NULL,'Dolorem est autem omnis ipsum occaecati id optio. Tenetur ut cumque sit beatae voluptatem officiis quos. Aspernatur et temporibus similique tempora. Similique est aut non debitis voluptatem. Deserunt tenetur consequatur commodi qui aliquam ea iusto.','Deckowfurt'),(43,'klein.raul@example.net','d6a74d9b21a4090646b18c335cc4b9d8f3770c92','Bernice','Blanda',1,0,0,1,NULL,'Cumque magni vel optio ipsum dolorem exercitationem. Quae enim et optio unde. Consectetur reiciendis illo quae ut.','Hirtheberg'),(44,'dhowell@example.com','b8c461e3cc404ddb96dc003707907938b83eef0c','Desmond','Gleichner',1,0,0,1,NULL,'Iure ut est iure ab non. Et dicta qui aut eaque quibusdam deserunt eaque. Maiores pariatur recusandae ab soluta quisquam saepe unde. Voluptatem quas dolor nobis deleniti rerum est hic.','Marielashire'),(45,'helmer49@example.org','17611347e0ffe5071e55b6906ee5563c5a68544f','Antonetta','Rutherford',1,0,1,1,NULL,'A quis doloribus autem. Pariatur nisi in ut dolores ut. Beatae est distinctio reiciendis eius ipsam quos labore provident. Vero eos cupiditate eveniet sunt quas et. Eum nihil at dolorum ut.','East Clifford'),(46,'cummings.blake@example.org','e62220093c688849995c8c65143db7a4bca5631b','Cesar','Schimmel',1,1,0,1,NULL,'Vel qui fuga iure. Accusantium rerum provident quae velit voluptate qui dolore.','Romainestad'),(47,'lwisoky@example.org','9749bbd34224ace18dc0d8635bfafc1a6ab1afa9','Trisha','Gutmann',1,1,1,1,NULL,'Aliquam facilis eaque ut corrupti repudiandae. Harum ea ab omnis nemo quasi eius. Assumenda eaque expedita nostrum non molestiae tenetur.','North Laneville'),(48,'qdickens@example.net','d8d90283f7881347694cea57384028a8ebbe2edb','Orpha','Nikolaus',1,0,0,1,NULL,'Doloremque ducimus delectus nihil nisi. Enim distinctio quisquam sed velit placeat voluptatem qui. Quaerat excepturi iure illo deleniti ducimus eum.','Gunnartown'),(49,'xokuneva@example.com','9afbe568d2a7fe9d6709c0fcaecf208b6d273fd5','Lawrence','Kautzer',1,0,0,1,NULL,'Labore doloremque magnam dolorum illum amet labore. Vero dolorem voluptatibus consequatur fuga. Deserunt voluptatem sint sint.','East Cletusside'),(50,'satterfield.sydnie@example.com','08e337f53c374e1d5a1e9df0c4a4239cde402a48','Ricardo','Emmerich',1,0,0,1,NULL,'Dolores ut nobis error enim iste officiis. Nostrum aut incidunt dolores placeat. Reiciendis ut fuga harum sit deserunt ut numquam enim.','East Alfonso'),(51,'macejkovic.viviane@example.org','50a11b237161bdb18e1ee55ddd15968c41b44885','Marina','Paucek',1,0,1,1,NULL,'Ut dolores dolor eius optio minus. Voluptatem rerum adipisci dolorem quo. Numquam recusandae est reiciendis veritatis vel impedit dolores nihil.','Boganmouth'),(52,'yo\'keefe@example.org','a3052a591dacefb4d20a428ce099f66e543f2965','Elinor','Fadel',1,0,1,1,NULL,'Et in iste laudantium aut occaecati reiciendis. Voluptatem error quam blanditiis itaque voluptatibus. Et magnam temporibus et dolorem alias. Sed magni voluptatem nobis labore.','Lake Maximoberg'),(53,'msteuber@example.net','1bf0a55a44aeae7ee404233c2b6199a36844bed3','Jodie','O\'Keefe',1,0,0,1,NULL,'Facilis esse repudiandae voluptatem est voluptatum qui vero. Sit aut illo dolor quia. Et maiores voluptates dolores rerum laboriosam. Quae laboriosam qui est nam dolores.','Medhurstborough'),(54,'jacinto.kuhic@example.net','4d0d3e15558002b319e10926917200fedc3a65aa','Kaylah','Wyman',1,0,0,1,NULL,'Cumque tempora sapiente nisi sint eum. Incidunt quam repellendus aut provident doloribus ut ut. Facere aut amet eum neque rerum doloribus quibusdam. Ipsam libero veritatis iure ducimus aut voluptas vero.','Karenview'),(55,'chance.gutmann@example.org','29d8893e070b1a5c77ad442eb88547e4d0a422c0','Taryn','Rohan',1,0,1,1,NULL,'Ad pariatur at mollitia et. Nemo omnis accusantium aperiam expedita officiis rem. Iure rerum aut molestias neque officiis eaque. Dicta dolorem non tenetur a.','Schaeferton'),(56,'hayes.timmothy@example.net','b9e0fe26c66d53a010a95eebaa1dab05ddba7f68','Winfield','Renner',1,1,0,1,NULL,'Ducimus amet est illum et sed in temporibus. Alias minima voluptatem magni recusandae. Ut in vel consequuntur atque quaerat voluptatem.','Orntown'),(57,'rutherford.silas@example.net','b42848a3571ad526a4e76e87bbd2cd633ef602fa','Leilani','Aufderhar',1,1,0,1,NULL,'Suscipit mollitia quasi et illum. Repellat minus libero et. Libero enim nihil ex enim beatae quidem. Id autem at repellendus odit voluptate.','Mullerchester'),(58,'spinka.hermann@example.net','ab417de4866279996b457a7b49152a61a4d9c008','Leonardo','Hegmann',1,0,0,1,NULL,'Consequatur iure similique cupiditate et sunt maxime adipisci. Et dolor corrupti architecto possimus voluptas. Iusto consequatur beatae sunt autem quae est. Dolor eos autem odio ut.','East Hollystad'),(59,'mueller.jacquelyn@example.com','7279911b00dea1d9edeff8c63a41dc431b3b49d0','Bo','Bogan',1,0,1,1,NULL,'Dolore non et rem. Quibusdam voluptatem dolor expedita iste quia repudiandae. Quisquam non provident nulla totam ipsam quia.','Reingerhaven'),(60,'ndickens@example.org','c3487cd1765959514824d4f1284a660d3797f798','Aliya','Sawayn',1,0,0,1,NULL,'Ut vel voluptate autem error sit est. Quis dolorem sapiente et odio occaecati aut. Sapiente consectetur ducimus nihil est et similique tempore.','Ewaldborough'),(61,'myah26@example.com','c568610b3596d082d94345d714542935887ff311','Ursula','Gusikowski',1,0,1,1,NULL,'Veniam voluptatem aut animi sint possimus. Iure facilis quasi suscipit omnis ipsa expedita illo. Velit quasi vero eum autem.','Vitoland'),(62,'laila.ward@example.com','23cfad8534e4aca7b2062e4da7f65183f7c15cbe','Rudy','White',1,0,0,1,NULL,'Enim eaque quaerat dolor illum tempora non. Illum et velit iusto quis. Ut voluptatem dolores reiciendis architecto aliquam quia. Debitis voluptatum facilis voluptas est quia dolore labore. Nihil aut culpa beatae.','South Benton'),(63,'murray.vincenza@example.net','f86c2d3a87c16247d431e8d79f6f26e86bc2069d','Cassidy','Bartoletti',1,0,0,1,NULL,'Molestiae expedita velit labore pariatur velit error iure. Eos nesciunt molestiae at repellat cupiditate atque. Cupiditate et vitae et blanditiis. Quae dolores maiores est vero quia ipsam. Reiciendis culpa sint omnis ea odio non.','North Garthtown'),(64,'hortense79@example.com','fa0f2c3689e62094e6670f97394b36e657c0d788','Meaghan','Bailey',1,0,0,1,NULL,'Voluptatem voluptatem nihil nesciunt autem modi natus. Id reprehenderit et sapiente dolores deserunt debitis porro. Velit eligendi laborum qui reprehenderit rerum quasi qui.','Londonside'),(65,'lillie.senger@example.org','b29ed9f19cc0dcfed8ccc64c82712e13ea52a9e7','Mellie','West',1,0,0,1,NULL,'Et dicta molestias et qui esse sint minima. Sint labore dolores possimus adipisci architecto occaecati ipsum velit. Ut sed aliquid accusamus laborum voluptatem aut exercitationem.','Catalinahaven'),(66,'schinner.mikel@example.org','0bef0aacc5496a550d670a8e38f5bb5ca746ac3a','Gideon','Jerde',1,0,1,1,NULL,'Quo architecto dolore quibusdam aut soluta facere fugit omnis. Aut rerum qui aliquam omnis nihil dignissimos. Illo porro provident odit placeat.','Domenicoview'),(67,'qrice@example.org','b6e756f27d499b847958db26f9de89414c501ace','Kory','Rosenbaum',1,0,0,1,NULL,'Ea rem dolores sapiente esse ab. Quas alias asperiores soluta ducimus et quas. A voluptatum consequuntur architecto at et deleniti. Quo voluptates molestias inventore unde et.','Lake Brycenborough'),(68,'susanna.toy@example.org','c1b310ebcc254494119ca69f6119b1db46e0e16b','Diego','Ruecker',1,1,0,1,NULL,'Quis unde distinctio velit consectetur molestiae nesciunt. Rerum dolores modi doloribus explicabo officiis fuga. Omnis possimus officia placeat nobis quam. Molestias ut dolores eos.','Huelsview'),(69,'ramon.conroy@example.org','abdbdeed1bd7162d4aff53b836d917d9e9e012d1','Jacky','O\'Keefe',1,0,1,1,NULL,'Reprehenderit harum deleniti necessitatibus maxime. Et est eos sint qui quam. Aut qui non accusantium aut.','East Margarettland'),(70,'larkin.brett@example.com','e272ea8e5eaa08951cd460eac5dc0a30121453ad','Willa','Kovacek',1,0,0,1,NULL,'Placeat voluptatem consequatur voluptatem excepturi. Voluptas asperiores consequatur accusantium quis. Et placeat eos cum quaerat facilis quia. Sapiente ut omnis itaque sequi itaque.','Federicomouth'),(71,'qlehner@example.org','f1d753e537840da8a7dc956a17c5f93f3f09822b','Marc','Ratke',1,0,0,1,NULL,'Fugiat et architecto distinctio numquam excepturi molestiae. Ipsam tenetur qui ratione est.','South Terrancefort'),(72,'kiehn.royce@example.com','caf2d7d26daa9163c3061562cdac855681a5dce8','Vickie','Towne',1,0,0,1,NULL,'Ut corrupti et dolor perspiciatis qui. Voluptate omnis totam nemo natus tempore voluptatem. Est et sed iure neque dolor deserunt. Quasi pariatur et rem dolorem doloribus omnis totam.','Wildermanland'),(73,'berniece.heller@example.com','80a1b53a839b787c86a971f4dcfd28e21d37e172','Johnathon','Macejkovic',1,0,1,1,NULL,'Sint omnis dolore sed cumque. Molestiae tempore est qui repellendus dolores. Maiores ullam at velit et quo in.','Russelview'),(74,'emily03@example.org','ec66cbf03d749ed58c4cef4caa8a336aaaec47da','Leta','Kassulke',1,0,1,1,NULL,'A delectus hic accusantium amet maiores. Sit laudantium neque voluptatum voluptatem ipsam delectus fugiat.','Port Nathentown'),(75,'ward.davis@example.org','0733ee1d80eec403a3754042c4cd9026440348b0','Sterling','Rippin',1,0,1,1,NULL,'Minima qui dolorem dolor sapiente assumenda similique. Quidem iure quia error animi. Cupiditate et et voluptatibus est doloribus ut voluptatum. Beatae error pariatur nam odit vel.','East Gaetanofurt'),(76,'rodriguez.gia@example.com','c097670ac2042bbfdf1a96678b9a6a150dca60bb','Darrion','O\'Kon',1,0,1,1,NULL,'Eum culpa ex similique et. Labore iure aut repellat mollitia quidem labore culpa. Nostrum inventore dolor iure omnis totam in.','North Bryce'),(77,'lennie.huel@example.org','992dab331879be7a41773542fe7c8baff999b568','Sheridan','Rowe',1,0,1,1,NULL,'Iure earum dolores modi nihil est. Sequi et qui perferendis assumenda necessitatibus. Fugiat molestias doloribus et in est et. Ut facilis vero exercitationem et rem.','Kinghaven'),(78,'hhoppe@example.net','e6c3f9f4a0493937b42028b5ccb0b1797d9ed9e4','Joana','Fritsch',1,0,1,1,NULL,'Quaerat numquam dolor quia quis. Qui omnis sint ad culpa non aperiam quam ut. Quia aut facere aut. Velit quasi architecto suscipit consequatur aut.','Rohanfort'),(79,'cathryn29@example.net','a2c6105a8da5396a7bd19ba88d3159c94ecb756b','Bell','Conroy',1,0,1,1,NULL,'Alias laborum quo inventore aut unde rerum ipsam. Adipisci voluptatem deserunt tempore eligendi sit.','Jewellmouth'),(80,'hilpert.monica@example.com','7d84733a5e68e5e0671ff7a0bea84ccb4f3bf078','Alva','Vandervort',1,0,1,1,NULL,'Voluptas tempore et voluptas et. In sit porro qui et animi temporibus velit aut. Voluptatum ut est commodi ea. Ea assumenda maxime aut vero architecto. Ipsa laudantium doloremque voluptatem repudiandae praesentium.','Hodkiewiczstad'),(81,'williamson.asha@example.org','a45bab4b86892ecb3a95128e8a2b843a05e03d4a','Seth','Moen',1,0,0,1,NULL,'Molestiae consequatur aspernatur eaque ipsam molestiae. Cupiditate quia et sit aut veniam fugiat sed. Animi maxime quisquam natus ipsum voluptatibus. Quaerat aperiam temporibus reiciendis dolorem voluptatum dolores ipsam.','New Marshall'),(82,'remington.bartoletti@example.net','db64af5b068766737e640aef6389627ed3849d85','Laura','Kunde',1,0,0,1,NULL,'Qui dolor eveniet est itaque. Aliquam iure ea fugiat et iusto et officia repellat. Qui ab sit voluptatum minus voluptatem quis ut. Incidunt molestiae ut voluptas quia corporis. Sunt tenetur neque qui dignissimos voluptatum et aut.','Hintzburgh'),(83,'roslyn.ryan@example.com','9fc0d52e92515677d1008cab4e1367237277fb6b','Gaston','Schuster',1,1,1,1,NULL,'Nam tenetur consequatur ipsum quisquam fuga. Blanditiis et sit ad quibusdam aut temporibus. Atque maxime dolorum aut. Amet perferendis est enim nihil ad sed.','South Randy'),(84,'muller.alf@example.com','1eae415fe0aa6733d1094917a951f9a9f2e819f4','Rozella','Cummings',1,0,0,1,NULL,'Pariatur nemo distinctio sapiente quaerat sint vero totam. Optio est reprehenderit adipisci nemo expedita optio. Dicta et dolores eveniet ut.','Baileymouth'),(85,'rosemary.marquardt@example.org','387c6dfcd1d906e8a6cbfef03ab6500006412598','Darrin','Wolf',1,1,1,1,NULL,'Esse quis velit ratione non temporibus. Suscipit et nemo alias qui doloribus quia. Ratione aspernatur ullam sit eaque unde.','Daphneyfurt'),(86,'hilbert50@example.com','77469fe9071a901566a2e87f8eead6b5bd3667ff','Sibyl','Spencer',1,0,0,1,NULL,'Eum illo et temporibus unde cupiditate ex dignissimos. Id et accusantium officiis sunt voluptatem sit.','Rennershire'),(87,'mae.bayer@example.com','2ba91f4667e0aee4d23ee2ae8a236e40f8cf4d82','Norwood','Feeney',1,1,0,1,NULL,'Est consequatur consequatur doloribus quas atque reprehenderit. Fugit facilis eaque voluptas doloribus qui dolorum commodi. Laboriosam quam sint ea molestias eveniet sit. Aut quasi enim facilis quia officia.','North Gaetano'),(88,'ejacobson@example.net','bdd75c165e4b2fe81f27afcf416560baa1a11a2e','Frances','Glover',1,0,0,1,NULL,'Mollitia nam amet culpa suscipit. Repellendus qui accusantium libero eveniet. Minima alias quas et magni iusto blanditiis temporibus.','East Jaydeport'),(89,'uheidenreich@example.org','1adb6afaff2d0c59180f070a146315062ee880de','Yessenia','Franecki',1,0,1,1,NULL,'Aut libero provident enim quia. Sint voluptatem quod aut suscipit fugit id. Sapiente minima quis sit. Repudiandae totam eos autem harum repudiandae qui velit.','West Callietown'),(90,'miller.langworth@example.net','a172b02c78b605ba4b18694976f1a948e48071e3','Beaulah','Dickens',1,0,0,1,NULL,'At inventore occaecati deserunt quo adipisci. Aspernatur dolorum voluptas deleniti dicta. Molestiae similique porro nam numquam quasi debitis. Inventore aliquam ut debitis et.','Oratown'),(91,'abbott.aglae@example.net','2edfa78d6d8ec6489be74b3e2bfa916edad1d4f2','Dora','Armstrong',1,0,1,1,NULL,'Ipsam illum sit ex ad explicabo provident voluptas. Accusantium sed quaerat vitae. Delectus est delectus reprehenderit aut.','Lake Karelle'),(92,'bhauck@example.com','3a8fa3311c284bd7ccd02751ecbcd5f23c05083d','Brant','Bosco',1,0,1,1,NULL,'Fuga et necessitatibus optio. Sed eos natus aut distinctio quos autem autem assumenda. Omnis est eos sed vitae dolore.','Cullenhaven'),(93,'hickle.yvonne@example.com','7b1ddc34eec1848e190e277fe1d5ec8a9d2afd79','Avery','Wintheiser',1,0,1,1,NULL,'Est aut veritatis nesciunt. Ut et minus necessitatibus. Laboriosam repellendus voluptatem quia. Nostrum rerum explicabo et facilis atque.','Mertzside'),(94,'xmacejkovic@example.com','5bcfd8f11189c0fa16c746abec4df189bde76f93','Ryley','Trantow',1,0,1,1,NULL,'Nihil est eum et explicabo labore earum voluptatum. Ab rerum molestiae aut dolore. Molestiae numquam placeat ut nemo. Consectetur labore recusandae voluptatibus expedita repudiandae distinctio in.','East Madysonborough'),(95,'egibson@example.com','cadff2ff9fd92cfe8b7d1702c3d352e87c0448d3','Gerald','Lindgren',1,1,0,1,NULL,'Recusandae consequuntur consequatur consequuntur cum. Veritatis voluptatem architecto et quia eum aperiam nobis.','Port Josiane'),(96,'vicky.hegmann@example.net','bf24e6c3f2c308bde7af1550a1e94658e875d6ca','Serena','Johns',1,0,1,1,NULL,'Id officia dolores fugit consequatur eaque dicta ipsam. Quas repellendus neque dolor qui aspernatur et perferendis adipisci. Blanditiis ad magnam excepturi rem occaecati aliquam.','Port Glennachester'),(97,'laurence39@example.org','931180af2d276981e496c27167eff0c9d75a8ea3','Erick','Jacobi',1,0,1,1,NULL,'Vitae possimus ut aut incidunt. Eaque sint voluptatem velit est excepturi debitis. Harum quia porro tempore placeat tempora est.','New Brianafurt'),(98,'curt.marks@example.org','c4c0a39896937d6bcfd219905c39bccbbff4283a','Wilber','Schuster',1,0,1,1,NULL,'Qui ut quibusdam architecto asperiores assumenda. Incidunt occaecati omnis corrupti iure perferendis repellendus itaque. Neque laudantium voluptas aperiam inventore. Quam in aliquam molestias dolorum.','North Kian'),(99,'sward@example.com','1b430b40805f12171c9d754215ec05b33ae9ff78','Jaqueline','Treutel',1,0,0,1,NULL,'Sed est nemo magni est. Quos eligendi consequatur commodi earum fugiat perspiciatis nobis alias.','Hyattland'),(100,'vivien33@example.org','b90953205019f7f7015932ed03a595243fc0b5ed','Green','Murazik',1,0,0,1,NULL,'Facere esse et unde alias. Quo autem magnam fugiat. Vero suscipit aut quia autem nihil atque dolor molestiae.','East Jedidiahtown'),(101,'999@gmail.com','$2a$10$WRfHi37xDPoJ2bMAPd4tRuXgttpOs.VpPiN2f3fHHvTOxYd./TrcS','999','999',1,0,1,1,NULL,NULL,NULL),(102,'555@gmail.com','$2a$10$95WEGHwW7b78SY1NKyussekEwa2dq27C6KYH6HT8qQ85eVVc9E4Gi','555','Nguyen',1,0,1,1,NULL,NULL,NULL),(103,'mr.sn5.kma@gmail.com','$2a$10$r0WWIrcQZ/Psi83oeoZmhODgtdNAgJVSIx9Z5nWwhg4k2qz4zVR8a','San','Nguyen',1,0,1,1,NULL,NULL,NULL),(104,'33555@gmail.com','$2a$10$H2E/lscmbcDfs2ot6y/RqOm5SnBNtCREISAUTMYs3Kl2o0i1cPZwO','555','Nguyen',1,0,1,1,NULL,NULL,NULL),(105,'22222@gmail.com','$2a$10$fQAFoNkOlAHHZ/HjsYqGMe09u7dKpLQdPwkbn6SQsXLGJWnAma0/2','San','Nguyen',1,0,1,1,NULL,NULL,NULL),(106,'admin@gmail.com','$2a$10$Z.HMPf/8My1RXowB2IK/B.cKYIqCw9fdUT4cqoBEfOZzVTuIJC3SO','Admin','Admin',1,0,1,2,NULL,NULL,NULL);
/*!40000 ALTER TABLE `user` ENABLE KEYS */;
UNLOCK TABLES;

--
-- Table structure for table `user_achievement`
--

DROP TABLE IF EXISTS `user_achievement`;
/*!40101 SET @saved_cs_client     = @@character_set_client */;
/*!50503 SET character_set_client = utf8mb4 */;
CREATE TABLE `user_achievement` (
  `achievement_id` int(10) unsigned NOT NULL,
  `user_id` int(10) unsigned NOT NULL,
  PRIMARY KEY (`achievement_id`,`user_id`),
  KEY `user_id` (`user_id`),
  CONSTRAINT `user_achievement_ibfk_1` FOREIGN KEY (`user_id`) REFERENCES `user` (`uid`) ON DELETE CASCADE ON UPDATE CASCADE,
  CONSTRAINT `user_achievement_ibfk_2` FOREIGN KEY (`achievement_id`) REFERENCES `achievement` (`uid`) ON DELETE CASCADE ON UPDATE CASCADE
) ENGINE=InnoDB DEFAULT CHARSET=utf8 COLLATE=utf8_unicode_ci;
/*!40101 SET character_set_client = @saved_cs_client */;

--
-- Dumping data for table `user_achievement`
--

LOCK TABLES `user_achievement` WRITE;
/*!40000 ALTER TABLE `user_achievement` DISABLE KEYS */;
/*!40000 ALTER TABLE `user_achievement` ENABLE KEYS */;
UNLOCK TABLES;

--
-- Table structure for table `user_chat_room`
--

DROP TABLE IF EXISTS `user_chat_room`;
/*!40101 SET @saved_cs_client     = @@character_set_client */;
/*!50503 SET character_set_client = utf8mb4 */;
CREATE TABLE `user_chat_room` (
  `room_id` int(10) unsigned NOT NULL,
  `uid` int(10) unsigned NOT NULL,
  PRIMARY KEY (`room_id`,`uid`),
  KEY `uid` (`uid`),
  CONSTRAINT `user_chat_room_ibfk_1` FOREIGN KEY (`room_id`) REFERENCES `chat_room` (`uid`) ON DELETE CASCADE ON UPDATE CASCADE,
  CONSTRAINT `user_chat_room_ibfk_2` FOREIGN KEY (`uid`) REFERENCES `user` (`uid`) ON DELETE CASCADE ON UPDATE CASCADE
) ENGINE=InnoDB DEFAULT CHARSET=utf8 COLLATE=utf8_unicode_ci;
/*!40101 SET character_set_client = @saved_cs_client */;

--
-- Dumping data for table `user_chat_room`
--

LOCK TABLES `user_chat_room` WRITE;
/*!40000 ALTER TABLE `user_chat_room` DISABLE KEYS */;
INSERT INTO `user_chat_room` VALUES (1,3),(1,102);
/*!40000 ALTER TABLE `user_chat_room` ENABLE KEYS */;
UNLOCK TABLES;

--
-- Table structure for table `user_language`
--

DROP TABLE IF EXISTS `user_language`;
/*!40101 SET @saved_cs_client     = @@character_set_client */;
/*!50503 SET character_set_client = utf8mb4 */;
CREATE TABLE `user_language` (
  `user_id` int(10) unsigned NOT NULL,
  `language_id` int(10) unsigned NOT NULL,
  PRIMARY KEY (`user_id`,`language_id`),
  KEY `language_id` (`language_id`),
  CONSTRAINT `user_language_ibfk_1` FOREIGN KEY (`language_id`) REFERENCES `language` (`uid`) ON DELETE CASCADE ON UPDATE CASCADE,
  CONSTRAINT `user_language_ibfk_2` FOREIGN KEY (`user_id`) REFERENCES `user` (`uid`) ON DELETE CASCADE ON UPDATE CASCADE
) ENGINE=InnoDB DEFAULT CHARSET=utf8 COLLATE=utf8_unicode_ci;
/*!40101 SET character_set_client = @saved_cs_client */;

--
-- Dumping data for table `user_language`
--

LOCK TABLES `user_language` WRITE;
/*!40000 ALTER TABLE `user_language` DISABLE KEYS */;
INSERT INTO `user_language` VALUES (2,3),(7,3),(35,3),(46,3),(48,3),(49,3),(57,3),(58,3),(59,3),(86,3),(5,4),(9,4),(41,4),(49,4),(58,4),(60,4),(65,4),(77,4),(8,5),(9,5),(10,5),(12,5),(29,5),(35,5),(41,5),(65,5),(78,5),(90,5),(96,5),(19,6),(47,6),(55,6),(84,6),(1,7),(25,7),(30,7),(39,7),(52,7),(57,7),(61,7),(64,7),(67,7),(70,7),(75,7),(100,7),(7,8),(11,8),(19,8),(20,8),(25,8),(37,8),(56,8),(58,8),(68,8),(77,8),(81,8),(92,8),(94,8),(99,8),(12,9),(16,9),(19,9),(33,9),(40,9),(54,9),(58,9),(67,9),(72,9),(80,9),(92,9),(97,9),(98,9),(9,10),(11,10),(26,10),(35,10),(39,10),(54,10),(64,10),(67,10),(84,10),(89,10);
/*!40000 ALTER TABLE `user_language` ENABLE KEYS */;
UNLOCK TABLES;

--
-- Final view structure for view `avg_rating`
--

/*!50001 DROP VIEW IF EXISTS `avg_rating`*/;
/*!50001 SET @saved_cs_client          = @@character_set_client */;
/*!50001 SET @saved_cs_results         = @@character_set_results */;
/*!50001 SET @saved_col_connection     = @@collation_connection */;
/*!50001 SET character_set_client      = utf8mb4 */;
/*!50001 SET character_set_results     = utf8mb4 */;
/*!50001 SET collation_connection      = utf8mb4_0900_ai_ci */;
/*!50001 CREATE ALGORITHM=UNDEFINED */
/*!50013 DEFINER=`root`@`localhost` SQL SECURITY DEFINER */
/*!50001 VIEW `avg_rating` AS select `user`.`uid` AS `user_id`,(select coalesce(avg(`rating`.`value`),0.0) from `rating` where (`rating`.`rated_user_id` = `user`.`uid`)) AS `value` from `user` */;
/*!50001 SET character_set_client      = @saved_cs_client */;
/*!50001 SET character_set_results     = @saved_cs_results */;
/*!50001 SET collation_connection      = @saved_col_connection */;
/*!40103 SET TIME_ZONE=@OLD_TIME_ZONE */;

/*!40101 SET SQL_MODE=@OLD_SQL_MODE */;
/*!40014 SET FOREIGN_KEY_CHECKS=@OLD_FOREIGN_KEY_CHECKS */;
/*!40014 SET UNIQUE_CHECKS=@OLD_UNIQUE_CHECKS */;
/*!40101 SET CHARACTER_SET_CLIENT=@OLD_CHARACTER_SET_CLIENT */;
/*!40101 SET CHARACTER_SET_RESULTS=@OLD_CHARACTER_SET_RESULTS */;
/*!40101 SET COLLATION_CONNECTION=@OLD_COLLATION_CONNECTION */;
/*!40111 SET SQL_NOTES=@OLD_SQL_NOTES */;

-- Dump completed on 2019-11-06 15:17:29
